2026-08-18 09:05:37 | INFO     | trading_bot.engine   | TREND RIDER PRESCAN: 8 candidates qualified before market open
2026-08-18 09:08:42 | WARNING  | trading_bot.engine   | SLOW CYCLE (194.5s total): update_data=189.8s
2026-08-18 09:08:45 | INFO     | trading_bot.engine   | CRYPTO FAST LANE HEARTBEAT (mean_reversion): universe=42 | WAIT[34]: ADA-USD(weak 3d trend (-2.7%)), ALGO-USD(weak 3d trend (-2.6%)), APT-USD(weak 3d trend (-2.4%)), ARB-USD(weak 3d trend (+0.5%)), ATOM-USD(weak 3d trend (-6.1%)), AVAX-USD(weak 3d trend (-3.9%)), BONK-USD(weak 3d trend (-3.8%)), BTC-USD(needs green bar), DOGE-USD(weak 3d trend (-0.4%)), DOT-USD(weak 3d trend (-6.1%)), ETC-USD(weak 3d trend (-3.4%)), ETH-USD(weak 3d trend (+0.7%)), FET-USD(weak 3d trend (-7.7%)), FLOKI-USD(weak 3d trend (-3.1%)), GRT-USD(weak 3d trend (-5.1%)), HBAR-USD(weak 3d trend (+0.7%)), ICP-USD(weak 3d trend (-1.0%)), IMX-USD(weak 3d trend (-12.0%)), JUP-USD(weak 3d trend (+0.4%)), LINK-USD(weak 3d trend (-0.5%)), LTC-USD(weak 3d trend (+0.8%)), NEAR-USD(weak 3d trend (-2.4%)), OP-USD(weak 3d trend (-4.7%)), PEPE-USD(weak 3d trend (-2.7%)), RNDR-USD(weak 3d trend (+0.0%)), SEI-USD(weak 3d trend (-7.8%)), SHIB-USD(weak 3d trend (-2.2%)), SNX-USD(weak 3d trend (+0.0%)), SOL-USD(needs green bar), SUI-USD(weak 3d trend (-4.5%)), TRX-USD(needs vol>=1.1x), UNI-USD(weak 3d trend (+0.3%)), XLM-USD(weak 3d trend (-3.1%)), XRP-USD(weak 3d trend (-0.4%)) | warming=3 | neutral=2 | no_data=3
2026-08-18 09:08:51 | INFO     | trading_bot.broker.ibkr | IBKR scanner [TOP_PERC_GAIN]: 50 results
2026-08-18 09:08:52 | INFO     | trading_bot.broker.ibkr | IBKR scanner [MOST_ACTIVE]: 30 results
2026-08-18 09:08:53 | INFO     | trading_bot.broker.ibkr | IBKR scanner [HOT_BY_VOLUME]: 30 results
2026-08-18 09:08:54 | INFO     | trading_bot.broker.ibkr | IBKR scanner [HIGH_OPEN_GAP]: 30 results
2026-08-18 09:08:55 | INFO     | trading_bot.broker.ibkr | IBKR scanner [TOP_PERC_LOSE]: 20 results
2026-08-18 09:08:55 | INFO     | trading_bot.engine   | IBKR scanner: 123 unique symbols discovered | 50 gainers, 30 gaps, 20 losers
2026-08-18 09:08:55 | INFO     | trading_bot.engine   | Injected 2 runners into all strategies
2026-08-18 09:08:55 | INFO     | trading_bot.engine   | SYMBOL PRUNE: removed 6 stale symbols across strategies
2026-08-18 09:08:55 | INFO     | trading_bot.engine   | UNIVERSE CAP: working set 90 symbols (trimmed 122 low-priority equity names; max 90)
2026-08-18 09:12:18 | WARNING  | trading_bot.engine   | SLOW CYCLE (206.9s total): update_data=202.0s
2026-08-18 09:12:21 | INFO     | trading_bot.engine   | CRYPTO FAST LANE HEARTBEAT (mean_reversion): universe=42 | WAIT[34]: ADA-USD(weak 3d trend (-2.7%)), ALGO-USD(weak 3d trend (-2.6%)), APT-USD(weak 3d trend (-2.4%)), ARB-USD(weak 3d trend (+0.5%)), ATOM-USD(weak 3d trend (-6.1%)), AVAX-USD(weak 3d trend (-3.8%)), BONK-USD(weak 3d trend (-3.8%)), BTC-USD(needs green bar), DOGE-USD(weak 3d trend (-0.4%)), DOT-USD(weak 3d trend (-6.1%)), ETC-USD(weak 3d trend (-3.4%)), ETH-USD(weak 3d trend (+0.7%)), FET-USD(weak 3d trend (-7.7%)), FLOKI-USD(weak 3d trend (-3.1%)), GRT-USD(weak 3d trend (-5.1%)), HBAR-USD(weak 3d trend (+0.6%)), ICP-USD(weak 3d trend (-1.5%)), IMX-USD(weak 3d trend (-12.0%)), JUP-USD(weak 3d trend (+0.4%)), LINK-USD(weak 3d trend (-0.5%)), LTC-USD(weak 3d trend (+0.8%)), NEAR-USD(weak 3d trend (-2.4%)), OP-USD(weak 3d trend (-4.7%)), PEPE-USD(weak 3d trend (-2.7%)), RNDR-USD(weak 3d trend (-0.2%)), SEI-USD(weak 3d trend (-7.8%)), SHIB-USD(weak 3d trend (-3.1%)), SNX-USD(weak 3d trend (+0.0%)), SOL-USD(needs green bar), SUI-USD(weak 3d trend (-4.5%)), TRX-USD(needs vol>=1.1x), UNI-USD(weak 3d trend (+0.3%)), XLM-USD(weak 3d trend (-2.8%)), XRP-USD(weak 3d trend (-0.4%)) | warming=3 | neutral=2 | no_data=3
2026-08-18 09:12:27 | INFO     | trading_bot.broker.ibkr | IBKR scanner [TOP_PERC_GAIN]: 50 results
2026-08-18 09:12:28 | INFO     | trading_bot.broker.ibkr | IBKR scanner [MOST_ACTIVE]: 30 results
2026-08-18 09:12:29 | INFO     | trading_bot.broker.ibkr | IBKR scanner [HOT_BY_VOLUME]: 30 results
2026-08-18 09:12:30 | INFO     | trading_bot.broker.ibkr | IBKR scanner [HIGH_OPEN_GAP]: 30 results
2026-08-18 09:12:31 | INFO     | trading_bot.broker.ibkr | IBKR scanner [TOP_PERC_LOSE]: 20 results
2026-08-18 09:12:31 | INFO     | trading_bot.engine   | IBKR scanner: 124 unique symbols discovered | 50 gainers, 30 gaps, 20 losers
2026-08-18 09:12:31 | INFO     | trading_bot.engine   | Injected 2 runners into all strategies
2026-08-18 09:12:31 | INFO     | trading_bot.engine   | SYMBOL PRUNE: removed 6 stale symbols across strategies
2026-08-18 09:12:31 | INFO     | trading_bot.engine   | UNIVERSE CAP: working set 90 symbols (trimmed 122 low-priority equity names; max 90)
2026-08-18 09:12:31 | INFO     | trading_bot.data.market_data | Pruned 1 stale IBKR streams — now 47/95
2026-08-18 09:12:31 | INFO     | trading_bot.broker.ibkr | Subscribed to 1 live market data streams
2026-08-18 09:12:31 | INFO     | trading_bot.data.market_data | IBKR streaming active for 48 symbols
2026-08-18 09:15:18 | WARNING  | trading_bot.engine   | SLOW CYCLE (171.2s total): update_data=166.4s
2026-08-18 09:15:21 | INFO     | trading_bot.engine   | CRYPTO FAST LANE HEARTBEAT (mean_reversion): universe=42 | WAIT[34]: ADA-USD(weak 3d trend (-2.6%)), ALGO-USD(weak 3d trend (-2.6%)), APT-USD(weak 3d trend (-2.4%)), ARB-USD(weak 3d trend (+0.5%)), ATOM-USD(weak 3d trend (-6.1%)), AVAX-USD(weak 3d trend (-3.8%)), BONK-USD(weak 3d trend (-3.8%)), BTC-USD(needs vol>=1.1x), DOGE-USD(weak 3d trend (-0.4%)), DOT-USD(weak 3d trend (-6.1%)), ETC-USD(weak 3d trend (-4.0%)), ETH-USD(weak 3d trend (+0.7%)), FET-USD(weak 3d trend (-7.7%)), FLOKI-USD(weak 3d trend (-3.5%)), GRT-USD(weak 3d trend (-5.1%)), HBAR-USD(weak 3d trend (+0.6%)), ICP-USD(weak 3d trend (-1.5%)), IMX-USD(weak 3d trend (-12.0%)), JUP-USD(weak 3d trend (+0.4%)), LINK-USD(weak 3d trend (-0.5%)), LTC-USD(weak 3d trend (+0.8%)), NEAR-USD(weak 3d trend (-2.7%)), OP-USD(weak 3d trend (-4.7%)), PEPE-USD(weak 3d trend (-2.7%)), RNDR-USD(weak 3d trend (-0.2%)), SEI-USD(weak 3d trend (-7.8%)), SHIB-USD(weak 3d trend (-3.1%)), SNX-USD(weak 3d trend (+0.0%)), SOL-USD(needs green bar), SUI-USD(weak 3d trend (-4.6%)), TRX-USD(needs vol>=1.1x), UNI-USD(weak 3d trend (+0.3%)), XLM-USD(weak 3d trend (-2.9%)), XRP-USD(weak 3d trend (-0.4%)) | warming=3 | neutral=2 | no_data=3
2026-08-18 09:15:28 | INFO     | trading_bot.broker.ibkr | IBKR scanner [TOP_PERC_GAIN]: 50 results
2026-08-18 09:15:29 | INFO     | trading_bot.broker.ibkr | IBKR scanner [MOST_ACTIVE]: 30 results
2026-08-18 09:15:29 | INFO     | trading_bot.broker.ibkr | IBKR scanner [HOT_BY_VOLUME]: 30 results
2026-08-18 09:15:30 | INFO     | trading_bot.broker.ibkr | IBKR scanner [HIGH_OPEN_GAP]: 30 results
2026-08-18 09:15:31 | INFO     | trading_bot.broker.ibkr | IBKR scanner [TOP_PERC_LOSE]: 20 results
2026-08-18 09:15:31 | INFO     | trading_bot.engine   | IBKR scanner: 124 unique symbols discovered | 50 gainers, 30 gaps, 20 losers
2026-08-18 09:15:31 | INFO     | trading_bot.engine   | Injected 2 runners into all strategies
2026-08-18 09:15:31 | INFO     | trading_bot.engine   | SYMBOL PRUNE: removed 15 stale symbols across strategies
2026-08-18 09:15:31 | INFO     | trading_bot.engine   | UNIVERSE CAP: working set 90 symbols (trimmed 118 low-priority equity names; max 90)
2026-08-18 09:15:31 | INFO     | trading_bot.data.market_data | Pruned 3 stale IBKR streams — now 45/95
2026-08-18 09:15:32 | INFO     | trading_bot.broker.ibkr | Subscribed to 3 live market data streams
2026-08-18 09:15:32 | INFO     | trading_bot.data.market_data | IBKR streaming active for 48 symbols
2026-08-18 09:18:23 | INFO     | trading_bot.engine   | DATA COVERAGE: 80/90 symbols have bars, 90/90 have prices | IBKR blacklisted: 42
2026-08-18 09:18:24 | WARNING  | trading_bot.engine   | SLOW CYCLE (176.7s total): update_data=172.1s
2026-08-18 09:18:24 | INFO     | trading_bot.engine   | CYCLE #169: regime=sideways | signals=0->approved=0 | positions=0/15 | bars_warm=167/167 | equity_open=True | pm=True pwr_hr=False
2026-08-18 09:18:27 | INFO     | trading_bot.engine   | CRYPTO FAST LANE HEARTBEAT (mean_reversion): universe=42 | WAIT[34]: ADA-USD(weak 3d trend (-2.6%)), ALGO-USD(weak 3d trend (-2.6%)), APT-USD(weak 3d trend (-2.4%)), ARB-USD(weak 3d trend (+0.5%)), ATOM-USD(weak 3d trend (-6.1%)), AVAX-USD(weak 3d trend (-3.8%)), BONK-USD(weak 3d trend (-3.8%)), BTC-USD(needs vol>=1.1x), DOGE-USD(weak 3d trend (-0.4%)), DOT-USD(weak 3d trend (-6.1%)), ETC-USD(weak 3d trend (-4.0%)), ETH-USD(weak 3d trend (+0.8%)), FET-USD(weak 3d trend (-7.7%)), FLOKI-USD(weak 3d trend (-3.5%)), GRT-USD(weak 3d trend (-5.1%)), HBAR-USD(weak 3d trend (+0.4%)), ICP-USD(weak 3d trend (-1.5%)), IMX-USD(weak 3d trend (-12.0%)), JUP-USD(weak 3d trend (+0.4%)), LINK-USD(weak 3d trend (-0.6%)), LTC-USD(weak 3d trend (+0.8%)), NEAR-USD(weak 3d trend (-2.7%)), OP-USD(weak 3d trend (-4.7%)), PEPE-USD(weak 3d trend (-2.7%)), RNDR-USD(weak 3d trend (-0.2%)), SEI-USD(weak 3d trend (-7.8%)), SHIB-USD(weak 3d trend (-3.1%)), SNX-USD(weak 3d trend (+0.0%)), SOL-USD(needs vol>=1.1x), SUI-USD(weak 3d trend (-4.6%)), TRX-USD(needs vol>=1.1x), UNI-USD(weak 3d trend (+0.6%)), XLM-USD(weak 3d trend (-2.8%)), XRP-USD(weak 3d trend (-0.4%)) | warming=3 | neutral=2 | no_data=3
2026-08-18 09:18:33 | INFO     | trading_bot.broker.ibkr | IBKR scanner [TOP_PERC_GAIN]: 50 results
2026-08-18 09:18:34 | INFO     | trading_bot.broker.ibkr | IBKR scanner [MOST_ACTIVE]: 30 results
2026-08-18 09:18:35 | INFO     | trading_bot.broker.ibkr | IBKR scanner [HOT_BY_VOLUME]: 30 results
2026-08-18 09:18:36 | INFO     | trading_bot.broker.ibkr | IBKR scanner [HIGH_OPEN_GAP]: 30 results
2026-08-18 09:18:37 | INFO     | trading_bot.broker.ibkr | IBKR scanner [TOP_PERC_LOSE]: 20 results
2026-08-18 09:18:37 | INFO     | trading_bot.engine   | IBKR scanner: 124 unique symbols discovered | 50 gainers, 30 gaps, 20 losers
2026-08-18 09:18:37 | INFO     | trading_bot.engine   | Injected 2 runners into all strategies
2026-08-18 09:18:37 | INFO     | trading_bot.engine   | SYMBOL PRUNE: removed 9 stale symbols across strategies
2026-08-18 09:18:37 | INFO     | trading_bot.engine   | UNIVERSE CAP: working set 90 symbols (trimmed 120 low-priority equity names; max 90)
2026-08-18 09:18:37 | INFO     | trading_bot.data.market_data | Pruned 1 stale IBKR streams — now 47/95
2026-08-18 09:18:37 | INFO     | trading_bot.broker.ibkr | Subscribed to 1 live market data streams
2026-08-18 09:18:37 | INFO     | trading_bot.data.market_data | IBKR streaming active for 48 symbols
2026-08-18 09:20:43 | INFO     | trading_bot.signals.politician_tracker | Checking for new politician trade disclosures...
2026-08-18 09:21:29 | WARNING  | trading_bot.engine   | SLOW CYCLE (176.9s total): update_data=172.5s
2026-08-18 09:21:33 | INFO     | trading_bot.engine   | CRYPTO FAST LANE HEARTBEAT (mean_reversion): universe=42 | WAIT[34]: ADA-USD(weak 3d trend (-2.6%)), ALGO-USD(weak 3d trend (-2.6%)), APT-USD(weak 3d trend (-2.4%)), ARB-USD(weak 3d trend (+0.5%)), ATOM-USD(weak 3d trend (-6.1%)), AVAX-USD(weak 3d trend (-3.8%)), BONK-USD(weak 3d trend (-3.8%)), BTC-USD(needs vol>=1.1x), DOGE-USD(weak 3d trend (-0.4%)), DOT-USD(weak 3d trend (-6.1%)), ETC-USD(weak 3d trend (-4.0%)), ETH-USD(weak 3d trend (+0.7%)), FET-USD(weak 3d trend (-7.7%)), FLOKI-USD(weak 3d trend (-3.5%)), GRT-USD(weak 3d trend (-5.1%)), HBAR-USD(weak 3d trend (+0.4%)), ICP-USD(weak 3d trend (-1.5%)), IMX-USD(weak 3d trend (-12.0%)), JUP-USD(weak 3d trend (+0.4%)), LINK-USD(weak 3d trend (-0.6%)), LTC-USD(weak 3d trend (+0.8%)), NEAR-USD(weak 3d trend (-2.7%)), OP-USD(weak 3d trend (-4.7%)), PEPE-USD(weak 3d trend (-2.7%)), RNDR-USD(weak 3d trend (-0.2%)), SEI-USD(weak 3d trend (-7.8%)), SHIB-USD(weak 3d trend (-3.1%)), SNX-USD(weak 3d trend (+0.0%)), SOL-USD(weak 3d trend (+1.0%)), SUI-USD(weak 3d trend (-4.6%)), TRX-USD(needs vol>=1.1x), UNI-USD(weak 3d trend (+0.7%)), XLM-USD(weak 3d trend (-2.8%)), XRP-USD(weak 3d trend (-0.4%)) | warming=3 | neutral=2 | no_data=3
2026-08-18 09:21:39 | INFO     | trading_bot.broker.ibkr | IBKR scanner [TOP_PERC_GAIN]: 50 results
2026-08-18 09:21:40 | INFO     | trading_bot.broker.ibkr | IBKR scanner [MOST_ACTIVE]: 30 results
2026-08-18 09:21:41 | INFO     | trading_bot.broker.ibkr | IBKR scanner [HOT_BY_VOLUME]: 30 results
2026-08-18 09:21:42 | INFO     | trading_bot.broker.ibkr | IBKR scanner [HIGH_OPEN_GAP]: 30 results
2026-08-18 09:21:43 | INFO     | trading_bot.broker.ibkr | IBKR scanner [TOP_PERC_LOSE]: 20 results
2026-08-18 09:21:43 | INFO     | trading_bot.engine   | IBKR scanner: 124 unique symbols discovered | 50 gainers, 30 gaps, 20 losers
2026-08-18 09:21:43 | INFO     | trading_bot.engine   | Injected 2 runners into all strategies
2026-08-18 09:21:43 | INFO     | trading_bot.engine   | SYMBOL PRUNE: removed 9 stale symbols across strategies
2026-08-18 09:21:43 | INFO     | trading_bot.engine   | UNIVERSE CAP: working set 90 symbols (trimmed 120 low-priority equity names; max 90)
2026-08-18 09:21:43 | INFO     | trading_bot.data.market_data | Pruned 1 stale IBKR streams — now 47/95
2026-08-18 09:21:43 | INFO     | trading_bot.broker.ibkr | Subscribed to 1 live market data streams
2026-08-18 09:21:43 | INFO     | trading_bot.data.market_data | IBKR streaming active for 48 symbols
2026-08-18 09:24:41 | INFO     | trading_bot.strategy.mean_reversion | SIGNAL: Mean reversion BUY: Z=-1.00, RSI=0, BB=near, Vol=19.2x | TRX-USD @ $0.33
2026-08-18 09:24:41 | INFO     | trading_bot.engine   | SIGNALS GENERATED: 1 signals from strategies
2026-08-18 09:24:41 | INFO     | trading_bot.engine   |   -> mean_reversion: buy TRX-USD @ $0.33 conf=0.77
2026-08-18 09:24:42 | INFO     | trading_bot.risk.manager | REJECTED: buy TRX-USD | Cost gate: edge 8bps < 1.5× cost 42bps (need 63bps)
2026-08-18 09:24:42 | INFO     | trading_bot.notifications | [ALERT] Scanner Cycle: 📡 **[SCANNER]** Scanning 604 symbols
Market: 🟡 SIDEWAYS 
Signals found: 1
  ✅ TRX-USD: score 77/100 — Mean reversion BUY: Z=-1.00, RSI=0, BB=near, Vol=19.2x
Filtered: 1 signals rejected by risk manage
2026-08-18 09:24:42 | WARNING  | trading_bot.engine   | SLOW CYCLE (183.6s total): update_data=178.4s
2026-08-18 09:24:45 | INFO     | trading_bot.engine   | CRYPTO FAST LANE HEARTBEAT (mean_reversion): universe=42 | BUY[1]: TRX-USD(z=-1.0 rsi=0.0 bb=MIDDLE) | WAIT[33]: ADA-USD(weak 3d trend (-2.6%)), ALGO-USD(weak 3d trend (-2.6%)), APT-USD(weak 3d trend (-2.4%)), ARB-USD(weak 3d trend (+0.5%)), ATOM-USD(weak 3d trend (-6.1%)), AVAX-USD(weak 3d trend (-3.8%)), BONK-USD(weak 3d trend (-3.8%)), BTC-USD(needs vol>=1.1x), DOGE-USD(weak 3d trend (-0.4%)), DOT-USD(weak 3d trend (-6.1%)), ETC-USD(weak 3d trend (-4.0%)), ETH-USD(weak 3d trend (+0.8%)), FET-USD(weak 3d trend (-7.7%)), FLOKI-USD(weak 3d trend (-3.5%)), GRT-USD(weak 3d trend (-5.1%)), HBAR-USD(weak 3d trend (+0.4%)), ICP-USD(weak 3d trend (-1.5%)), IMX-USD(weak 3d trend (-12.0%)), JUP-USD(weak 3d trend (+0.4%)), LINK-USD(weak 3d trend (-0.7%)), LTC-USD(weak 3d trend (+0.9%)), NEAR-USD(weak 3d trend (-2.7%)), OP-USD(weak 3d trend (-4.7%)), PEPE-USD(weak 3d trend (-2.7%)), RNDR-USD(weak 3d trend (-0.2%)), SEI-USD(weak 3d trend (-7.8%)), SHIB-USD(weak 3d trend (-3.1%)), SNX-USD(weak 3d trend (+0.0%)), SOL-USD(weak 3d trend (+0.9%)), SUI-USD(weak 3d trend (-4.6%)), UNI-USD(weak 3d trend (+0.9%)), XLM-USD(weak 3d trend (-2.8%)), XRP-USD(weak 3d trend (-0.4%)) | warming=3 | neutral=2 | no_data=3
2026-08-18 09:24:45 | INFO     | trading_bot.strategy.mean_reversion | SIGNAL: Mean reversion BUY: Z=-1.00, RSI=0, BB=near, Vol=19.2x | TRX-USD @ $0.33
2026-08-18 09:24:45 | INFO     | trading_bot.risk.manager | REJECTED: buy TRX-USD | Cost gate: edge 8bps < 1.5× cost 50bps (need 75bps)
2026-08-18 09:24:48 | INFO     | trading_bot.strategy.mean_reversion | SIGNAL: Mean reversion BUY: Z=-1.00, RSI=0, BB=near, Vol=19.2x | TRX-USD @ $0.33
2026-08-18 09:24:48 | INFO     | trading_bot.risk.manager | REJECTED: buy TRX-USD | Cost gate: edge 8bps < 1.5× cost 50bps (need 75bps)
2026-08-18 09:24:51 | INFO     | trading_bot.strategy.mean_reversion | SIGNAL: Mean reversion BUY: Z=-1.00, RSI=0, BB=near, Vol=19.2x | TRX-USD @ $0.33
2026-08-18 09:24:51 | INFO     | trading_bot.risk.manager | REJECTED: buy TRX-USD | Cost gate: edge 8bps < 1.5× cost 50bps (need 75bps)
2026-08-18 09:24:52 | INFO     | trading_bot.broker.ibkr | IBKR scanner [TOP_PERC_GAIN]: 50 results
2026-08-18 09:24:53 | INFO     | trading_bot.broker.ibkr | IBKR scanner [MOST_ACTIVE]: 30 results
2026-08-18 09:24:54 | INFO     | trading_bot.broker.ibkr | IBKR scanner [HOT_BY_VOLUME]: 30 results
2026-08-18 09:24:55 | INFO     | trading_bot.broker.ibkr | IBKR scanner [HIGH_OPEN_GAP]: 30 results
2026-08-18 09:24:56 | INFO     | trading_bot.broker.ibkr | IBKR scanner [TOP_PERC_LOSE]: 20 results
2026-08-18 09:24:56 | INFO     | trading_bot.engine   | IBKR scanner: 123 unique symbols discovered | 50 gainers, 30 gaps, 20 losers
2026-08-18 09:24:56 | INFO     | trading_bot.engine   | Injected 2 runners into all strategies
2026-08-18 09:24:56 | INFO     | trading_bot.engine   | UNIVERSE CAP: working set 90 symbols (trimmed 120 low-priority equity names; max 90)
2026-08-18 09:25:00 | INFO     | trading_bot.engine   | LOW-FLOAT PREOPEN FLUSH: no positions to close
2026-08-18 09:28:17 | WARNING  | trading_bot.engine   | SLOW CYCLE (206.3s total): update_data=201.7s
2026-08-18 09:28:21 | INFO     | trading_bot.engine   | CRYPTO FAST LANE HEARTBEAT (mean_reversion): universe=42 | WAIT[33]: ADA-USD(weak 3d trend (-2.6%)), ALGO-USD(weak 3d trend (-2.6%)), APT-USD(weak 3d trend (-2.4%)), ARB-USD(weak 3d trend (+0.5%)), ATOM-USD(weak 3d trend (-6.1%)), AVAX-USD(weak 3d trend (-3.8%)), BONK-USD(weak 3d trend (-3.8%)), BTC-USD(needs vol>1.3x), DOGE-USD(weak 3d trend (-0.4%)), DOT-USD(weak 3d trend (-6.1%)), ETC-USD(weak 3d trend (-4.0%)), ETH-USD(weak 3d trend (+0.7%)), FET-USD(weak 3d trend (-7.7%)), FLOKI-USD(weak 3d trend (-3.5%)), GRT-USD(weak 3d trend (-5.1%)), HBAR-USD(weak 3d trend (+0.4%)), ICP-USD(weak 3d trend (-1.5%)), IMX-USD(weak 3d trend (-12.0%)), JUP-USD(weak 3d trend (+0.4%)), LINK-USD(weak 3d trend (-0.7%)), LTC-USD(weak 3d trend (+0.9%)), NEAR-USD(weak 3d trend (-2.7%)), OP-USD(weak 3d trend (-4.7%)), PEPE-USD(weak 3d trend (-2.7%)), RNDR-USD(weak 3d trend (-0.2%)), SEI-USD(weak 3d trend (-7.8%)), SHIB-USD(weak 3d trend (-3.1%)), SNX-USD(weak 3d trend (+0.0%)), SOL-USD(weak 3d trend (+0.9%)), SUI-USD(weak 3d trend (-4.6%)), UNI-USD(weak 3d trend (+0.6%)), XLM-USD(weak 3d trend (-2.8%)), XRP-USD(weak 3d trend (-0.4%)) | warming=4 | neutral=2 | no_data=3
2026-08-18 09:28:27 | INFO     | trading_bot.broker.ibkr | IBKR scanner [TOP_PERC_GAIN]: 50 results
2026-08-18 09:28:29 | INFO     | trading_bot.broker.ibkr | IBKR scanner [MOST_ACTIVE]: 30 results
2026-08-18 09:28:30 | INFO     | trading_bot.broker.ibkr | IBKR scanner [HOT_BY_VOLUME]: 30 results
2026-08-18 09:28:30 | INFO     | trading_bot.broker.ibkr | IBKR scanner [HIGH_OPEN_GAP]: 30 results
2026-08-18 09:28:31 | INFO     | trading_bot.broker.ibkr | IBKR scanner [TOP_PERC_LOSE]: 20 results
2026-08-18 09:28:31 | INFO     | trading_bot.engine   | IBKR scanner: 124 unique symbols discovered | 50 gainers, 30 gaps, 20 losers
2026-08-18 09:28:32 | INFO     | trading_bot.engine   | Injected 2 runners into all strategies
2026-08-18 09:28:32 | INFO     | trading_bot.engine   | SYMBOL PRUNE: removed 6 stale symbols across strategies
2026-08-18 09:28:32 | INFO     | trading_bot.engine   | UNIVERSE CAP: working set 90 symbols (trimmed 128 low-priority equity names; max 90)
2026-08-18 09:28:32 | INFO     | trading_bot.data.market_data | Pruned 2 stale IBKR streams — now 46/95
2026-08-18 09:28:32 | INFO     | trading_bot.broker.ibkr | Subscribed to 2 live market data streams
2026-08-18 09:28:32 | INFO     | trading_bot.data.market_data | IBKR streaming active for 48 symbols
2026-08-18 09:31:18 | INFO     | trading_bot.strategy.mean_reversion | SIGNAL: Mean reversion BUY: Z=-4.29, RSI=11, BB=lower, Vol=2.7x | KORU @ $20.12
2026-08-18 09:31:18 | INFO     | trading_bot.strategy.mean_reversion | SIGNAL: Mean reversion BUY: Z=-1.26, RSI=0, BB=near, Vol=1.6x | TRX-USD @ $0.33
2026-08-18 09:31:18 | INFO     | trading_bot.strategy.momentum | SIGNAL: Momentum BUY: EMA cross, ADX=87, breakout>4.75, higher lows, Vol=18.2x | SGLY @ $6.26
2026-08-18 09:31:18 | INFO     | trading_bot.engine   | SIGNALS GENERATED: 3 signals from strategies
2026-08-18 09:31:18 | INFO     | trading_bot.engine   |   -> mean_reversion: buy KORU @ $20.12 conf=1.00
2026-08-18 09:31:18 | INFO     | trading_bot.engine   |   -> mean_reversion: buy TRX-USD @ $0.33 conf=0.81
2026-08-18 09:31:18 | INFO     | trading_bot.engine   |   -> momentum: buy SGLY @ $6.26 conf=1.00
2026-08-18 09:31:18 | INFO     | trading_bot.risk.manager | APPROVED: buy KORU | Mean reversion BUY: Z=-4.29, RSI=11, BB=lower, Vol=2.7x
2026-08-18 09:31:18 | INFO     | trading_bot.risk.manager | REJECTED: buy TRX-USD | Cost gate: edge 10bps < 1.5× cost 111bps (need 167bps)
2026-08-18 09:31:18 | INFO     | trading_bot.risk.manager | APPROVED: buy SGLY | Momentum BUY: EMA cross, ADX=87, breakout>4.75, higher lows, Vol=18.2x
2026-08-18 09:31:18 | INFO     | trading_bot.notifications | [ALERT] Scanner Cycle: 📡 **[SCANNER]** Scanning 628 symbols
Market: 🟡 SIDEWAYS 
Signals found: 3
  ✅ KORU: score 100/100 — Mean reversion BUY: Z=-4.29, RSI=11, BB=lower, Vol=2.7x
  ✅ TRX-USD: score 81/100 — Mean reversion B
2026-08-18 09:31:18 | WARNING  | trading_bot.engine   | SLOW CYCLE (171.8s total): update_data=166.1s, discover=5.1s
2026-08-18 09:31:19 | WARNING  | trading_bot.broker.ibkr | IBKR Error 2119: Market data farm is connecting:usfarm.nj
2026-08-18 09:31:21 | INFO     | trading_bot.engine   | QUALITY GATE SKIP: SGLY — bearish EMA imbalance -0.49
2026-08-18 09:31:24 | INFO     | trading_bot.engine   | CRYPTO FAST LANE HEARTBEAT (mean_reversion): universe=42 | BUY[1]: TRX-USD(z=-1.26 rsi=0.0 bb=MIDDLE) | WAIT[33]: ADA-USD(weak 3d trend (-2.6%)), ALGO-USD(weak 3d trend (-2.6%)), APT-USD(weak 3d trend (-2.4%)), ARB-USD(weak 3d trend (+0.5%)), ATOM-USD(weak 3d trend (-6.1%)), AVAX-USD(weak 3d trend (-3.8%)), BONK-USD(weak 3d trend (-3.8%)), BTC-USD(needs green bar), DOGE-USD(weak 3d trend (-0.4%)), DOT-USD(weak 3d trend (-6.1%)), ETC-USD(weak 3d trend (-4.0%)), ETH-USD(weak 3d trend (+0.7%)), FET-USD(weak 3d trend (-7.7%)), FLOKI-USD(weak 3d trend (-3.5%)), GRT-USD(weak 3d trend (-5.1%)), HBAR-USD(weak 3d trend (+0.4%)), ICP-USD(weak 3d trend (-1.5%)), IMX-USD(weak 3d trend (-12.0%)), JUP-USD(weak 3d trend (+0.4%)), LINK-USD(weak 3d trend (-0.7%)), LTC-USD(weak 3d trend (+0.9%)), NEAR-USD(weak 3d trend (-2.7%)), OP-USD(weak 3d trend (-4.7%)), PEPE-USD(weak 3d trend (-2.7%)), RNDR-USD(weak 3d trend (-0.2%)), SEI-USD(weak 3d trend (-7.8%)), SHIB-USD(weak 3d trend (-2.6%)), SNX-USD(weak 3d trend (+0.0%)), SOL-USD(weak 3d trend (+0.9%)), SUI-USD(weak 3d trend (-4.6%)), UNI-USD(weak 3d trend (+0.7%)), XLM-USD(weak 3d trend (-2.8%)), XRP-USD(weak 3d trend (-0.5%)) | warming=3 | neutral=2 | no_data=3
2026-08-18 09:31:24 | INFO     | trading_bot.strategy.mean_reversion | SIGNAL: Mean reversion BUY: Z=-1.26, RSI=0, BB=near, Vol=1.6x | TRX-USD @ $0.33
2026-08-18 09:31:24 | INFO     | trading_bot.risk.manager | REJECTED: buy TRX-USD | Cost gate: edge 10bps < 1.5× cost 50bps (need 75bps)
2026-08-18 09:31:27 | INFO     | trading_bot.strategy.mean_reversion | SIGNAL: Mean reversion BUY: Z=-1.26, RSI=0, BB=near, Vol=1.6x | TRX-USD @ $0.33
2026-08-18 09:31:27 | INFO     | trading_bot.risk.manager | REJECTED: buy TRX-USD | Cost gate: edge 10bps < 1.5× cost 50bps (need 75bps)
2026-08-18 09:31:29 | WARNING  | trading_bot.broker.ibkr | IBKR Error 2152: Exchanges - Depth: IEX; Top: BYX; AMEX; PEARL; T24X; MEMX; EDGEA; TXSE; CHX; NYSENAT; PSX; LTSE; ISE; DRCTEDGE; Need additional market data permissions - Depth: BATS; NASDAQ; ARCA; BEX; NYSE; Unknown market data permissions - Top: IBEOS; OVERNIGHT; 
2026-08-18 09:31:29 | WARNING  | trading_bot.broker.ibkr | IBKR Error 2152: Exchanges - Top: BYX; AMEX; PEARL; T24X; MEMX; OVERNIGHT; EDGEA; TXSE; CHX; IBEOS; NYSENAT; PSX; LTSE; ISE; DRCTEDGE; Unknown market data permissions - Depth: BATS; NASDAQ; ARCA; BEX; NYSE; IEX; 
2026-08-18 09:31:30 | INFO     | trading_bot.strategy.mean_reversion | SIGNAL: Mean reversion BUY: Z=-1.26, RSI=0, BB=near, Vol=1.6x | TRX-USD @ $0.33
2026-08-18 09:31:30 | INFO     | trading_bot.risk.manager | REJECTED: buy TRX-USD | Cost gate: edge 10bps < 1.5× cost 50bps (need 75bps)
2026-08-18 09:31:30 | WARNING  | trading_bot.broker.ibkr | IBKR Error 2152: Exchanges - Top: BYX; AMEX; PEARL; T24X; MEMX; OVERNIGHT; EDGEA; TXSE; CHX; IBEOS; NYSENAT; PSX; LTSE; ISE; DRCTEDGE; Unknown market data permissions - Depth: BATS; NASDAQ; ARCA; BEX; NYSE; IEX; 
2026-08-18 09:31:31 | INFO     | trading_bot.broker.ibkr | IBKR scanner [TOP_PERC_GAIN]: 50 results
2026-08-18 09:31:32 | INFO     | trading_bot.broker.ibkr | IBKR scanner [MOST_ACTIVE]: 30 results
2026-08-18 09:31:32 | INFO     | trading_bot.broker.ibkr | IBKR scanner [HOT_BY_VOLUME]: 30 results
2026-08-18 09:31:34 | INFO     | trading_bot.broker.ibkr | IBKR scanner [HIGH_OPEN_GAP]: 30 results
2026-08-18 09:31:34 | INFO     | trading_bot.broker.ibkr | IBKR scanner [TOP_PERC_LOSE]: 20 results
2026-08-18 09:31:34 | INFO     | trading_bot.engine   | IBKR scanner: 101 unique symbols discovered | 50 gainers, 3 gaps, 20 losers
2026-08-18 09:31:35 | INFO     | trading_bot.engine   | Injected 1 runners into all strategies
2026-08-18 09:31:35 | INFO     | trading_bot.engine   | UNIVERSE CAP: working set 90 symbols (trimmed 154 low-priority equity names; max 90)
2026-08-18 09:31:35 | INFO     | trading_bot.data.market_data | Pruned 5 stale IBKR streams — now 43/95
2026-08-18 09:31:35 | INFO     | trading_bot.broker.ibkr | Subscribed to 5 live market data streams
2026-08-18 09:31:35 | INFO     | trading_bot.data.market_data | IBKR streaming active for 48 symbols
2026-08-18 09:34:17 | WARNING  | trading_bot.broker.ibkr | IBKR Error 2108: Market data farm connection is inactive but should be available upon demand.usfarm.nj
2026-08-18 09:34:17 | WARNING  | trading_bot.broker.ibkr | IBKR Error 2108: Market data farm connection is inactive but should be available upon demand.usfarm.nj
2026-08-18 09:34:29 | INFO     | trading_bot.engine   | DATA COVERAGE: 83/90 symbols have bars, 90/90 have prices | IBKR blacklisted: 42
2026-08-18 09:34:29 | INFO     | trading_bot.strategy.mean_reversion | SIGNAL: Mean reversion BUY: Z=-4.29, RSI=11, BB=lower, Vol=2.7x | KORU @ $20.12
2026-08-18 09:34:29 | INFO     | trading_bot.strategy.momentum | SIGNAL: Momentum BUY: EMA cross, ADX=100, breakout>10.00, Vol=20.0x | GLFEP @ $10.98
2026-08-18 09:34:29 | INFO     | trading_bot.strategy.momentum | SIGNAL: Momentum BUY: EMA cross, ADX=87, breakout>4.75, higher lows, Vol=19.8x | SGLY @ $6.30
2026-08-18 09:34:29 | INFO     | trading_bot.strategy.momentum | SIGNAL: Momentum BUY: EMA cross, ADX=99, breakout>0.05, Vol=2.9x | STMXF @ $0.51
2026-08-18 09:34:29 | INFO     | trading_bot.engine   | SIGNALS GENERATED: 4 signals from strategies
2026-08-18 09:34:29 | INFO     | trading_bot.engine   |   -> mean_reversion: buy KORU @ $20.12 conf=1.00
2026-08-18 09:34:29 | INFO     | trading_bot.engine   |   -> momentum: buy GLFEP @ $10.98 conf=0.95
2026-08-18 09:34:29 | INFO     | trading_bot.engine   |   -> momentum: buy SGLY @ $6.30 conf=1.00
2026-08-18 09:34:29 | INFO     | trading_bot.engine   |   -> momentum: buy STMXF @ $0.51 conf=0.95
2026-08-18 09:34:29 | INFO     | trading_bot.risk.manager | APPROVED: buy KORU | Mean reversion BUY: Z=-4.29, RSI=11, BB=lower, Vol=2.7x
2026-08-18 09:34:29 | INFO     | trading_bot.risk.manager | APPROVED: buy GLFEP | Momentum BUY: EMA cross, ADX=100, breakout>10.00, Vol=20.0x
2026-08-18 09:34:29 | INFO     | trading_bot.risk.manager | APPROVED: buy SGLY | Momentum BUY: EMA cross, ADX=87, breakout>4.75, higher lows, Vol=19.8x
2026-08-18 09:34:29 | INFO     | trading_bot.risk.manager | APPROVED: buy STMXF | Momentum BUY: EMA cross, ADX=99, breakout>0.05, Vol=2.9x
2026-08-18 09:34:29 | INFO     | trading_bot.engine   | EQUITY MARKET CLOSED: dropped 4 buy signal(s) — KORU, GLFEP, SGLY, STMXF
2026-08-18 09:34:29 | INFO     | trading_bot.notifications | [ALERT] Scanner Cycle: 📡 **[SCANNER]** Scanning 709 symbols
Market: 🟡 SIDEWAYS 
Signals found: 4
  ✅ KORU: score 100/100 — Mean reversion BUY: Z=-4.29, RSI=11, BB=lower, Vol=2.7x
  ✅ GLFEP: score 95/100 — Momentum BUY: EMA 
2026-08-18 09:34:30 | WARNING  | trading_bot.engine   | SLOW CYCLE (180.2s total): update_data=174.8s
2026-08-18 09:34:33 | INFO     | trading_bot.engine   | CRYPTO FAST LANE HEARTBEAT (mean_reversion): universe=42 | WAIT[34]: ADA-USD(weak 3d trend (-2.4%)), ALGO-USD(weak 3d trend (-2.6%)), APT-USD(weak 3d trend (-2.4%)), ARB-USD(weak 3d trend (+0.5%)), ATOM-USD(weak 3d trend (-6.1%)), AVAX-USD(weak 3d trend (-3.8%)), BONK-USD(weak 3d trend (-3.8%)), BTC-USD(needs green bar), DOGE-USD(weak 3d trend (-0.4%)), DOT-USD(weak 3d trend (-6.1%)), ETC-USD(weak 3d trend (-4.0%)), ETH-USD(weak 3d trend (+0.8%)), FET-USD(weak 3d trend (-7.7%)), FLOKI-USD(weak 3d trend (-3.5%)), GRT-USD(weak 3d trend (-5.1%)), HBAR-USD(weak 3d trend (+0.3%)), ICP-USD(weak 3d trend (-1.5%)), IMX-USD(weak 3d trend (-12.0%)), JUP-USD(weak 3d trend (+0.4%)), LINK-USD(weak 3d trend (-0.2%)), LTC-USD(weak 3d trend (+0.9%)), NEAR-USD(weak 3d trend (-2.7%)), OP-USD(weak 3d trend (-4.7%)), PEPE-USD(weak 3d trend (-2.7%)), RNDR-USD(weak 3d trend (-0.2%)), SEI-USD(weak 3d trend (-7.8%)), SHIB-USD(weak 3d trend (-2.6%)), SNX-USD(weak 3d trend (+0.0%)), SOL-USD(weak 3d trend (+0.8%)), SUI-USD(weak 3d trend (-4.6%)), TRX-USD(needs vol>=1.1x), UNI-USD(weak 3d trend (+0.5%)), XLM-USD(weak 3d trend (-2.8%)), XRP-USD(weak 3d trend (-0.6%)) | warming=3 | neutral=2 | no_data=3
2026-08-18 09:34:39 | INFO     | trading_bot.engine   | CRYPTO INJECT: 42 symbols (AAVE-USD, ADA-USD, ALGO-USD, APT-USD, ARB-USD, ATOM-USD, AVAX-USD, BONK-USD, BTC-USD, COMP-USD, CRV-USD, DOGE-USD, DOT-USD, ETC-USD, ETH-USD, FET-USD, FLOKI-USD, GRT-USD, HBAR-USD, ICP-USD, IMX-USD, JUP-USD, LINK-USD, LTC-USD, MATIC-USD, MKR-USD, NEAR-USD, OP-USD, PEPE-USD, RNDR-USD, SEI-USD, SHIB-USD, SNX-USD, SOL-USD, SUI-USD, TIA-USD, TON-USD, TRX-USD, UNI-USD, WIF-USD, XLM-USD, XRP-USD) → mean_reversion(50 dyn), momentum(50 dyn), crypto_runner(42 dyn)
2026-08-18 09:34:40 | INFO     | trading_bot.broker.ibkr | IBKR scanner [TOP_PERC_GAIN]: 50 results
2026-08-18 09:34:41 | INFO     | trading_bot.broker.ibkr | IBKR scanner [MOST_ACTIVE]: 30 results
2026-08-18 09:34:42 | INFO     | trading_bot.broker.ibkr | IBKR scanner [HOT_BY_VOLUME]: 30 results
2026-08-18 09:34:43 | INFO     | trading_bot.broker.ibkr | IBKR scanner [HIGH_OPEN_GAP]: 30 results
2026-08-18 09:34:43 | INFO     | trading_bot.broker.ibkr | IBKR scanner [TOP_PERC_LOSE]: 20 results
2026-08-18 09:34:43 | INFO     | trading_bot.engine   | IBKR scanner: 103 unique symbols discovered | 50 gainers, 3 gaps, 20 losers
2026-08-18 09:34:44 | INFO     | trading_bot.engine   | Injected 1 runners into all strategies
2026-08-18 09:34:44 | INFO     | trading_bot.engine   | SYMBOL PRUNE: removed 3 stale symbols across strategies
2026-08-18 09:34:44 | INFO     | trading_bot.engine   | UNIVERSE CAP: working set 90 symbols (trimmed 173 low-priority equity names; max 90)
2026-08-18 09:34:44 | INFO     | trading_bot.data.market_data | Pruned 2 stale IBKR streams — now 46/95
2026-08-18 09:34:44 | INFO     | trading_bot.broker.ibkr | Subscribed to 2 live market data streams
2026-08-18 09:34:44 | INFO     | trading_bot.data.market_data | IBKR streaming active for 48 symbols
2026-08-18 09:37:41 | INFO     | trading_bot.strategy.momentum | SIGNAL: Momentum BUY: pullback entry, ADX=87, higher lows, Vol=6.0x | SGLY @ $6.19
2026-08-18 09:37:41 | INFO     | trading_bot.strategy.momentum | SIGNAL: Momentum BUY: EMA cross, ADX=57, breakout>4.22, Vol=5.0x | SXTC @ $4.72
2026-08-18 09:37:42 | INFO     | trading_bot.engine   | SIGNALS GENERATED: 2 signals from strategies
2026-08-18 09:37:42 | INFO     | trading_bot.engine   |   -> momentum: buy SGLY @ $6.19 conf=0.85
2026-08-18 09:37:42 | INFO     | trading_bot.engine   |   -> momentum: buy SXTC @ $4.72 conf=0.95
2026-08-18 09:37:42 | INFO     | trading_bot.risk.manager | APPROVED: buy SGLY | Momentum BUY: pullback entry, ADX=87, higher lows, Vol=6.0x
2026-08-18 09:37:42 | INFO     | trading_bot.risk.manager | APPROVED: buy SXTC | Momentum BUY: EMA cross, ADX=57, breakout>4.22, Vol=5.0x
2026-08-18 09:37:42 | INFO     | trading_bot.notifications | [ALERT] Scanner Cycle: 📡 **[SCANNER]** Scanning 766 symbols
Market: 🟡 SIDEWAYS 
Signals found: 2
  ✅ SGLY: score 85/100 — Momentum BUY: pullback entry, ADX=87, higher lows, Vol=6.0x
  ✅ SXTC: score 95/100 — Momentum BUY: EM
2026-08-18 09:37:42 | WARNING  | trading_bot.engine   | SLOW CYCLE (182.7s total): update_data=177.6s
2026-08-18 09:37:42 | INFO     | trading_bot.engine   | CYCLE #175: regime=sideways | signals=2->approved=2 | positions=0/15 | bars_warm=171/171 | equity_open=True | pm=False pwr_hr=False
2026-08-18 09:37:43 | WARNING  | trading_bot.broker.ibkr | IBKR Error 2119: Market data farm is connecting:usfarm.nj
2026-08-18 09:37:43 | INFO     | trading_bot.engine   | PRICE DRIFT: SGLY signal $6.19 → live $6.35 (2.6%) — recalculated stop=$5.85 target=$7.49
2026-08-18 09:37:43 | INFO     | trading_bot.engine   | VOL REGIME: SGLY short=0.0957 long=0.0433 ratio=2.21x → sizing mult 0.76x
2026-08-18 09:37:43 | INFO     | trading_bot.engine   | Slippage tracker loaded (42 samples across 4 strategies)
2026-08-18 09:37:43 | INFO     | trading_bot.engine   | SLIPPAGE DAMPENER: momentum avg=0.641% over 20 fills → sizing mult 0.50x
2026-08-18 09:37:43 | INFO     | trading_bot.risk.position_sizer | ADAPTIVE SIZING: base=1.00% → Kelly[momentum] 0.25x × DD 1.00x × Session 1.00x × Conf 1.50x × Regime 1.00x × Vol 0.76x × Slip 0.50x = 0.25% risk
2026-08-18 09:37:43 | INFO     | trading_bot.risk.position_sizer | Position size: 98 shares @ $6.35 = $622.30 | Risk: $48.77 (0.2% of account) [tier: 5-1000 shares]
2026-08-18 09:37:43 | INFO     | trading_bot.engine   | Executing SGLY via IBKR...
2026-08-18 09:37:44 | INFO     | trading_bot.broker.ibkr | ORDER ROUTING: SGLY → IEX (SMART bypass for Error 2152 / PendingSubmit lock)
2026-08-18 09:37:44 | INFO     | trading_bot.broker.ibkr | BRACKET PARENT → MARKET: SGLY (Error 2152 bypass — will fill at live ask, not LIMIT validation)
2026-08-18 09:37:44 | INFO     | trading_bot.broker.ibkr | Order update: SGLY | Status: PreSubmitted | Filled: 0.0/98.0
2026-08-18 09:37:44 | INFO     | trading_bot.broker.ibkr | Order update: SGLY | Status: PreSubmitted | Filled: 0.0/98.0
2026-08-18 09:37:44 | INFO     | trading_bot.broker.ibkr | Order update: SGLY | Status: Submitted | Filled: 0.0/98.0
2026-08-18 09:37:44 | INFO     | trading_bot.broker.ibkr | Order update: SGLY | Status: Filled | Filled: 98.0/98.0 | AvgPrice: $6.16
2026-08-18 09:37:44 | INFO     | trading_bot.broker.ibkr | Order update: SGLY | Status: PreSubmitted | Filled: 0.0/98.0
2026-08-18 09:37:44 | INFO     | trading_bot.broker.ibkr | Order update: SGLY | Status: PreSubmitted | Filled: 0.0/98.0
2026-08-18 09:37:44 | INFO     | trading_bot.broker.ibkr | Order update: SGLY | Status: Submitted | Filled: 0.0/98.0
2026-08-18 09:37:45 | INFO     | trading_bot.broker.ibkr | BRACKET ORDER placed: BUY 98 SGLY @ LIMIT $6.48 | TP: $7.49 | SL: $5.85 | Parent ID: 1518673
2026-08-18 09:37:45 | INFO     | trading_bot.broker.ibkr | BRACKET FILLED: BUY 98/98 SGLY @ $6.1600 | signal $6.4800 | slippage -4.94% | parent=MARKET
2026-08-18 09:37:45 | INFO     | trading_bot.engine   | BRACKET ORDER active: SGLY | SL: $5.85 | TP: $7.49 (managed by IBKR server-side)
2026-08-18 09:37:45 | INFO     | trading_bot.engine   | FILL PRICE ADJUSTED: SGLY expected $6.35 but filled @ $6.16
2026-08-18 09:37:45 | INFO     | trading_bot.engine   | ORDER BUY SGLY via IBKR | Qty: 98 | Price: $6.16 | Cost: $603.68 | Stop: $5.85 (risk $30.15) | Target: $7.49 (reward $130.39) | R:R 4.3:1 | Strategy: momentum
2026-08-18 09:37:45 | INFO     | trading_bot.notifications | [ALERT] Trade Entry: 🟢 **>>> ENTERING POSITION: SGLY**
```
  Entry: $6.16 x 98 shares = $603.68
  Stop:  $5.85 (-$30.15 | -5.0%)
  Targets: $7.49
  Risk/Reward: 4.3
```
Strategy: **momentum** | Confidence: **85%**
Reason:
2026-08-18 09:37:46 | INFO     | trading_bot.broker.traderspost | TP MIRROR: BUY SGLY qty=98 @ $6.16 → primary webhook (200)
2026-08-18 09:37:46 | INFO     | trading_bot.broker.ibkr | Tick-by-tick active for 1 symbols (every trade print)
2026-08-18 09:37:46 | INFO     | trading_bot.broker.ibkr | 5-sec real-time bars active for 1 symbols
2026-08-18 09:37:47 | INFO     | trading_bot.engine   | SPREAD SIZE-DOWN: SXTC spread 2.6% (price $4.72, tier max 3%) → size 1.00 × 0.72 = 0.72
2026-08-18 09:37:47 | INFO     | trading_bot.engine   | VOL REGIME: SXTC short=0.0521 long=0.0247 ratio=2.11x → sizing mult 0.80x
2026-08-18 09:37:47 | INFO     | trading_bot.engine   | SLIPPAGE DAMPENER: momentum avg=0.499% over 20 fills → sizing mult 0.67x
2026-08-18 09:37:47 | INFO     | trading_bot.risk.position_sizer | ADAPTIVE SIZING: base=1.00% → Kelly[momentum] 0.25x × DD 1.00x × Session 1.00x × Conf 1.50x × Regime 1.00x × Vol 0.80x × Slip 0.67x = 0.25% risk
2026-08-18 09:37:47 | INFO     | trading_bot.risk.position_sizer | Position size: 156 shares @ $4.72 = $736.32 | Risk: $48.94 (0.2% of account) [tier: 10-2000 shares]
2026-08-18 09:37:47 | INFO     | trading_bot.engine   | RUNNER SIZING: SXTC size_mult=72% — reduced from 156 to 111 shares (entry_type=n/a)
2026-08-18 09:37:47 | INFO     | trading_bot.engine   | Executing SXTC via IBKR...
2026-08-18 09:37:48 | INFO     | trading_bot.broker.ibkr | ORDER ROUTING: SXTC → IEX (SMART bypass for Error 2152 / PendingSubmit lock)
2026-08-18 09:37:48 | INFO     | trading_bot.broker.ibkr | BRACKET PARENT → MARKET: SXTC (Error 2152 bypass — will fill at live ask, not LIMIT validation)
2026-08-18 09:37:48 | INFO     | trading_bot.broker.ibkr | Order update: SXTC | Status: Inactive | Filled: 0.0/111.0
2026-08-18 09:37:48 | INFO     | trading_bot.broker.ibkr | Order update: SXTC | Status: Inactive | Filled: 0.0/111.0
2026-08-18 09:37:48 | WARNING  | trading_bot.broker.ibkr | IBKR Error 201: Order rejected - reason:No Trading Permission, Customer Ineligible; Ineligibility reasons:  Other regulatory requirements: Due to regulatory requirements, this product is in closing-only status. You may close existing positions but not open new ones.
2026-08-18 09:37:48 | INFO     | trading_bot.broker.ibkr | Order update: SXTC | Status: Inactive | Filled: 0.0/111.0
2026-08-18 09:37:48 | WARNING  | trading_bot.broker.ibkr | IBKR Error 201: Order rejected - reason:No Trading Permission, Customer Ineligible; Ineligibility reasons:  Other regulatory requirements: Due to regulatory requirements, this product is in closing-only status. You may close existing positions but not open new ones.
2026-08-18 09:37:48 | WARNING  | trading_bot.broker.ibkr | IBKR Error 201: Order rejected - reason:No Trading Permission, Customer Ineligible; Ineligibility reasons:  Other regulatory requirements: Due to regulatory requirements, this product is in closing-only status. You may close existing positions but not open new ones.
2026-08-18 09:37:49 | INFO     | trading_bot.broker.ibkr | BRACKET ORDER placed: BUY 111 SXTC @ LIMIT $4.81 | TP: $5.44 | SL: $4.41 | Parent ID: 1518687
2026-08-18 09:37:49 | WARNING  | trading_bot.broker.ibkr | Bracket order Inactive: SXTC
2026-08-18 09:37:49 | WARNING  | trading_bot.engine   | IBKR order failed for SXTC.
2026-08-18 09:37:49 | ERROR    | trading_bot.engine   | NO EXECUTION PATH AVAILABLE — cannot execute BUY SXTC. Set TRADERSPOST_WEBHOOK_URL in .env (primary execution path), or ensure IBKR is connected (legacy fallback).
2026-08-18 09:37:52 | WARNING  | trading_bot.broker.ibkr | IBKR Error 2152: Exchanges - Depth: IEX; Top: PEARL; NYSENAT; EDGEA; Need additional market data permissions - Depth: NASDAQ; BATS; ARCA; BEX; NYSE; Unknown market data permissions - Top: BYX; TXSE; AMEX; CHX; IBEOS; PSX; T24X; MEMX; OVERNIGHT; LTSE; ISE; DRCTEDGE; 
2026-08-18 09:37:52 | INFO     | trading_bot.engine   | CRYPTO FAST LANE HEARTBEAT (mean_reversion): universe=42 | WAIT[34]: ADA-USD(weak 3d trend (-2.6%)), ALGO-USD(weak 3d trend (-2.6%)), APT-USD(weak 3d trend (-2.4%)), ARB-USD(weak 3d trend (+0.5%)), ATOM-USD(weak 3d trend (-6.1%)), AVAX-USD(weak 3d trend (-3.8%)), BONK-USD(weak 3d trend (-3.8%)), BTC-USD(needs green bar), DOGE-USD(weak 3d trend (-0.4%)), DOT-USD(weak 3d trend (-6.1%)), ETC-USD(weak 3d trend (-4.0%)), ETH-USD(weak 3d trend (+0.6%)), FET-USD(weak 3d trend (-7.7%)), FLOKI-USD(weak 3d trend (-3.5%)), GRT-USD(weak 3d trend (-5.1%)), HBAR-USD(weak 3d trend (+0.3%)), ICP-USD(weak 3d trend (-1.5%)), IMX-USD(weak 3d trend (-12.0%)), JUP-USD(weak 3d trend (+0.4%)), LINK-USD(weak 3d trend (-0.2%)), LTC-USD(weak 3d trend (+0.9%)), NEAR-USD(weak 3d trend (-2.7%)), OP-USD(weak 3d trend (-4.7%)), PEPE-USD(weak 3d trend (-2.7%)), RNDR-USD(weak 3d trend (-0.2%)), SEI-USD(weak 3d trend (-7.8%)), SHIB-USD(weak 3d trend (-2.6%)), SNX-USD(weak 3d trend (+0.0%)), SOL-USD(weak 3d trend (+0.9%)), SUI-USD(weak 3d trend (-4.6%)), TRX-USD(needs vol>=1.1x), UNI-USD(weak 3d trend (+0.3%)), XLM-USD(weak 3d trend (-2.8%)), XRP-USD(weak 3d trend (-0.6%)) | warming=3 | neutral=2 | no_data=3
2026-08-18 09:37:52 | WARNING  | trading_bot.broker.ibkr | IBKR Error 2152: Exchanges - Top: BYX; PEARL; AMEX; T24X; MEMX; EDGEA; TXSE; CHX; NYSENAT; PSX; LTSE; ISE; DRCTEDGE; Unknown market data permissions - Depth: NASDAQ; BATS; ARCA; BEX; NYSE; IEX; Top: IBEOS; OVERNIGHT; 
2026-08-18 09:37:53 | WARNING  | trading_bot.broker.ibkr | IBKR Error 2152: Exchanges - Top: BYX; PEARL; AMEX; T24X; MEMX; EDGEA; TXSE; CHX; NYSENAT; PSX; LTSE; ISE; DRCTEDGE; Unknown market data permissions - Depth: NASDAQ; BATS; ARCA; BEX; NYSE; IEX; Top: IBEOS; OVERNIGHT; 
2026-08-18 09:37:56 | WARNING  | trading_bot.broker.ibkr | IBKR Error 2152: Exchanges - Depth: IEX; Top: PEARL; NYSENAT; LTSE; Need additional market data permissions - Depth: NASDAQ; BATS; ARCA; BEX; NYSE; Unknown market data permissions - Top: BYX; AMEX; TXSE; CHX; IBEOS; PSX; T24X; MEMX; OVERNIGHT; EDGEA; ISE; DRCTEDGE; 
2026-08-18 09:37:56 | WARNING  | trading_bot.broker.ibkr | IBKR Error 2152: Exchanges - Top: BYX; PEARL; AMEX; T24X; MEMX; OVERNIGHT; EDGEA; TXSE; CHX; IBEOS; NYSENAT; PSX; LTSE; ISE; DRCTEDGE; Unknown market data permissions - Depth: NASDAQ; BATS; ARCA; BEX; NYSE; IEX; 
2026-08-18 09:37:57 | WARNING  | trading_bot.broker.ibkr | IBKR Error 2152: Exchanges - Top: BYX; PEARL; AMEX; T24X; MEMX; OVERNIGHT; EDGEA; TXSE; CHX; NYSENAT; IBEOS; PSX; LTSE; ISE; DRCTEDGE; Unknown market data permissions - Depth: NASDAQ; BATS; ARCA; BEX; NYSE; IEX; 
2026-08-18 09:38:00 | INFO     | trading_bot.broker.ibkr | IBKR scanner [TOP_PERC_GAIN]: 49 results
2026-08-18 09:38:01 | INFO     | trading_bot.broker.ibkr | IBKR scanner [MOST_ACTIVE]: 30 results
2026-08-18 09:38:02 | INFO     | trading_bot.broker.ibkr | IBKR scanner [HOT_BY_VOLUME]: 30 results
2026-08-18 09:38:03 | INFO     | trading_bot.broker.ibkr | IBKR scanner [HIGH_OPEN_GAP]: 30 results
2026-08-18 09:38:04 | INFO     | trading_bot.broker.ibkr | IBKR scanner [TOP_PERC_LOSE]: 20 results
2026-08-18 09:38:04 | INFO     | trading_bot.engine   | IBKR scanner: 103 unique symbols discovered | 49 gainers, 4 gaps, 20 losers
2026-08-18 09:38:05 | INFO     | trading_bot.engine   | Injected 1 runners into all strategies
2026-08-18 09:38:05 | INFO     | trading_bot.engine   | SYMBOL PRUNE: removed 6 stale symbols across strategies
2026-08-18 09:38:05 | INFO     | trading_bot.engine   | UNIVERSE CAP: working set 90 symbols (trimmed 181 low-priority equity names; max 90)
2026-08-18 09:38:05 | INFO     | trading_bot.data.market_data | Pruned 3 stale IBKR streams — now 45/95
2026-08-18 09:38:05 | INFO     | trading_bot.broker.ibkr | Subscribed to 3 live market data streams
2026-08-18 09:38:05 | INFO     | trading_bot.data.market_data | IBKR streaming active for 48 symbols
2026-08-18 09:39:51 | INFO     | trading_bot.broker.ibkr | Order update: SGLY | Status: PendingCancel | Filled: 0.0/98.0
2026-08-18 09:39:51 | INFO     | trading_bot.broker.ibkr | Order 1518675 cancelled
2026-08-18 09:39:51 | INFO     | trading_bot.engine   | Cancelled broker stop order for SGLY
2026-08-18 09:39:51 | INFO     | trading_bot.broker.ibkr | Order update: SGLY | Status: PendingCancel | Filled: 0.0/98.0
2026-08-18 09:39:51 | INFO     | trading_bot.broker.ibkr | Order 1518675 cancelled
2026-08-18 09:39:51 | ERROR    | trading_bot.broker.ibkr | Contract qualification failed for SGLY: This event loop is already running
2026-08-18 09:39:51 | ERROR    | trading_bot.engine   | IBKR close order FAILED for SGLY
2026-08-18 09:39:51 | ERROR    | trading_bot.engine   | CLOSE FAILED for SGLY — position stays tracked for retry next cycle. original_broker=IBKR
2026-08-18 09:39:51 | INFO     | trading_bot.broker.ibkr | Order update: SGLY | Status: PendingCancel | Filled: 0.0/98.0
2026-08-18 09:39:51 | INFO     | trading_bot.broker.ibkr | Order update: SGLY | Status: Cancelled | Filled: 0.0/98.0
2026-08-18 09:39:51 | WARNING  | trading_bot.broker.ibkr | IBKR Error 202: Order Canceled - reason:
2026-08-18 09:39:51 | WARNING  | trading_bot.broker.ibkr | Order 1518675 not found
2026-08-18 09:39:51 | INFO     | trading_bot.engine   | Cancelled broker stop order for SGLY
2026-08-18 09:39:51 | WARNING  | trading_bot.broker.ibkr | Order 1518675 not found
2026-08-18 09:39:51 | ERROR    | trading_bot.broker.ibkr | Contract qualification failed for SGLY: This event loop is already running
2026-08-18 09:39:51 | ERROR    | trading_bot.engine   | IBKR close order FAILED for SGLY
2026-08-18 09:39:51 | ERROR    | trading_bot.engine   | CLOSE FAILED for SGLY — position stays tracked for retry next cycle. original_broker=IBKR
2026-08-18 09:39:51 | WARNING  | trading_bot.broker.ibkr | IBKR Error 10148: OrderId 1518675 that needs to be cancelled cannot be cancelled, state: Cancelled.
2026-08-18 09:39:51 | INFO     | trading_bot.broker.ibkr | Order update: SGLY | Status: Cancelled | Filled: 0.0/98.0
2026-08-18 09:39:51 | WARNING  | trading_bot.broker.ibkr | IBKR Error 202: Order Canceled - reason:
2026-08-18 09:39:52 | WARNING  | trading_bot.broker.ibkr | Order 1518675 not found
2026-08-18 09:39:52 | INFO     | trading_bot.engine   | Cancelled broker stop order for SGLY
2026-08-18 09:39:52 | WARNING  | trading_bot.broker.ibkr | Order 1518675 not found
2026-08-18 09:39:52 | ERROR    | trading_bot.broker.ibkr | Contract qualification failed for SGLY: This event loop is already running
2026-08-18 09:39:52 | ERROR    | trading_bot.engine   | IBKR close order FAILED for SGLY
2026-08-18 09:39:52 | ERROR    | trading_bot.engine   | CLOSE FAILED for SGLY — position stays tracked for retry next cycle. original_broker=IBKR
2026-08-18 09:39:52 | WARNING  | trading_bot.broker.ibkr | Order 1518675 not found
2026-08-18 09:39:52 | INFO     | trading_bot.engine   | Cancelled broker stop order for SGLY
2026-08-18 09:39:52 | WARNING  | trading_bot.broker.ibkr | Order 1518675 not found
2026-08-18 09:39:52 | ERROR    | trading_bot.broker.ibkr | Contract qualification failed for SGLY: This event loop is already running
2026-08-18 09:39:52 | ERROR    | trading_bot.engine   | IBKR close order FAILED for SGLY
2026-08-18 09:39:52 | ERROR    | trading_bot.engine   | CLOSE FAILED for SGLY — position stays tracked for retry next cycle. original_broker=IBKR
2026-08-18 09:39:52 | WARNING  | trading_bot.broker.ibkr | Order 1518675 not found
2026-08-18 09:39:52 | INFO     | trading_bot.engine   | Cancelled broker stop order for SGLY
2026-08-18 09:39:52 | WARNING  | trading_bot.broker.ibkr | Order 1518675 not found
2026-08-18 09:39:52 | ERROR    | trading_bot.broker.ibkr | Contract qualification failed for SGLY: This event loop is already running
2026-08-18 09:39:52 | ERROR    | trading_bot.engine   | IBKR close order FAILED for SGLY
2026-08-18 09:39:52 | ERROR    | trading_bot.engine   | CLOSE FAILED for SGLY — position stays tracked for retry next cycle. original_broker=IBKR
2026-08-18 09:39:52 | WARNING  | trading_bot.broker.ibkr | Order 1518675 not found
2026-08-18 09:39:52 | INFO     | trading_bot.engine   | Cancelled broker stop order for SGLY
2026-08-18 09:39:52 | WARNING  | trading_bot.broker.ibkr | Order 1518675 not found
2026-08-18 09:39:52 | ERROR    | trading_bot.broker.ibkr | Contract qualification failed for SGLY: This event loop is already running
2026-08-18 09:39:52 | ERROR    | trading_bot.engine   | IBKR close order FAILED for SGLY
2026-08-18 09:39:52 | ERROR    | trading_bot.engine   | CLOSE FAILED for SGLY — position stays tracked for retry next cycle. original_broker=IBKR
2026-08-18 09:39:52 | WARNING  | trading_bot.broker.ibkr | Order 1518675 not found
2026-08-18 09:39:52 | INFO     | trading_bot.engine   | Cancelled broker stop order for SGLY
2026-08-18 09:39:52 | WARNING  | trading_bot.broker.ibkr | Order 1518675 not found
2026-08-18 09:39:52 | ERROR    | trading_bot.broker.ibkr | Contract qualification failed for SGLY: This event loop is already running
2026-08-18 09:39:52 | ERROR    | trading_bot.engine   | IBKR close order FAILED for SGLY
2026-08-18 09:39:52 | ERROR    | trading_bot.engine   | CLOSE FAILED for SGLY — position stays tracked for retry next cycle. original_broker=IBKR
2026-08-18 09:39:52 | WARNING  | trading_bot.broker.ibkr | Order 1518675 not found
2026-08-18 09:39:52 | INFO     | trading_bot.engine   | Cancelled broker stop order for SGLY
2026-08-18 09:39:52 | WARNING  | trading_bot.broker.ibkr | Order 1518675 not found
2026-08-18 09:39:52 | ERROR    | trading_bot.broker.ibkr | Contract qualification failed for SGLY: This event loop is already running
2026-08-18 09:39:52 | ERROR    | trading_bot.engine   | IBKR close order FAILED for SGLY
2026-08-18 09:39:52 | ERROR    | trading_bot.engine   | CLOSE FAILED for SGLY — position stays tracked for retry next cycle. original_broker=IBKR
2026-08-18 09:39:52 | WARNING  | trading_bot.broker.ibkr | Order 1518675 not found
2026-08-18 09:39:52 | INFO     | trading_bot.engine   | Cancelled broker stop order for SGLY
2026-08-18 09:39:52 | WARNING  | trading_bot.broker.ibkr | Order 1518675 not found
2026-08-18 09:39:52 | ERROR    | trading_bot.broker.ibkr | Contract qualification failed for SGLY: This event loop is already running
2026-08-18 09:39:52 | ERROR    | trading_bot.engine   | IBKR close order FAILED for SGLY
2026-08-18 09:39:52 | ERROR    | trading_bot.engine   | CLOSE FAILED for SGLY — position stays tracked for retry next cycle. original_broker=IBKR
2026-08-18 09:39:52 | WARNING  | trading_bot.broker.ibkr | Order 1518675 not found
2026-08-18 09:39:52 | INFO     | trading_bot.engine   | Cancelled broker stop order for SGLY
2026-08-18 09:39:52 | WARNING  | trading_bot.broker.ibkr | Order 1518675 not found
2026-08-18 09:39:52 | ERROR    | trading_bot.broker.ibkr | Contract qualification failed for SGLY: This event loop is already running
2026-08-18 09:39:52 | ERROR    | trading_bot.engine   | IBKR close order FAILED for SGLY
2026-08-18 09:39:52 | ERROR    | trading_bot.engine   | CLOSE FAILED for SGLY — position stays tracked for retry next cycle. original_broker=IBKR
2026-08-18 09:39:53 | WARNING  | trading_bot.broker.ibkr | Order 1518675 not found
2026-08-18 09:39:53 | INFO     | trading_bot.engine   | Cancelled broker stop order for SGLY
2026-08-18 09:39:53 | WARNING  | trading_bot.broker.ibkr | Order 1518675 not found
2026-08-18 09:39:53 | ERROR    | trading_bot.broker.ibkr | Contract qualification failed for SGLY: This event loop is already running
2026-08-18 09:39:53 | ERROR    | trading_bot.engine   | IBKR close order FAILED for SGLY
2026-08-18 09:39:53 | ERROR    | trading_bot.engine   | CLOSE FAILED for SGLY — position stays tracked for retry next cycle. original_broker=IBKR
2026-08-18 09:39:53 | WARNING  | trading_bot.broker.ibkr | Order 1518675 not found
2026-08-18 09:39:53 | INFO     | trading_bot.engine   | Cancelled broker stop order for SGLY
2026-08-18 09:39:53 | WARNING  | trading_bot.broker.ibkr | Order 1518675 not found
2026-08-18 09:39:53 | ERROR    | trading_bot.broker.ibkr | Contract qualification failed for SGLY: This event loop is already running
2026-08-18 09:39:53 | ERROR    | trading_bot.engine   | IBKR close order FAILED for SGLY
2026-08-18 09:39:53 | ERROR    | trading_bot.engine   | CLOSE FAILED for SGLY — position stays tracked for retry next cycle. original_broker=IBKR
2026-08-18 09:39:53 | WARNING  | trading_bot.broker.ibkr | Order 1518675 not found
2026-08-18 09:39:53 | INFO     | trading_bot.engine   | Cancelled broker stop order for SGLY
2026-08-18 09:39:53 | WARNING  | trading_bot.broker.ibkr | Order 1518675 not found
2026-08-18 09:39:53 | ERROR    | trading_bot.broker.ibkr | Contract qualification failed for SGLY: This event loop is already running
2026-08-18 09:39:53 | ERROR    | trading_bot.engine   | IBKR close order FAILED for SGLY
2026-08-18 09:39:53 | ERROR    | trading_bot.engine   | CLOSE FAILED for SGLY — position stays tracked for retry next cycle. original_broker=IBKR
2026-08-18 09:39:53 | WARNING  | trading_bot.broker.ibkr | Order 1518675 not found
2026-08-18 09:39:53 | INFO     | trading_bot.engine   | Cancelled broker stop order for SGLY
2026-08-18 09:39:53 | WARNING  | trading_bot.broker.ibkr | Order 1518675 not found
2026-08-18 09:39:53 | ERROR    | trading_bot.broker.ibkr | Contract qualification failed for SGLY: This event loop is already running
2026-08-18 09:39:53 | ERROR    | trading_bot.engine   | IBKR close order FAILED for SGLY
2026-08-18 09:39:53 | ERROR    | trading_bot.engine   | CLOSE FAILED for SGLY — position stays tracked for retry next cycle. original_broker=IBKR
2026-08-18 09:39:53 | WARNING  | trading_bot.broker.ibkr | Order 1518675 not found
2026-08-18 09:39:53 | INFO     | trading_bot.engine   | Cancelled broker stop order for SGLY
2026-08-18 09:39:53 | WARNING  | trading_bot.broker.ibkr | Order 1518675 not found
2026-08-18 09:39:53 | ERROR    | trading_bot.broker.ibkr | Contract qualification failed for SGLY: This event loop is already running
2026-08-18 09:39:53 | ERROR    | trading_bot.engine   | IBKR close order FAILED for SGLY
2026-08-18 09:39:53 | ERROR    | trading_bot.engine   | CLOSE FAILED for SGLY — position stays tracked for retry next cycle. original_broker=IBKR
2026-08-18 09:39:53 | WARNING  | trading_bot.broker.ibkr | Order 1518675 not found
2026-08-18 09:39:53 | INFO     | trading_bot.engine   | Cancelled broker stop order for SGLY
2026-08-18 09:39:53 | WARNING  | trading_bot.broker.ibkr | Order 1518675 not found
2026-08-18 09:39:53 | ERROR    | trading_bot.broker.ibkr | Contract qualification failed for SGLY: This event loop is already running
2026-08-18 09:39:53 | ERROR    | trading_bot.engine   | IBKR close order FAILED for SGLY
2026-08-18 09:39:53 | ERROR    | trading_bot.engine   | CLOSE FAILED for SGLY — position stays tracked for retry next cycle. original_broker=IBKR
2026-08-18 09:39:54 | WARNING  | trading_bot.broker.ibkr | Order 1518675 not found
2026-08-18 09:39:54 | INFO     | trading_bot.engine   | Cancelled broker stop order for SGLY
2026-08-18 09:39:54 | WARNING  | trading_bot.broker.ibkr | Order 1518675 not found
2026-08-18 09:39:54 | ERROR    | trading_bot.broker.ibkr | Contract qualification failed for SGLY: This event loop is already running
2026-08-18 09:39:54 | ERROR    | trading_bot.engine   | IBKR close order FAILED for SGLY
2026-08-18 09:39:54 | ERROR    | trading_bot.engine   | CLOSE FAILED for SGLY — position stays tracked for retry next cycle. original_broker=IBKR
2026-08-18 09:39:54 | WARNING  | trading_bot.broker.ibkr | Order 1518675 not found
2026-08-18 09:39:54 | INFO     | trading_bot.engine   | Cancelled broker stop order for SGLY
2026-08-18 09:39:54 | WARNING  | trading_bot.broker.ibkr | Order 1518675 not found
2026-08-18 09:39:54 | ERROR    | trading_bot.broker.ibkr | Contract qualification failed for SGLY: This event loop is already running
2026-08-18 09:39:54 | ERROR    | trading_bot.engine   | IBKR close order FAILED for SGLY
2026-08-18 09:39:54 | ERROR    | trading_bot.engine   | CLOSE FAILED for SGLY — position stays tracked for retry next cycle. original_broker=IBKR
2026-08-18 09:39:54 | WARNING  | trading_bot.broker.ibkr | Order 1518675 not found
2026-08-18 09:39:54 | INFO     | trading_bot.engine   | Cancelled broker stop order for SGLY
2026-08-18 09:39:54 | WARNING  | trading_bot.broker.ibkr | Order 1518675 not found
2026-08-18 09:39:54 | ERROR    | trading_bot.broker.ibkr | Contract qualification failed for SGLY: This event loop is already running
2026-08-18 09:39:54 | ERROR    | trading_bot.engine   | IBKR close order FAILED for SGLY
2026-08-18 09:39:54 | ERROR    | trading_bot.engine   | CLOSE FAILED for SGLY — position stays tracked for retry next cycle. original_broker=IBKR
2026-08-18 09:39:54 | WARNING  | trading_bot.broker.ibkr | Order 1518675 not found
2026-08-18 09:39:54 | INFO     | trading_bot.engine   | Cancelled broker stop order for SGLY
2026-08-18 09:39:54 | WARNING  | trading_bot.broker.ibkr | Order 1518675 not found
2026-08-18 09:39:54 | ERROR    | trading_bot.broker.ibkr | Contract qualification failed for SGLY: This event loop is already running
2026-08-18 09:39:54 | ERROR    | trading_bot.engine   | IBKR close order FAILED for SGLY
2026-08-18 09:39:54 | ERROR    | trading_bot.engine   | CLOSE FAILED for SGLY — position stays tracked for retry next cycle. original_broker=IBKR
2026-08-18 09:39:54 | WARNING  | trading_bot.broker.ibkr | Order 1518675 not found
2026-08-18 09:39:54 | INFO     | trading_bot.engine   | Cancelled broker stop order for SGLY
2026-08-18 09:39:54 | WARNING  | trading_bot.broker.ibkr | Order 1518675 not found
2026-08-18 09:39:54 | ERROR    | trading_bot.broker.ibkr | Contract qualification failed for SGLY: This event loop is already running
2026-08-18 09:39:54 | ERROR    | trading_bot.engine   | IBKR close order FAILED for SGLY
2026-08-18 09:39:54 | ERROR    | trading_bot.engine   | CLOSE FAILED for SGLY — position stays tracked for retry next cycle. original_broker=IBKR
2026-08-18 09:39:54 | WARNING  | trading_bot.broker.ibkr | Order 1518675 not found
2026-08-18 09:39:54 | INFO     | trading_bot.engine   | Cancelled broker stop order for SGLY
2026-08-18 09:39:54 | WARNING  | trading_bot.broker.ibkr | Order 1518675 not found
2026-08-18 09:39:54 | ERROR    | trading_bot.broker.ibkr | Contract qualification failed for SGLY: This event loop is already running
2026-08-18 09:39:54 | ERROR    | trading_bot.engine   | IBKR close order FAILED for SGLY
2026-08-18 09:39:54 | ERROR    | trading_bot.engine   | CLOSE FAILED for SGLY — position stays tracked for retry next cycle. original_broker=IBKR
2026-08-18 09:39:54 | WARNING  | trading_bot.broker.ibkr | Order 1518675 not found
2026-08-18 09:39:54 | INFO     | trading_bot.engine   | Cancelled broker stop order for SGLY
2026-08-18 09:39:54 | WARNING  | trading_bot.broker.ibkr | Order 1518675 not found
2026-08-18 09:39:54 | ERROR    | trading_bot.broker.ibkr | Contract qualification failed for SGLY: This event loop is already running
2026-08-18 09:39:54 | ERROR    | trading_bot.engine   | IBKR close order FAILED for SGLY
2026-08-18 09:39:54 | ERROR    | trading_bot.engine   | CLOSE FAILED for SGLY — position stays tracked for retry next cycle. original_broker=IBKR
2026-08-18 09:39:54 | WARNING  | trading_bot.broker.ibkr | Order 1518675 not found
2026-08-18 09:39:54 | INFO     | trading_bot.engine   | Cancelled broker stop order for SGLY
2026-08-18 09:39:54 | WARNING  | trading_bot.broker.ibkr | Order 1518675 not found
2026-08-18 09:39:54 | ERROR    | trading_bot.broker.ibkr | Contract qualification failed for SGLY: This event loop is already running
2026-08-18 09:39:54 | ERROR    | trading_bot.engine   | IBKR close order FAILED for SGLY
2026-08-18 09:39:54 | ERROR    | trading_bot.engine   | CLOSE FAILED for SGLY — position stays tracked for retry next cycle. original_broker=IBKR
2026-08-18 09:39:55 | WARNING  | trading_bot.broker.ibkr | Order 1518675 not found
2026-08-18 09:39:55 | INFO     | trading_bot.engine   | Cancelled broker stop order for SGLY
2026-08-18 09:39:55 | WARNING  | trading_bot.broker.ibkr | Order 1518675 not found
2026-08-18 09:39:55 | ERROR    | trading_bot.broker.ibkr | Contract qualification failed for SGLY: This event loop is already running
2026-08-18 09:39:55 | ERROR    | trading_bot.engine   | IBKR close order FAILED for SGLY
2026-08-18 09:39:55 | ERROR    | trading_bot.engine   | CLOSE FAILED for SGLY — position stays tracked for retry next cycle. original_broker=IBKR
2026-08-18 09:39:55 | WARNING  | trading_bot.broker.ibkr | Order 1518675 not found
2026-08-18 09:39:55 | INFO     | trading_bot.engine   | Cancelled broker stop order for SGLY
2026-08-18 09:39:55 | WARNING  | trading_bot.broker.ibkr | Order 1518675 not found
2026-08-18 09:39:55 | ERROR    | trading_bot.broker.ibkr | Contract qualification failed for SGLY: This event loop is already running
2026-08-18 09:39:55 | ERROR    | trading_bot.engine   | IBKR close order FAILED for SGLY
2026-08-18 09:39:55 | ERROR    | trading_bot.engine   | CLOSE FAILED for SGLY — position stays tracked for retry next cycle. original_broker=IBKR
2026-08-18 09:39:55 | WARNING  | trading_bot.broker.ibkr | Order 1518675 not found
2026-08-18 09:39:55 | INFO     | trading_bot.engine   | Cancelled broker stop order for SGLY
2026-08-18 09:39:55 | WARNING  | trading_bot.broker.ibkr | Order 1518675 not found
2026-08-18 09:39:55 | ERROR    | trading_bot.broker.ibkr | Contract qualification failed for SGLY: This event loop is already running
2026-08-18 09:39:55 | ERROR    | trading_bot.engine   | IBKR close order FAILED for SGLY
2026-08-18 09:39:55 | ERROR    | trading_bot.engine   | CLOSE FAILED for SGLY — position stays tracked for retry next cycle. original_broker=IBKR
2026-08-18 09:39:55 | WARNING  | trading_bot.broker.ibkr | Order 1518675 not found
2026-08-18 09:39:55 | INFO     | trading_bot.engine   | Cancelled broker stop order for SGLY
2026-08-18 09:39:55 | WARNING  | trading_bot.broker.ibkr | Order 1518675 not found
2026-08-18 09:39:55 | ERROR    | trading_bot.broker.ibkr | Contract qualification failed for SGLY: This event loop is already running
2026-08-18 09:39:55 | ERROR    | trading_bot.engine   | IBKR close order FAILED for SGLY
2026-08-18 09:39:55 | ERROR    | trading_bot.engine   | CLOSE FAILED for SGLY — position stays tracked for retry next cycle. original_broker=IBKR
2026-08-18 09:39:55 | WARNING  | trading_bot.broker.ibkr | Order 1518675 not found
2026-08-18 09:39:55 | INFO     | trading_bot.engine   | Cancelled broker stop order for SGLY
2026-08-18 09:39:55 | WARNING  | trading_bot.broker.ibkr | Order 1518675 not found
2026-08-18 09:39:55 | ERROR    | trading_bot.broker.ibkr | Contract qualification failed for SGLY: This event loop is already running
2026-08-18 09:39:55 | ERROR    | trading_bot.engine   | IBKR close order FAILED for SGLY
2026-08-18 09:39:55 | ERROR    | trading_bot.engine   | CLOSE FAILED for SGLY — position stays tracked for retry next cycle. original_broker=IBKR
2026-08-18 09:39:56 | WARNING  | trading_bot.broker.ibkr | Order 1518675 not found
2026-08-18 09:39:56 | INFO     | trading_bot.engine   | Cancelled broker stop order for SGLY
2026-08-18 09:39:56 | WARNING  | trading_bot.broker.ibkr | Order 1518675 not found
2026-08-18 09:39:56 | ERROR    | trading_bot.broker.ibkr | Contract qualification failed for SGLY: This event loop is already running
2026-08-18 09:39:56 | ERROR    | trading_bot.engine   | IBKR close order FAILED for SGLY
2026-08-18 09:39:56 | ERROR    | trading_bot.engine   | CLOSE FAILED for SGLY — position stays tracked for retry next cycle. original_broker=IBKR
2026-08-18 09:39:56 | WARNING  | trading_bot.broker.ibkr | Order 1518675 not found
2026-08-18 09:39:56 | INFO     | trading_bot.engine   | Cancelled broker stop order for SGLY
2026-08-18 09:39:56 | WARNING  | trading_bot.broker.ibkr | Order 1518675 not found
2026-08-18 09:39:56 | ERROR    | trading_bot.broker.ibkr | Contract qualification failed for SGLY: This event loop is already running
2026-08-18 09:39:56 | ERROR    | trading_bot.engine   | IBKR close order FAILED for SGLY
2026-08-18 09:39:56 | ERROR    | trading_bot.engine   | CLOSE FAILED for SGLY — position stays tracked for retry next cycle. original_broker=IBKR
2026-08-18 09:39:56 | WARNING  | trading_bot.broker.ibkr | Order 1518675 not found
2026-08-18 09:39:56 | INFO     | trading_bot.engine   | Cancelled broker stop order for SGLY
2026-08-18 09:39:56 | WARNING  | trading_bot.broker.ibkr | Order 1518675 not found
2026-08-18 09:39:56 | ERROR    | trading_bot.broker.ibkr | Contract qualification failed for SGLY: This event loop is already running
2026-08-18 09:39:56 | ERROR    | trading_bot.engine   | IBKR close order FAILED for SGLY
2026-08-18 09:39:56 | ERROR    | trading_bot.engine   | CLOSE FAILED for SGLY — position stays tracked for retry next cycle. original_broker=IBKR
2026-08-18 09:39:56 | WARNING  | trading_bot.broker.ibkr | Order 1518675 not found
2026-08-18 09:39:56 | INFO     | trading_bot.engine   | Cancelled broker stop order for SGLY
2026-08-18 09:39:56 | WARNING  | trading_bot.broker.ibkr | Order 1518675 not found
2026-08-18 09:39:56 | ERROR    | trading_bot.broker.ibkr | Contract qualification failed for SGLY: This event loop is already running
2026-08-18 09:39:56 | ERROR    | trading_bot.engine   | IBKR close order FAILED for SGLY
2026-08-18 09:39:56 | ERROR    | trading_bot.engine   | CLOSE FAILED for SGLY — position stays tracked for retry next cycle. original_broker=IBKR
2026-08-18 09:39:56 | WARNING  | trading_bot.broker.ibkr | Order 1518675 not found
2026-08-18 09:39:56 | INFO     | trading_bot.engine   | Cancelled broker stop order for SGLY
2026-08-18 09:39:56 | WARNING  | trading_bot.broker.ibkr | Order 1518675 not found
2026-08-18 09:39:56 | ERROR    | trading_bot.broker.ibkr | Contract qualification failed for SGLY: This event loop is already running
2026-08-18 09:39:56 | ERROR    | trading_bot.engine   | IBKR close order FAILED for SGLY
2026-08-18 09:39:56 | ERROR    | trading_bot.engine   | CLOSE FAILED for SGLY — position stays tracked for retry next cycle. original_broker=IBKR
2026-08-18 09:39:56 | WARNING  | trading_bot.broker.ibkr | Order 1518675 not found
2026-08-18 09:39:56 | INFO     | trading_bot.engine   | Cancelled broker stop order for SGLY
2026-08-18 09:39:56 | WARNING  | trading_bot.broker.ibkr | Order 1518675 not found
2026-08-18 09:39:56 | ERROR    | trading_bot.broker.ibkr | Contract qualification failed for SGLY: This event loop is already running
2026-08-18 09:39:56 | ERROR    | trading_bot.engine   | IBKR close order FAILED for SGLY
2026-08-18 09:39:56 | ERROR    | trading_bot.engine   | CLOSE FAILED for SGLY — position stays tracked for retry next cycle. original_broker=IBKR
2026-08-18 09:39:56 | WARNING  | trading_bot.broker.ibkr | Order 1518675 not found
2026-08-18 09:39:56 | INFO     | trading_bot.engine   | Cancelled broker stop order for SGLY
2026-08-18 09:39:56 | WARNING  | trading_bot.broker.ibkr | Order 1518675 not found
2026-08-18 09:39:56 | ERROR    | trading_bot.broker.ibkr | Contract qualification failed for SGLY: This event loop is already running
2026-08-18 09:39:56 | ERROR    | trading_bot.engine   | IBKR close order FAILED for SGLY
2026-08-18 09:39:56 | ERROR    | trading_bot.engine   | CLOSE FAILED for SGLY — position stays tracked for retry next cycle. original_broker=IBKR
2026-08-18 09:39:56 | WARNING  | trading_bot.broker.ibkr | Order 1518675 not found
2026-08-18 09:39:56 | INFO     | trading_bot.engine   | Cancelled broker stop order for SGLY
2026-08-18 09:39:56 | WARNING  | trading_bot.broker.ibkr | Order 1518675 not found
2026-08-18 09:39:56 | ERROR    | trading_bot.broker.ibkr | Contract qualification failed for SGLY: This event loop is already running
2026-08-18 09:39:56 | ERROR    | trading_bot.engine   | IBKR close order FAILED for SGLY
2026-08-18 09:39:56 | ERROR    | trading_bot.engine   | CLOSE FAILED for SGLY — position stays tracked for retry next cycle. original_broker=IBKR
2026-08-18 09:39:56 | WARNING  | trading_bot.broker.ibkr | Order 1518675 not found
2026-08-18 09:39:56 | INFO     | trading_bot.engine   | Cancelled broker stop order for SGLY
2026-08-18 09:39:56 | WARNING  | trading_bot.broker.ibkr | Order 1518675 not found
2026-08-18 09:39:56 | ERROR    | trading_bot.broker.ibkr | Contract qualification failed for SGLY: This event loop is already running
2026-08-18 09:39:56 | ERROR    | trading_bot.engine   | IBKR close order FAILED for SGLY
2026-08-18 09:39:56 | ERROR    | trading_bot.engine   | CLOSE FAILED for SGLY — position stays tracked for retry next cycle. original_broker=IBKR
2026-08-18 09:39:56 | WARNING  | trading_bot.broker.ibkr | Order 1518675 not found
2026-08-18 09:39:56 | INFO     | trading_bot.engine   | Cancelled broker stop order for SGLY
2026-08-18 09:39:56 | WARNING  | trading_bot.broker.ibkr | Order 1518675 not found
2026-08-18 09:39:56 | ERROR    | trading_bot.broker.ibkr | Contract qualification failed for SGLY: This event loop is already running
2026-08-18 09:39:56 | ERROR    | trading_bot.engine   | IBKR close order FAILED for SGLY
2026-08-18 09:39:56 | ERROR    | trading_bot.engine   | CLOSE FAILED for SGLY — position stays tracked for retry next cycle. original_broker=IBKR
2026-08-18 09:39:56 | WARNING  | trading_bot.broker.ibkr | Order 1518675 not found
2026-08-18 09:39:56 | INFO     | trading_bot.engine   | Cancelled broker stop order for SGLY
2026-08-18 09:39:56 | WARNING  | trading_bot.broker.ibkr | Order 1518675 not found
2026-08-18 09:39:56 | ERROR    | trading_bot.broker.ibkr | Contract qualification failed for SGLY: This event loop is already running
2026-08-18 09:39:56 | ERROR    | trading_bot.engine   | IBKR close order FAILED for SGLY
2026-08-18 09:39:56 | ERROR    | trading_bot.engine   | CLOSE FAILED for SGLY — position stays tracked for retry next cycle. original_broker=IBKR
2026-08-18 09:39:56 | WARNING  | trading_bot.broker.ibkr | Order 1518675 not found
2026-08-18 09:39:56 | INFO     | trading_bot.engine   | Cancelled broker stop order for SGLY
2026-08-18 09:39:56 | WARNING  | trading_bot.broker.ibkr | Order 1518675 not found
2026-08-18 09:39:56 | ERROR    | trading_bot.broker.ibkr | Contract qualification failed for SGLY: This event loop is already running
2026-08-18 09:39:56 | ERROR    | trading_bot.engine   | IBKR close order FAILED for SGLY
2026-08-18 09:39:56 | ERROR    | trading_bot.engine   | CLOSE FAILED for SGLY — position stays tracked for retry next cycle. original_broker=IBKR
2026-08-18 09:39:56 | WARNING  | trading_bot.broker.ibkr | Order 1518675 not found
2026-08-18 09:39:56 | INFO     | trading_bot.engine   | Cancelled broker stop order for SGLY
2026-08-18 09:39:56 | WARNING  | trading_bot.broker.ibkr | Order 1518675 not found
2026-08-18 09:39:56 | ERROR    | trading_bot.broker.ibkr | Contract qualification failed for SGLY: This event loop is already running
2026-08-18 09:39:56 | ERROR    | trading_bot.engine   | IBKR close order FAILED for SGLY
2026-08-18 09:39:56 | ERROR    | trading_bot.engine   | CLOSE FAILED for SGLY — position stays tracked for retry next cycle. original_broker=IBKR
2026-08-18 09:39:56 | WARNING  | trading_bot.broker.ibkr | Order 1518675 not found
2026-08-18 09:39:56 | INFO     | trading_bot.engine   | Cancelled broker stop order for SGLY
2026-08-18 09:39:56 | WARNING  | trading_bot.broker.ibkr | Order 1518675 not found
2026-08-18 09:39:56 | ERROR    | trading_bot.broker.ibkr | Contract qualification failed for SGLY: This event loop is already running
2026-08-18 09:39:56 | ERROR    | trading_bot.engine   | IBKR close order FAILED for SGLY
2026-08-18 09:39:56 | ERROR    | trading_bot.engine   | CLOSE FAILED for SGLY — position stays tracked for retry next cycle. original_broker=IBKR
2026-08-18 09:39:56 | WARNING  | trading_bot.broker.ibkr | Order 1518675 not found
2026-08-18 09:39:56 | INFO     | trading_bot.engine   | Cancelled broker stop order for SGLY
2026-08-18 09:39:56 | WARNING  | trading_bot.broker.ibkr | Order 1518675 not found
2026-08-18 09:39:56 | ERROR    | trading_bot.broker.ibkr | Contract qualification failed for SGLY: This event loop is already running
2026-08-18 09:39:56 | ERROR    | trading_bot.engine   | IBKR close order FAILED for SGLY
2026-08-18 09:39:56 | ERROR    | trading_bot.engine   | CLOSE FAILED for SGLY — position stays tracked for retry next cycle. original_broker=IBKR
2026-08-18 09:39:56 | WARNING  | trading_bot.broker.ibkr | Order 1518675 not found
2026-08-18 09:39:56 | INFO     | trading_bot.engine   | Cancelled broker stop order for SGLY
2026-08-18 09:39:56 | WARNING  | trading_bot.broker.ibkr | Order 1518675 not found
2026-08-18 09:39:56 | ERROR    | trading_bot.broker.ibkr | Contract qualification failed for SGLY: This event loop is already running
2026-08-18 09:39:56 | ERROR    | trading_bot.engine   | IBKR close order FAILED for SGLY
2026-08-18 09:39:56 | ERROR    | trading_bot.engine   | CLOSE FAILED for SGLY — position stays tracked for retry next cycle. original_broker=IBKR
2026-08-18 09:39:56 | WARNING  | trading_bot.broker.ibkr | Order 1518675 not found
2026-08-18 09:39:56 | INFO     | trading_bot.engine   | Cancelled broker stop order for SGLY
2026-08-18 09:39:56 | WARNING  | trading_bot.broker.ibkr | Order 1518675 not found
2026-08-18 09:39:56 | ERROR    | trading_bot.broker.ibkr | Contract qualification failed for SGLY: This event loop is already running
2026-08-18 09:39:56 | ERROR    | trading_bot.engine   | IBKR close order FAILED for SGLY
2026-08-18 09:39:56 | ERROR    | trading_bot.engine   | CLOSE FAILED for SGLY — position stays tracked for retry next cycle. original_broker=IBKR
2026-08-18 09:39:56 | WARNING  | trading_bot.broker.ibkr | Order 1518675 not found
2026-08-18 09:39:56 | INFO     | trading_bot.engine   | Cancelled broker stop order for SGLY
2026-08-18 09:39:56 | WARNING  | trading_bot.broker.ibkr | Order 1518675 not found
2026-08-18 09:39:56 | ERROR    | trading_bot.broker.ibkr | Contract qualification failed for SGLY: This event loop is already running
2026-08-18 09:39:56 | ERROR    | trading_bot.engine   | IBKR close order FAILED for SGLY
2026-08-18 09:39:56 | ERROR    | trading_bot.engine   | CLOSE FAILED for SGLY — position stays tracked for retry next cycle. original_broker=IBKR
2026-08-18 09:39:57 | WARNING  | trading_bot.broker.ibkr | Order 1518675 not found
2026-08-18 09:39:57 | INFO     | trading_bot.engine   | Cancelled broker stop order for SGLY
2026-08-18 09:39:57 | WARNING  | trading_bot.broker.ibkr | Order 1518675 not found
2026-08-18 09:39:57 | ERROR    | trading_bot.broker.ibkr | Contract qualification failed for SGLY: This event loop is already running
2026-08-18 09:39:57 | ERROR    | trading_bot.engine   | IBKR close order FAILED for SGLY
2026-08-18 09:39:57 | ERROR    | trading_bot.engine   | CLOSE FAILED for SGLY — position stays tracked for retry next cycle. original_broker=IBKR
2026-08-18 09:39:57 | WARNING  | trading_bot.broker.ibkr | Order 1518675 not found
2026-08-18 09:39:57 | INFO     | trading_bot.engine   | Cancelled broker stop order for SGLY
2026-08-18 09:39:57 | WARNING  | trading_bot.broker.ibkr | Order 1518675 not found
2026-08-18 09:39:57 | ERROR    | trading_bot.broker.ibkr | Contract qualification failed for SGLY: This event loop is already running
2026-08-18 09:39:57 | ERROR    | trading_bot.engine   | IBKR close order FAILED for SGLY
2026-08-18 09:39:57 | ERROR    | trading_bot.engine   | CLOSE FAILED for SGLY — position stays tracked for retry next cycle. original_broker=IBKR
2026-08-18 09:39:57 | WARNING  | trading_bot.broker.ibkr | Order 1518675 not found
2026-08-18 09:39:57 | INFO     | trading_bot.engine   | Cancelled broker stop order for SGLY
2026-08-18 09:39:57 | WARNING  | trading_bot.broker.ibkr | Order 1518675 not found
2026-08-18 09:39:57 | ERROR    | trading_bot.broker.ibkr | Contract qualification failed for SGLY: This event loop is already running
2026-08-18 09:39:57 | ERROR    | trading_bot.engine   | IBKR close order FAILED for SGLY
2026-08-18 09:39:57 | ERROR    | trading_bot.engine   | CLOSE FAILED for SGLY — position stays tracked for retry next cycle. original_broker=IBKR
2026-08-18 09:39:57 | WARNING  | trading_bot.broker.ibkr | Order 1518675 not found
2026-08-18 09:39:57 | INFO     | trading_bot.engine   | Cancelled broker stop order for SGLY
2026-08-18 09:39:57 | WARNING  | trading_bot.broker.ibkr | Order 1518675 not found
2026-08-18 09:39:57 | ERROR    | trading_bot.broker.ibkr | Contract qualification failed for SGLY: This event loop is already running
2026-08-18 09:39:57 | ERROR    | trading_bot.engine   | IBKR close order FAILED for SGLY
2026-08-18 09:39:57 | ERROR    | trading_bot.engine   | CLOSE FAILED for SGLY — position stays tracked for retry next cycle. original_broker=IBKR
2026-08-18 09:39:57 | WARNING  | trading_bot.broker.ibkr | Order 1518675 not found
2026-08-18 09:39:57 | INFO     | trading_bot.engine   | Cancelled broker stop order for SGLY
2026-08-18 09:39:57 | WARNING  | trading_bot.broker.ibkr | Order 1518675 not found
2026-08-18 09:39:57 | ERROR    | trading_bot.broker.ibkr | Contract qualification failed for SGLY: This event loop is already running
2026-08-18 09:39:57 | ERROR    | trading_bot.engine   | IBKR close order FAILED for SGLY
2026-08-18 09:39:57 | ERROR    | trading_bot.engine   | CLOSE FAILED for SGLY — position stays tracked for retry next cycle. original_broker=IBKR
2026-08-18 09:39:57 | WARNING  | trading_bot.broker.ibkr | Order 1518675 not found
2026-08-18 09:39:57 | INFO     | trading_bot.engine   | Cancelled broker stop order for SGLY
2026-08-18 09:39:57 | WARNING  | trading_bot.broker.ibkr | Order 1518675 not found
2026-08-18 09:39:57 | ERROR    | trading_bot.broker.ibkr | Contract qualification failed for SGLY: This event loop is already running
2026-08-18 09:39:57 | ERROR    | trading_bot.engine   | IBKR close order FAILED for SGLY
2026-08-18 09:39:57 | ERROR    | trading_bot.engine   | CLOSE FAILED for SGLY — position stays tracked for retry next cycle. original_broker=IBKR
2026-08-18 09:39:57 | WARNING  | trading_bot.broker.ibkr | Order 1518675 not found
2026-08-18 09:39:57 | INFO     | trading_bot.engine   | Cancelled broker stop order for SGLY
2026-08-18 09:39:57 | WARNING  | trading_bot.broker.ibkr | Order 1518675 not found
2026-08-18 09:39:57 | ERROR    | trading_bot.broker.ibkr | Contract qualification failed for SGLY: This event loop is already running
2026-08-18 09:39:57 | ERROR    | trading_bot.engine   | IBKR close order FAILED for SGLY
2026-08-18 09:39:57 | ERROR    | trading_bot.engine   | CLOSE FAILED for SGLY — position stays tracked for retry next cycle. original_broker=IBKR
2026-08-18 09:39:57 | WARNING  | trading_bot.broker.ibkr | Order 1518675 not found
2026-08-18 09:39:57 | INFO     | trading_bot.engine   | Cancelled broker stop order for SGLY
2026-08-18 09:39:57 | WARNING  | trading_bot.broker.ibkr | Order 1518675 not found
2026-08-18 09:39:57 | ERROR    | trading_bot.broker.ibkr | Contract qualification failed for SGLY: This event loop is already running
2026-08-18 09:39:57 | ERROR    | trading_bot.engine   | IBKR close order FAILED for SGLY
2026-08-18 09:39:57 | ERROR    | trading_bot.engine   | CLOSE FAILED for SGLY — position stays tracked for retry next cycle. original_broker=IBKR
2026-08-18 09:39:58 | WARNING  | trading_bot.broker.ibkr | Order 1518675 not found
2026-08-18 09:39:58 | INFO     | trading_bot.engine   | Cancelled broker stop order for SGLY
2026-08-18 09:39:58 | WARNING  | trading_bot.broker.ibkr | Order 1518675 not found
2026-08-18 09:39:58 | ERROR    | trading_bot.broker.ibkr | Contract qualification failed for SGLY: This event loop is already running
2026-08-18 09:39:58 | ERROR    | trading_bot.engine   | IBKR close order FAILED for SGLY
2026-08-18 09:39:58 | ERROR    | trading_bot.engine   | CLOSE FAILED for SGLY — position stays tracked for retry next cycle. original_broker=IBKR
2026-08-18 09:39:58 | WARNING  | trading_bot.broker.ibkr | Order 1518675 not found
2026-08-18 09:39:58 | INFO     | trading_bot.engine   | Cancelled broker stop order for SGLY
2026-08-18 09:39:58 | WARNING  | trading_bot.broker.ibkr | Order 1518675 not found
2026-08-18 09:39:58 | ERROR    | trading_bot.broker.ibkr | Contract qualification failed for SGLY: This event loop is already running
2026-08-18 09:39:58 | ERROR    | trading_bot.engine   | IBKR close order FAILED for SGLY
2026-08-18 09:39:58 | ERROR    | trading_bot.engine   | CLOSE FAILED for SGLY — position stays tracked for retry next cycle. original_broker=IBKR
2026-08-18 09:39:58 | WARNING  | trading_bot.broker.ibkr | Order 1518675 not found
2026-08-18 09:39:58 | INFO     | trading_bot.engine   | Cancelled broker stop order for SGLY
2026-08-18 09:39:58 | WARNING  | trading_bot.broker.ibkr | Order 1518675 not found
2026-08-18 09:39:58 | ERROR    | trading_bot.broker.ibkr | Contract qualification failed for SGLY: This event loop is already running
2026-08-18 09:39:58 | ERROR    | trading_bot.engine   | IBKR close order FAILED for SGLY
2026-08-18 09:39:58 | ERROR    | trading_bot.engine   | CLOSE FAILED for SGLY — position stays tracked for retry next cycle. original_broker=IBKR
2026-08-18 09:39:58 | WARNING  | trading_bot.broker.ibkr | Order 1518675 not found
2026-08-18 09:39:58 | INFO     | trading_bot.engine   | Cancelled broker stop order for SGLY
2026-08-18 09:39:58 | WARNING  | trading_bot.broker.ibkr | Order 1518675 not found
2026-08-18 09:39:58 | ERROR    | trading_bot.broker.ibkr | Contract qualification failed for SGLY: This event loop is already running
2026-08-18 09:39:58 | ERROR    | trading_bot.engine   | IBKR close order FAILED for SGLY
2026-08-18 09:39:58 | ERROR    | trading_bot.engine   | CLOSE FAILED for SGLY — position stays tracked for retry next cycle. original_broker=IBKR
2026-08-18 09:39:59 | WARNING  | trading_bot.broker.ibkr | Order 1518675 not found
2026-08-18 09:39:59 | INFO     | trading_bot.engine   | Cancelled broker stop order for SGLY
2026-08-18 09:39:59 | WARNING  | trading_bot.broker.ibkr | Order 1518675 not found
2026-08-18 09:39:59 | ERROR    | trading_bot.broker.ibkr | Contract qualification failed for SGLY: This event loop is already running
2026-08-18 09:39:59 | ERROR    | trading_bot.engine   | IBKR close order FAILED for SGLY
2026-08-18 09:39:59 | ERROR    | trading_bot.engine   | CLOSE FAILED for SGLY — position stays tracked for retry next cycle. original_broker=IBKR
2026-08-18 09:39:59 | WARNING  | trading_bot.broker.ibkr | Order 1518675 not found
2026-08-18 09:39:59 | INFO     | trading_bot.engine   | Cancelled broker stop order for SGLY
2026-08-18 09:39:59 | WARNING  | trading_bot.broker.ibkr | Order 1518675 not found
2026-08-18 09:39:59 | ERROR    | trading_bot.broker.ibkr | Contract qualification failed for SGLY: This event loop is already running
2026-08-18 09:39:59 | ERROR    | trading_bot.engine   | IBKR close order FAILED for SGLY
2026-08-18 09:39:59 | ERROR    | trading_bot.engine   | CLOSE FAILED for SGLY — position stays tracked for retry next cycle. original_broker=IBKR
2026-08-18 09:39:59 | WARNING  | trading_bot.broker.ibkr | Order 1518675 not found
2026-08-18 09:39:59 | INFO     | trading_bot.engine   | Cancelled broker stop order for SGLY
2026-08-18 09:39:59 | WARNING  | trading_bot.broker.ibkr | Order 1518675 not found
2026-08-18 09:39:59 | ERROR    | trading_bot.broker.ibkr | Contract qualification failed for SGLY: This event loop is already running
2026-08-18 09:39:59 | ERROR    | trading_bot.engine   | IBKR close order FAILED for SGLY
2026-08-18 09:39:59 | ERROR    | trading_bot.engine   | CLOSE FAILED for SGLY — position stays tracked for retry next cycle. original_broker=IBKR
2026-08-18 09:39:59 | WARNING  | trading_bot.broker.ibkr | Order 1518675 not found
2026-08-18 09:39:59 | INFO     | trading_bot.engine   | Cancelled broker stop order for SGLY
2026-08-18 09:39:59 | WARNING  | trading_bot.broker.ibkr | Order 1518675 not found
2026-08-18 09:39:59 | ERROR    | trading_bot.broker.ibkr | Contract qualification failed for SGLY: This event loop is already running
2026-08-18 09:39:59 | ERROR    | trading_bot.engine   | IBKR close order FAILED for SGLY
2026-08-18 09:39:59 | ERROR    | trading_bot.engine   | CLOSE FAILED for SGLY — position stays tracked for retry next cycle. original_broker=IBKR
2026-08-18 09:39:59 | WARNING  | trading_bot.broker.ibkr | Order 1518675 not found
2026-08-18 09:39:59 | INFO     | trading_bot.engine   | Cancelled broker stop order for SGLY
2026-08-18 09:39:59 | WARNING  | trading_bot.broker.ibkr | Order 1518675 not found
2026-08-18 09:39:59 | ERROR    | trading_bot.broker.ibkr | Contract qualification failed for SGLY: This event loop is already running
2026-08-18 09:39:59 | ERROR    | trading_bot.engine   | IBKR close order FAILED for SGLY
2026-08-18 09:39:59 | ERROR    | trading_bot.engine   | CLOSE FAILED for SGLY — position stays tracked for retry next cycle. original_broker=IBKR
2026-08-18 09:39:59 | WARNING  | trading_bot.broker.ibkr | Order 1518675 not found
2026-08-18 09:39:59 | INFO     | trading_bot.engine   | Cancelled broker stop order for SGLY
2026-08-18 09:39:59 | WARNING  | trading_bot.broker.ibkr | Order 1518675 not found
2026-08-18 09:39:59 | ERROR    | trading_bot.broker.ibkr | Contract qualification failed for SGLY: This event loop is already running
2026-08-18 09:39:59 | ERROR    | trading_bot.engine   | IBKR close order FAILED for SGLY
2026-08-18 09:39:59 | ERROR    | trading_bot.engine   | CLOSE FAILED for SGLY — position stays tracked for retry next cycle. original_broker=IBKR
2026-08-18 09:40:00 | WARNING  | trading_bot.broker.ibkr | Order 1518675 not found
2026-08-18 09:40:00 | INFO     | trading_bot.engine   | Cancelled broker stop order for SGLY
2026-08-18 09:40:00 | WARNING  | trading_bot.broker.ibkr | Order 1518675 not found
2026-08-18 09:40:00 | ERROR    | trading_bot.broker.ibkr | Contract qualification failed for SGLY: This event loop is already running
2026-08-18 09:40:00 | ERROR    | trading_bot.engine   | IBKR close order FAILED for SGLY
2026-08-18 09:40:00 | ERROR    | trading_bot.engine   | CLOSE FAILED for SGLY — position stays tracked for retry next cycle. original_broker=IBKR
2026-08-18 09:40:00 | WARNING  | trading_bot.broker.ibkr | Order 1518675 not found
2026-08-18 09:40:00 | INFO     | trading_bot.engine   | Cancelled broker stop order for SGLY
2026-08-18 09:40:00 | WARNING  | trading_bot.broker.ibkr | Order 1518675 not found
2026-08-18 09:40:00 | ERROR    | trading_bot.broker.ibkr | Contract qualification failed for SGLY: This event loop is already running
2026-08-18 09:40:00 | ERROR    | trading_bot.engine   | IBKR close order FAILED for SGLY
2026-08-18 09:40:00 | ERROR    | trading_bot.engine   | CLOSE FAILED for SGLY — position stays tracked for retry next cycle. original_broker=IBKR
2026-08-18 09:40:00 | WARNING  | trading_bot.broker.ibkr | Order 1518675 not found
2026-08-18 09:40:00 | INFO     | trading_bot.engine   | Cancelled broker stop order for SGLY
2026-08-18 09:40:00 | WARNING  | trading_bot.broker.ibkr | Order 1518675 not found
2026-08-18 09:40:00 | ERROR    | trading_bot.broker.ibkr | Contract qualification failed for SGLY: This event loop is already running
2026-08-18 09:40:00 | ERROR    | trading_bot.engine   | IBKR close order FAILED for SGLY
2026-08-18 09:40:00 | ERROR    | trading_bot.engine   | CLOSE FAILED for SGLY — position stays tracked for retry next cycle. original_broker=IBKR
2026-08-18 09:40:00 | WARNING  | trading_bot.broker.ibkr | Order 1518675 not found
2026-08-18 09:40:00 | INFO     | trading_bot.engine   | Cancelled broker stop order for SGLY
2026-08-18 09:40:00 | WARNING  | trading_bot.broker.ibkr | Order 1518675 not found
2026-08-18 09:40:00 | ERROR    | trading_bot.broker.ibkr | Contract qualification failed for SGLY: This event loop is already running
2026-08-18 09:40:00 | ERROR    | trading_bot.engine   | IBKR close order FAILED for SGLY
2026-08-18 09:40:00 | ERROR    | trading_bot.engine   | CLOSE FAILED for SGLY — position stays tracked for retry next cycle. original_broker=IBKR
2026-08-18 09:40:01 | WARNING  | trading_bot.broker.ibkr | Order 1518675 not found
2026-08-18 09:40:01 | INFO     | trading_bot.engine   | Cancelled broker stop order for SGLY
2026-08-18 09:40:01 | WARNING  | trading_bot.broker.ibkr | Order 1518675 not found
2026-08-18 09:40:01 | ERROR    | trading_bot.broker.ibkr | Contract qualification failed for SGLY: This event loop is already running
2026-08-18 09:40:01 | ERROR    | trading_bot.engine   | IBKR close order FAILED for SGLY
2026-08-18 09:40:01 | ERROR    | trading_bot.engine   | CLOSE FAILED for SGLY — position stays tracked for retry next cycle. original_broker=IBKR
2026-08-18 09:40:01 | WARNING  | trading_bot.broker.ibkr | Order 1518675 not found
2026-08-18 09:40:01 | INFO     | trading_bot.engine   | Cancelled broker stop order for SGLY
2026-08-18 09:40:01 | WARNING  | trading_bot.broker.ibkr | Order 1518675 not found
2026-08-18 09:40:01 | ERROR    | trading_bot.broker.ibkr | Contract qualification failed for SGLY: This event loop is already running
2026-08-18 09:40:01 | ERROR    | trading_bot.engine   | IBKR close order FAILED for SGLY
2026-08-18 09:40:01 | ERROR    | trading_bot.engine   | CLOSE FAILED for SGLY — position stays tracked for retry next cycle. original_broker=IBKR
2026-08-18 09:40:02 | WARNING  | trading_bot.broker.ibkr | Order 1518675 not found
2026-08-18 09:40:02 | INFO     | trading_bot.engine   | Cancelled broker stop order for SGLY
2026-08-18 09:40:02 | WARNING  | trading_bot.broker.ibkr | Order 1518675 not found
2026-08-18 09:40:02 | ERROR    | trading_bot.broker.ibkr | Contract qualification failed for SGLY: This event loop is already running
2026-08-18 09:40:02 | ERROR    | trading_bot.engine   | IBKR close order FAILED for SGLY
2026-08-18 09:40:02 | ERROR    | trading_bot.engine   | CLOSE FAILED for SGLY — position stays tracked for retry next cycle. original_broker=IBKR
2026-08-18 09:40:02 | WARNING  | trading_bot.broker.ibkr | Order 1518675 not found
2026-08-18 09:40:02 | INFO     | trading_bot.engine   | Cancelled broker stop order for SGLY
2026-08-18 09:40:02 | WARNING  | trading_bot.broker.ibkr | Order 1518675 not found
2026-08-18 09:40:02 | ERROR    | trading_bot.broker.ibkr | Contract qualification failed for SGLY: This event loop is already running
2026-08-18 09:40:02 | ERROR    | trading_bot.engine   | IBKR close order FAILED for SGLY
2026-08-18 09:40:02 | ERROR    | trading_bot.engine   | CLOSE FAILED for SGLY — position stays tracked for retry next cycle. original_broker=IBKR
2026-08-18 09:40:02 | WARNING  | trading_bot.broker.ibkr | Order 1518675 not found
2026-08-18 09:40:02 | INFO     | trading_bot.engine   | Cancelled broker stop order for SGLY
2026-08-18 09:40:02 | WARNING  | trading_bot.broker.ibkr | Order 1518675 not found
2026-08-18 09:40:02 | ERROR    | trading_bot.broker.ibkr | Contract qualification failed for SGLY: This event loop is already running
2026-08-18 09:40:02 | ERROR    | trading_bot.engine   | IBKR close order FAILED for SGLY
2026-08-18 09:40:02 | ERROR    | trading_bot.engine   | CLOSE FAILED for SGLY — position stays tracked for retry next cycle. original_broker=IBKR
2026-08-18 09:40:03 | WARNING  | trading_bot.broker.ibkr | Order 1518675 not found
2026-08-18 09:40:03 | INFO     | trading_bot.engine   | Cancelled broker stop order for SGLY
2026-08-18 09:40:03 | WARNING  | trading_bot.broker.ibkr | Order 1518675 not found
2026-08-18 09:40:03 | ERROR    | trading_bot.broker.ibkr | Contract qualification failed for SGLY: This event loop is already running
2026-08-18 09:40:03 | ERROR    | trading_bot.engine   | IBKR close order FAILED for SGLY
2026-08-18 09:40:03 | ERROR    | trading_bot.engine   | CLOSE FAILED for SGLY — position stays tracked for retry next cycle. original_broker=IBKR
2026-08-18 09:40:03 | WARNING  | trading_bot.broker.ibkr | Order 1518675 not found
2026-08-18 09:40:03 | INFO     | trading_bot.engine   | Cancelled broker stop order for SGLY
2026-08-18 09:40:03 | WARNING  | trading_bot.broker.ibkr | Order 1518675 not found
2026-08-18 09:40:03 | ERROR    | trading_bot.broker.ibkr | Contract qualification failed for SGLY: This event loop is already running
2026-08-18 09:40:03 | ERROR    | trading_bot.engine   | IBKR close order FAILED for SGLY
2026-08-18 09:40:03 | ERROR    | trading_bot.engine   | CLOSE FAILED for SGLY — position stays tracked for retry next cycle. original_broker=IBKR
2026-08-18 09:40:04 | WARNING  | trading_bot.broker.ibkr | Order 1518675 not found
2026-08-18 09:40:04 | INFO     | trading_bot.engine   | Cancelled broker stop order for SGLY
2026-08-18 09:40:04 | WARNING  | trading_bot.broker.ibkr | Order 1518675 not found
2026-08-18 09:40:04 | ERROR    | trading_bot.broker.ibkr | Contract qualification failed for SGLY: This event loop is already running
2026-08-18 09:40:04 | ERROR    | trading_bot.engine   | IBKR close order FAILED for SGLY
2026-08-18 09:40:04 | ERROR    | trading_bot.engine   | CLOSE FAILED for SGLY — position stays tracked for retry next cycle. original_broker=IBKR
2026-08-18 09:40:04 | WARNING  | trading_bot.broker.ibkr | Order 1518675 not found
2026-08-18 09:40:04 | INFO     | trading_bot.engine   | Cancelled broker stop order for SGLY
2026-08-18 09:40:04 | WARNING  | trading_bot.broker.ibkr | Order 1518675 not found
2026-08-18 09:40:04 | ERROR    | trading_bot.broker.ibkr | Contract qualification failed for SGLY: This event loop is already running
2026-08-18 09:40:04 | ERROR    | trading_bot.engine   | IBKR close order FAILED for SGLY
2026-08-18 09:40:04 | ERROR    | trading_bot.engine   | CLOSE FAILED for SGLY — position stays tracked for retry next cycle. original_broker=IBKR
2026-08-18 09:40:04 | WARNING  | trading_bot.broker.ibkr | Order 1518675 not found
2026-08-18 09:40:04 | INFO     | trading_bot.engine   | Cancelled broker stop order for SGLY
2026-08-18 09:40:04 | WARNING  | trading_bot.broker.ibkr | Order 1518675 not found
2026-08-18 09:40:04 | ERROR    | trading_bot.broker.ibkr | Contract qualification failed for SGLY: This event loop is already running
2026-08-18 09:40:04 | ERROR    | trading_bot.engine   | IBKR close order FAILED for SGLY
2026-08-18 09:40:04 | ERROR    | trading_bot.engine   | CLOSE FAILED for SGLY — position stays tracked for retry next cycle. original_broker=IBKR
2026-08-18 09:40:04 | WARNING  | trading_bot.broker.ibkr | Order 1518675 not found
2026-08-18 09:40:04 | INFO     | trading_bot.engine   | Cancelled broker stop order for SGLY
2026-08-18 09:40:04 | WARNING  | trading_bot.broker.ibkr | Order 1518675 not found
2026-08-18 09:40:04 | ERROR    | trading_bot.broker.ibkr | Contract qualification failed for SGLY: This event loop is already running
2026-08-18 09:40:04 | ERROR    | trading_bot.engine   | IBKR close order FAILED for SGLY
2026-08-18 09:40:04 | ERROR    | trading_bot.engine   | CLOSE FAILED for SGLY — position stays tracked for retry next cycle. original_broker=IBKR
2026-08-18 09:40:04 | WARNING  | trading_bot.broker.ibkr | Order 1518675 not found
2026-08-18 09:40:04 | INFO     | trading_bot.engine   | Cancelled broker stop order for SGLY
2026-08-18 09:40:04 | WARNING  | trading_bot.broker.ibkr | Order 1518675 not found
2026-08-18 09:40:04 | ERROR    | trading_bot.broker.ibkr | Contract qualification failed for SGLY: This event loop is already running
2026-08-18 09:40:04 | ERROR    | trading_bot.engine   | IBKR close order FAILED for SGLY
2026-08-18 09:40:04 | ERROR    | trading_bot.engine   | CLOSE FAILED for SGLY — position stays tracked for retry next cycle. original_broker=IBKR
2026-08-18 09:40:05 | WARNING  | trading_bot.broker.ibkr | Order 1518675 not found
2026-08-18 09:40:05 | INFO     | trading_bot.engine   | Cancelled broker stop order for SGLY
2026-08-18 09:40:05 | WARNING  | trading_bot.broker.ibkr | Order 1518675 not found
2026-08-18 09:40:05 | ERROR    | trading_bot.broker.ibkr | Contract qualification failed for SGLY: This event loop is already running
2026-08-18 09:40:05 | ERROR    | trading_bot.engine   | IBKR close order FAILED for SGLY
2026-08-18 09:40:05 | ERROR    | trading_bot.engine   | CLOSE FAILED for SGLY — position stays tracked for retry next cycle. original_broker=IBKR
2026-08-18 09:40:05 | WARNING  | trading_bot.broker.ibkr | Order 1518675 not found
2026-08-18 09:40:05 | INFO     | trading_bot.engine   | Cancelled broker stop order for SGLY
2026-08-18 09:40:05 | WARNING  | trading_bot.broker.ibkr | Order 1518675 not found
2026-08-18 09:40:05 | ERROR    | trading_bot.broker.ibkr | Contract qualification failed for SGLY: This event loop is already running
2026-08-18 09:40:05 | ERROR    | trading_bot.engine   | IBKR close order FAILED for SGLY
2026-08-18 09:40:05 | ERROR    | trading_bot.engine   | CLOSE FAILED for SGLY — position stays tracked for retry next cycle. original_broker=IBKR
2026-08-18 09:40:05 | WARNING  | trading_bot.broker.ibkr | Order 1518675 not found
2026-08-18 09:40:05 | INFO     | trading_bot.engine   | Cancelled broker stop order for SGLY
2026-08-18 09:40:05 | WARNING  | trading_bot.broker.ibkr | Order 1518675 not found
2026-08-18 09:40:05 | ERROR    | trading_bot.broker.ibkr | Contract qualification failed for SGLY: This event loop is already running
2026-08-18 09:40:05 | ERROR    | trading_bot.engine   | IBKR close order FAILED for SGLY
2026-08-18 09:40:05 | ERROR    | trading_bot.engine   | CLOSE FAILED for SGLY — position stays tracked for retry next cycle. original_broker=IBKR
2026-08-18 09:40:05 | WARNING  | trading_bot.broker.ibkr | Order 1518675 not found
2026-08-18 09:40:05 | INFO     | trading_bot.engine   | Cancelled broker stop order for SGLY
2026-08-18 09:40:05 | WARNING  | trading_bot.broker.ibkr | Order 1518675 not found
2026-08-18 09:40:05 | ERROR    | trading_bot.broker.ibkr | Contract qualification failed for SGLY: This event loop is already running
2026-08-18 09:40:05 | ERROR    | trading_bot.engine   | IBKR close order FAILED for SGLY
2026-08-18 09:40:05 | ERROR    | trading_bot.engine   | CLOSE FAILED for SGLY — position stays tracked for retry next cycle. original_broker=IBKR
2026-08-18 09:40:05 | WARNING  | trading_bot.broker.ibkr | Order 1518675 not found
2026-08-18 09:40:05 | INFO     | trading_bot.engine   | Cancelled broker stop order for SGLY
2026-08-18 09:40:05 | WARNING  | trading_bot.broker.ibkr | Order 1518675 not found
2026-08-18 09:40:05 | ERROR    | trading_bot.broker.ibkr | Contract qualification failed for SGLY: This event loop is already running
2026-08-18 09:40:05 | ERROR    | trading_bot.engine   | IBKR close order FAILED for SGLY
2026-08-18 09:40:05 | ERROR    | trading_bot.engine   | CLOSE FAILED for SGLY — position stays tracked for retry next cycle. original_broker=IBKR
2026-08-18 09:40:06 | WARNING  | trading_bot.broker.ibkr | Order 1518675 not found
2026-08-18 09:40:06 | INFO     | trading_bot.engine   | Cancelled broker stop order for SGLY
2026-08-18 09:40:06 | WARNING  | trading_bot.broker.ibkr | Order 1518675 not found
2026-08-18 09:40:06 | ERROR    | trading_bot.broker.ibkr | Contract qualification failed for SGLY: This event loop is already running
2026-08-18 09:40:06 | ERROR    | trading_bot.engine   | IBKR close order FAILED for SGLY
2026-08-18 09:40:06 | ERROR    | trading_bot.engine   | CLOSE FAILED for SGLY — position stays tracked for retry next cycle. original_broker=IBKR
2026-08-18 09:40:06 | WARNING  | trading_bot.broker.ibkr | Order 1518675 not found
2026-08-18 09:40:06 | INFO     | trading_bot.engine   | Cancelled broker stop order for SGLY
2026-08-18 09:40:06 | WARNING  | trading_bot.broker.ibkr | Order 1518675 not found
2026-08-18 09:40:06 | ERROR    | trading_bot.broker.ibkr | Contract qualification failed for SGLY: This event loop is already running
2026-08-18 09:40:06 | ERROR    | trading_bot.engine   | IBKR close order FAILED for SGLY
2026-08-18 09:40:06 | ERROR    | trading_bot.engine   | CLOSE FAILED for SGLY — position stays tracked for retry next cycle. original_broker=IBKR
2026-08-18 09:40:06 | WARNING  | trading_bot.broker.ibkr | Order 1518675 not found
2026-08-18 09:40:06 | INFO     | trading_bot.engine   | Cancelled broker stop order for SGLY
2026-08-18 09:40:06 | WARNING  | trading_bot.broker.ibkr | Order 1518675 not found
2026-08-18 09:40:06 | ERROR    | trading_bot.broker.ibkr | Contract qualification failed for SGLY: This event loop is already running
2026-08-18 09:40:06 | ERROR    | trading_bot.engine   | IBKR close order FAILED for SGLY
2026-08-18 09:40:06 | ERROR    | trading_bot.engine   | CLOSE FAILED for SGLY — position stays tracked for retry next cycle. original_broker=IBKR
2026-08-18 09:40:06 | WARNING  | trading_bot.broker.ibkr | Order 1518675 not found
2026-08-18 09:40:06 | INFO     | trading_bot.engine   | Cancelled broker stop order for SGLY
2026-08-18 09:40:06 | WARNING  | trading_bot.broker.ibkr | Order 1518675 not found
2026-08-18 09:40:06 | ERROR    | trading_bot.broker.ibkr | Contract qualification failed for SGLY: This event loop is already running
2026-08-18 09:40:06 | ERROR    | trading_bot.engine   | IBKR close order FAILED for SGLY
2026-08-18 09:40:06 | ERROR    | trading_bot.engine   | CLOSE FAILED for SGLY — position stays tracked for retry next cycle. original_broker=IBKR
2026-08-18 09:40:07 | WARNING  | trading_bot.broker.ibkr | Order 1518675 not found
2026-08-18 09:40:07 | INFO     | trading_bot.engine   | Cancelled broker stop order for SGLY
2026-08-18 09:40:07 | WARNING  | trading_bot.broker.ibkr | Order 1518675 not found
2026-08-18 09:40:07 | ERROR    | trading_bot.broker.ibkr | Contract qualification failed for SGLY: This event loop is already running
2026-08-18 09:40:07 | ERROR    | trading_bot.engine   | IBKR close order FAILED for SGLY
2026-08-18 09:40:07 | ERROR    | trading_bot.engine   | CLOSE FAILED for SGLY — position stays tracked for retry next cycle. original_broker=IBKR
2026-08-18 09:40:07 | WARNING  | trading_bot.broker.ibkr | Order 1518675 not found
2026-08-18 09:40:07 | INFO     | trading_bot.engine   | Cancelled broker stop order for SGLY
2026-08-18 09:40:07 | WARNING  | trading_bot.broker.ibkr | Order 1518675 not found
2026-08-18 09:40:07 | ERROR    | trading_bot.broker.ibkr | Contract qualification failed for SGLY: This event loop is already running
2026-08-18 09:40:07 | ERROR    | trading_bot.engine   | IBKR close order FAILED for SGLY
2026-08-18 09:40:07 | ERROR    | trading_bot.engine   | CLOSE FAILED for SGLY — position stays tracked for retry next cycle. original_broker=IBKR
2026-08-18 09:40:07 | WARNING  | trading_bot.broker.ibkr | Order 1518675 not found
2026-08-18 09:40:07 | INFO     | trading_bot.engine   | Cancelled broker stop order for SGLY
2026-08-18 09:40:07 | WARNING  | trading_bot.broker.ibkr | Order 1518675 not found
2026-08-18 09:40:07 | ERROR    | trading_bot.broker.ibkr | Contract qualification failed for SGLY: This event loop is already running
2026-08-18 09:40:07 | ERROR    | trading_bot.engine   | IBKR close order FAILED for SGLY
2026-08-18 09:40:07 | ERROR    | trading_bot.engine   | CLOSE FAILED for SGLY — position stays tracked for retry next cycle. original_broker=IBKR
2026-08-18 09:40:07 | WARNING  | trading_bot.broker.ibkr | Order 1518675 not found
2026-08-18 09:40:07 | INFO     | trading_bot.engine   | Cancelled broker stop order for SGLY
2026-08-18 09:40:07 | WARNING  | trading_bot.broker.ibkr | Order 1518675 not found
2026-08-18 09:40:07 | ERROR    | trading_bot.broker.ibkr | Contract qualification failed for SGLY: This event loop is already running
2026-08-18 09:40:07 | ERROR    | trading_bot.engine   | IBKR close order FAILED for SGLY
2026-08-18 09:40:07 | ERROR    | trading_bot.engine   | CLOSE FAILED for SGLY — position stays tracked for retry next cycle. original_broker=IBKR
2026-08-18 09:40:08 | WARNING  | trading_bot.broker.ibkr | Order 1518675 not found
2026-08-18 09:40:08 | INFO     | trading_bot.engine   | Cancelled broker stop order for SGLY
2026-08-18 09:40:08 | WARNING  | trading_bot.broker.ibkr | Order 1518675 not found
2026-08-18 09:40:08 | ERROR    | trading_bot.broker.ibkr | Contract qualification failed for SGLY: This event loop is already running
2026-08-18 09:40:08 | ERROR    | trading_bot.engine   | IBKR close order FAILED for SGLY
2026-08-18 09:40:08 | ERROR    | trading_bot.engine   | CLOSE FAILED for SGLY — position stays tracked for retry next cycle. original_broker=IBKR
2026-08-18 09:40:09 | WARNING  | trading_bot.broker.ibkr | Order 1518675 not found
2026-08-18 09:40:09 | INFO     | trading_bot.engine   | Cancelled broker stop order for SGLY
2026-08-18 09:40:09 | WARNING  | trading_bot.broker.ibkr | Order 1518675 not found
2026-08-18 09:40:09 | ERROR    | trading_bot.broker.ibkr | Contract qualification failed for SGLY: This event loop is already running
2026-08-18 09:40:09 | ERROR    | trading_bot.engine   | IBKR close order FAILED for SGLY
2026-08-18 09:40:09 | ERROR    | trading_bot.engine   | CLOSE FAILED for SGLY — position stays tracked for retry next cycle. original_broker=IBKR
2026-08-18 09:40:09 | WARNING  | trading_bot.broker.ibkr | Order 1518675 not found
2026-08-18 09:40:09 | INFO     | trading_bot.engine   | Cancelled broker stop order for SGLY
2026-08-18 09:40:09 | WARNING  | trading_bot.broker.ibkr | Order 1518675 not found
2026-08-18 09:40:09 | ERROR    | trading_bot.broker.ibkr | Contract qualification failed for SGLY: This event loop is already running
2026-08-18 09:40:09 | ERROR    | trading_bot.engine   | IBKR close order FAILED for SGLY
2026-08-18 09:40:09 | ERROR    | trading_bot.engine   | CLOSE FAILED for SGLY — position stays tracked for retry next cycle. original_broker=IBKR
2026-08-18 09:40:09 | WARNING  | trading_bot.broker.ibkr | Order 1518675 not found
2026-08-18 09:40:09 | INFO     | trading_bot.engine   | Cancelled broker stop order for SGLY
2026-08-18 09:40:09 | WARNING  | trading_bot.broker.ibkr | Order 1518675 not found
2026-08-18 09:40:09 | ERROR    | trading_bot.broker.ibkr | Contract qualification failed for SGLY: This event loop is already running
2026-08-18 09:40:09 | ERROR    | trading_bot.engine   | IBKR close order FAILED for SGLY
2026-08-18 09:40:09 | ERROR    | trading_bot.engine   | CLOSE FAILED for SGLY — position stays tracked for retry next cycle. original_broker=IBKR
2026-08-18 09:40:10 | WARNING  | trading_bot.broker.ibkr | Order 1518675 not found
2026-08-18 09:40:10 | INFO     | trading_bot.engine   | Cancelled broker stop order for SGLY
2026-08-18 09:40:10 | WARNING  | trading_bot.broker.ibkr | Order 1518675 not found
2026-08-18 09:40:10 | ERROR    | trading_bot.broker.ibkr | Contract qualification failed for SGLY: This event loop is already running
2026-08-18 09:40:10 | ERROR    | trading_bot.engine   | IBKR close order FAILED for SGLY
2026-08-18 09:40:10 | ERROR    | trading_bot.engine   | CLOSE FAILED for SGLY — position stays tracked for retry next cycle. original_broker=IBKR
2026-08-18 09:40:10 | WARNING  | trading_bot.broker.ibkr | Order 1518675 not found
2026-08-18 09:40:10 | INFO     | trading_bot.engine   | Cancelled broker stop order for SGLY
2026-08-18 09:40:10 | WARNING  | trading_bot.broker.ibkr | Order 1518675 not found
2026-08-18 09:40:10 | ERROR    | trading_bot.broker.ibkr | Contract qualification failed for SGLY: This event loop is already running
2026-08-18 09:40:10 | ERROR    | trading_bot.engine   | IBKR close order FAILED for SGLY
2026-08-18 09:40:10 | ERROR    | trading_bot.engine   | CLOSE FAILED for SGLY — position stays tracked for retry next cycle. original_broker=IBKR
2026-08-18 09:40:10 | WARNING  | trading_bot.broker.ibkr | Order 1518675 not found
2026-08-18 09:40:10 | INFO     | trading_bot.engine   | Cancelled broker stop order for SGLY
2026-08-18 09:40:10 | WARNING  | trading_bot.broker.ibkr | Order 1518675 not found
2026-08-18 09:40:10 | ERROR    | trading_bot.broker.ibkr | Contract qualification failed for SGLY: This event loop is already running
2026-08-18 09:40:10 | ERROR    | trading_bot.engine   | IBKR close order FAILED for SGLY
2026-08-18 09:40:10 | ERROR    | trading_bot.engine   | CLOSE FAILED for SGLY — position stays tracked for retry next cycle. original_broker=IBKR
2026-08-18 09:40:11 | WARNING  | trading_bot.broker.ibkr | Order 1518675 not found
2026-08-18 09:40:11 | INFO     | trading_bot.engine   | Cancelled broker stop order for SGLY
2026-08-18 09:40:11 | WARNING  | trading_bot.broker.ibkr | Order 1518675 not found
2026-08-18 09:40:11 | ERROR    | trading_bot.broker.ibkr | Contract qualification failed for SGLY: This event loop is already running
2026-08-18 09:40:11 | ERROR    | trading_bot.engine   | IBKR close order FAILED for SGLY
2026-08-18 09:40:11 | ERROR    | trading_bot.engine   | CLOSE FAILED for SGLY — position stays tracked for retry next cycle. original_broker=IBKR
2026-08-18 09:40:11 | WARNING  | trading_bot.broker.ibkr | Order 1518675 not found
2026-08-18 09:40:11 | INFO     | trading_bot.engine   | Cancelled broker stop order for SGLY
2026-08-18 09:40:11 | WARNING  | trading_bot.broker.ibkr | Order 1518675 not found
2026-08-18 09:40:11 | ERROR    | trading_bot.broker.ibkr | Contract qualification failed for SGLY: This event loop is already running
2026-08-18 09:40:11 | ERROR    | trading_bot.engine   | IBKR close order FAILED for SGLY
2026-08-18 09:40:11 | ERROR    | trading_bot.engine   | CLOSE FAILED for SGLY — position stays tracked for retry next cycle. original_broker=IBKR
2026-08-18 09:40:12 | WARNING  | trading_bot.broker.ibkr | Order 1518675 not found
2026-08-18 09:40:12 | INFO     | trading_bot.engine   | Cancelled broker stop order for SGLY
2026-08-18 09:40:12 | WARNING  | trading_bot.broker.ibkr | Order 1518675 not found
2026-08-18 09:40:12 | ERROR    | trading_bot.broker.ibkr | Contract qualification failed for SGLY: This event loop is already running
2026-08-18 09:40:12 | ERROR    | trading_bot.engine   | IBKR close order FAILED for SGLY
2026-08-18 09:40:12 | ERROR    | trading_bot.engine   | CLOSE FAILED for SGLY — position stays tracked for retry next cycle. original_broker=IBKR
2026-08-18 09:40:12 | WARNING  | trading_bot.broker.ibkr | Order 1518675 not found
2026-08-18 09:40:12 | INFO     | trading_bot.engine   | Cancelled broker stop order for SGLY
2026-08-18 09:40:12 | WARNING  | trading_bot.broker.ibkr | Order 1518675 not found
2026-08-18 09:40:12 | ERROR    | trading_bot.broker.ibkr | Contract qualification failed for SGLY: This event loop is already running
2026-08-18 09:40:12 | ERROR    | trading_bot.engine   | IBKR close order FAILED for SGLY
2026-08-18 09:40:12 | ERROR    | trading_bot.engine   | CLOSE FAILED for SGLY — position stays tracked for retry next cycle. original_broker=IBKR
2026-08-18 09:40:12 | WARNING  | trading_bot.broker.ibkr | Order 1518675 not found
2026-08-18 09:40:12 | INFO     | trading_bot.engine   | Cancelled broker stop order for SGLY
2026-08-18 09:40:12 | WARNING  | trading_bot.broker.ibkr | Order 1518675 not found
2026-08-18 09:40:12 | ERROR    | trading_bot.broker.ibkr | Contract qualification failed for SGLY: This event loop is already running
2026-08-18 09:40:12 | ERROR    | trading_bot.engine   | IBKR close order FAILED for SGLY
2026-08-18 09:40:12 | ERROR    | trading_bot.engine   | CLOSE FAILED for SGLY — position stays tracked for retry next cycle. original_broker=IBKR
2026-08-18 09:40:12 | WARNING  | trading_bot.broker.ibkr | Order 1518675 not found
2026-08-18 09:40:12 | INFO     | trading_bot.engine   | Cancelled broker stop order for SGLY
2026-08-18 09:40:12 | WARNING  | trading_bot.broker.ibkr | Order 1518675 not found
2026-08-18 09:40:12 | ERROR    | trading_bot.broker.ibkr | Contract qualification failed for SGLY: This event loop is already running
2026-08-18 09:40:12 | ERROR    | trading_bot.engine   | IBKR close order FAILED for SGLY
2026-08-18 09:40:12 | ERROR    | trading_bot.engine   | CLOSE FAILED for SGLY — position stays tracked for retry next cycle. original_broker=IBKR
2026-08-18 09:40:13 | WARNING  | trading_bot.broker.ibkr | Order 1518675 not found
2026-08-18 09:40:13 | INFO     | trading_bot.engine   | Cancelled broker stop order for SGLY
2026-08-18 09:40:13 | WARNING  | trading_bot.broker.ibkr | Order 1518675 not found
2026-08-18 09:40:13 | ERROR    | trading_bot.broker.ibkr | Contract qualification failed for SGLY: This event loop is already running
2026-08-18 09:40:13 | ERROR    | trading_bot.engine   | IBKR close order FAILED for SGLY
2026-08-18 09:40:13 | ERROR    | trading_bot.engine   | CLOSE FAILED for SGLY — position stays tracked for retry next cycle. original_broker=IBKR
2026-08-18 09:40:13 | WARNING  | trading_bot.broker.ibkr | Order 1518675 not found
2026-08-18 09:40:13 | INFO     | trading_bot.engine   | Cancelled broker stop order for SGLY
2026-08-18 09:40:13 | WARNING  | trading_bot.broker.ibkr | Order 1518675 not found
2026-08-18 09:40:13 | ERROR    | trading_bot.broker.ibkr | Contract qualification failed for SGLY: This event loop is already running
2026-08-18 09:40:13 | ERROR    | trading_bot.engine   | IBKR close order FAILED for SGLY
2026-08-18 09:40:13 | ERROR    | trading_bot.engine   | CLOSE FAILED for SGLY — position stays tracked for retry next cycle. original_broker=IBKR
2026-08-18 09:40:13 | WARNING  | trading_bot.broker.ibkr | Order 1518675 not found
2026-08-18 09:40:13 | INFO     | trading_bot.engine   | Cancelled broker stop order for SGLY
2026-08-18 09:40:13 | WARNING  | trading_bot.broker.ibkr | Order 1518675 not found
2026-08-18 09:40:13 | ERROR    | trading_bot.broker.ibkr | Contract qualification failed for SGLY: This event loop is already running
2026-08-18 09:40:13 | ERROR    | trading_bot.engine   | IBKR close order FAILED for SGLY
2026-08-18 09:40:13 | ERROR    | trading_bot.engine   | CLOSE FAILED for SGLY — position stays tracked for retry next cycle. original_broker=IBKR
2026-08-18 09:40:13 | WARNING  | trading_bot.broker.ibkr | Order 1518675 not found
2026-08-18 09:40:13 | INFO     | trading_bot.engine   | Cancelled broker stop order for SGLY
2026-08-18 09:40:13 | WARNING  | trading_bot.broker.ibkr | Order 1518675 not found
2026-08-18 09:40:14 | ERROR    | trading_bot.broker.ibkr | Contract qualification failed for SGLY: This event loop is already running
2026-08-18 09:40:14 | ERROR    | trading_bot.engine   | IBKR close order FAILED for SGLY
2026-08-18 09:40:14 | ERROR    | trading_bot.engine   | CLOSE FAILED for SGLY — position stays tracked for retry next cycle. original_broker=IBKR
2026-08-18 09:40:14 | WARNING  | trading_bot.broker.ibkr | Order 1518675 not found
2026-08-18 09:40:14 | INFO     | trading_bot.engine   | Cancelled broker stop order for SGLY
2026-08-18 09:40:14 | WARNING  | trading_bot.broker.ibkr | Order 1518675 not found
2026-08-18 09:40:14 | ERROR    | trading_bot.broker.ibkr | Contract qualification failed for SGLY: This event loop is already running
2026-08-18 09:40:14 | ERROR    | trading_bot.engine   | IBKR close order FAILED for SGLY
2026-08-18 09:40:14 | ERROR    | trading_bot.engine   | CLOSE FAILED for SGLY — position stays tracked for retry next cycle. original_broker=IBKR
2026-08-18 09:40:14 | WARNING  | trading_bot.broker.ibkr | Order 1518675 not found
2026-08-18 09:40:14 | INFO     | trading_bot.engine   | Cancelled broker stop order for SGLY
2026-08-18 09:40:14 | WARNING  | trading_bot.broker.ibkr | Order 1518675 not found
2026-08-18 09:40:14 | ERROR    | trading_bot.broker.ibkr | Contract qualification failed for SGLY: This event loop is already running
2026-08-18 09:40:14 | ERROR    | trading_bot.engine   | IBKR close order FAILED for SGLY
2026-08-18 09:40:14 | ERROR    | trading_bot.engine   | CLOSE FAILED for SGLY — position stays tracked for retry next cycle. original_broker=IBKR
2026-08-18 09:40:15 | WARNING  | trading_bot.broker.ibkr | Order 1518675 not found
2026-08-18 09:40:15 | INFO     | trading_bot.engine   | Cancelled broker stop order for SGLY
2026-08-18 09:40:15 | WARNING  | trading_bot.broker.ibkr | Order 1518675 not found
2026-08-18 09:40:15 | ERROR    | trading_bot.broker.ibkr | Contract qualification failed for SGLY: This event loop is already running
2026-08-18 09:40:15 | ERROR    | trading_bot.engine   | IBKR close order FAILED for SGLY
2026-08-18 09:40:15 | ERROR    | trading_bot.engine   | CLOSE FAILED for SGLY — position stays tracked for retry next cycle. original_broker=IBKR
2026-08-18 09:40:15 | WARNING  | trading_bot.broker.ibkr | Order 1518675 not found
2026-08-18 09:40:15 | INFO     | trading_bot.engine   | Cancelled broker stop order for SGLY
2026-08-18 09:40:15 | WARNING  | trading_bot.broker.ibkr | Order 1518675 not found
2026-08-18 09:40:15 | ERROR    | trading_bot.broker.ibkr | Contract qualification failed for SGLY: This event loop is already running
2026-08-18 09:40:15 | ERROR    | trading_bot.engine   | IBKR close order FAILED for SGLY
2026-08-18 09:40:15 | ERROR    | trading_bot.engine   | CLOSE FAILED for SGLY — position stays tracked for retry next cycle. original_broker=IBKR
2026-08-18 09:40:16 | WARNING  | trading_bot.broker.ibkr | Order 1518675 not found
2026-08-18 09:40:16 | INFO     | trading_bot.engine   | Cancelled broker stop order for SGLY
2026-08-18 09:40:16 | WARNING  | trading_bot.broker.ibkr | Order 1518675 not found
2026-08-18 09:40:16 | ERROR    | trading_bot.broker.ibkr | Contract qualification failed for SGLY: This event loop is already running
2026-08-18 09:40:16 | ERROR    | trading_bot.engine   | IBKR close order FAILED for SGLY
2026-08-18 09:40:16 | ERROR    | trading_bot.engine   | CLOSE FAILED for SGLY — position stays tracked for retry next cycle. original_broker=IBKR
2026-08-18 09:40:16 | WARNING  | trading_bot.broker.ibkr | Order 1518675 not found
2026-08-18 09:40:16 | INFO     | trading_bot.engine   | Cancelled broker stop order for SGLY
2026-08-18 09:40:16 | WARNING  | trading_bot.broker.ibkr | Order 1518675 not found
2026-08-18 09:40:16 | ERROR    | trading_bot.broker.ibkr | Contract qualification failed for SGLY: This event loop is already running
2026-08-18 09:40:16 | ERROR    | trading_bot.engine   | IBKR close order FAILED for SGLY
2026-08-18 09:40:16 | ERROR    | trading_bot.engine   | CLOSE FAILED for SGLY — position stays tracked for retry next cycle. original_broker=IBKR
2026-08-18 09:40:16 | WARNING  | trading_bot.broker.ibkr | Order 1518675 not found
2026-08-18 09:40:16 | INFO     | trading_bot.engine   | Cancelled broker stop order for SGLY
2026-08-18 09:40:16 | WARNING  | trading_bot.broker.ibkr | Order 1518675 not found
2026-08-18 09:40:16 | ERROR    | trading_bot.broker.ibkr | Contract qualification failed for SGLY: This event loop is already running
2026-08-18 09:40:16 | ERROR    | trading_bot.engine   | IBKR close order FAILED for SGLY
2026-08-18 09:40:16 | ERROR    | trading_bot.engine   | CLOSE FAILED for SGLY — position stays tracked for retry next cycle. original_broker=IBKR
2026-08-18 09:40:17 | WARNING  | trading_bot.broker.ibkr | Order 1518675 not found
2026-08-18 09:40:17 | INFO     | trading_bot.engine   | Cancelled broker stop order for SGLY
2026-08-18 09:40:17 | WARNING  | trading_bot.broker.ibkr | Order 1518675 not found
2026-08-18 09:40:17 | ERROR    | trading_bot.broker.ibkr | Contract qualification failed for SGLY: This event loop is already running
2026-08-18 09:40:17 | ERROR    | trading_bot.engine   | IBKR close order FAILED for SGLY
2026-08-18 09:40:17 | ERROR    | trading_bot.engine   | CLOSE FAILED for SGLY — position stays tracked for retry next cycle. original_broker=IBKR
2026-08-18 09:40:17 | WARNING  | trading_bot.broker.ibkr | Order 1518675 not found
2026-08-18 09:40:17 | INFO     | trading_bot.engine   | Cancelled broker stop order for SGLY
2026-08-18 09:40:17 | WARNING  | trading_bot.broker.ibkr | Order 1518675 not found
2026-08-18 09:40:17 | ERROR    | trading_bot.broker.ibkr | Contract qualification failed for SGLY: This event loop is already running
2026-08-18 09:40:17 | ERROR    | trading_bot.engine   | IBKR close order FAILED for SGLY
2026-08-18 09:40:17 | ERROR    | trading_bot.engine   | CLOSE FAILED for SGLY — position stays tracked for retry next cycle. original_broker=IBKR
2026-08-18 09:40:17 | WARNING  | trading_bot.broker.ibkr | IBKR Error 2108: Market data farm connection is inactive but should be available upon demand.usfarm.nj
2026-08-18 09:40:17 | WARNING  | trading_bot.broker.ibkr | IBKR Error 2108: Market data farm connection is inactive but should be available upon demand.usfarm.nj
2026-08-18 09:40:18 | WARNING  | trading_bot.broker.ibkr | Order 1518675 not found
2026-08-18 09:40:18 | INFO     | trading_bot.engine   | Cancelled broker stop order for SGLY
2026-08-18 09:40:18 | WARNING  | trading_bot.broker.ibkr | Order 1518675 not found
2026-08-18 09:40:18 | ERROR    | trading_bot.broker.ibkr | Contract qualification failed for SGLY: This event loop is already running
2026-08-18 09:40:18 | ERROR    | trading_bot.engine   | IBKR close order FAILED for SGLY
2026-08-18 09:40:18 | ERROR    | trading_bot.engine   | CLOSE FAILED for SGLY — position stays tracked for retry next cycle. original_broker=IBKR
2026-08-18 09:40:18 | WARNING  | trading_bot.broker.ibkr | Order 1518675 not found
2026-08-18 09:40:18 | INFO     | trading_bot.engine   | Cancelled broker stop order for SGLY
2026-08-18 09:40:18 | WARNING  | trading_bot.broker.ibkr | Order 1518675 not found
2026-08-18 09:40:18 | ERROR    | trading_bot.broker.ibkr | Contract qualification failed for SGLY: This event loop is already running
2026-08-18 09:40:18 | ERROR    | trading_bot.engine   | IBKR close order FAILED for SGLY
2026-08-18 09:40:18 | ERROR    | trading_bot.engine   | CLOSE FAILED for SGLY — position stays tracked for retry next cycle. original_broker=IBKR
2026-08-18 09:40:18 | WARNING  | trading_bot.broker.ibkr | Order 1518675 not found
2026-08-18 09:40:18 | INFO     | trading_bot.engine   | Cancelled broker stop order for SGLY
2026-08-18 09:40:18 | WARNING  | trading_bot.broker.ibkr | Order 1518675 not found
2026-08-18 09:40:18 | ERROR    | trading_bot.broker.ibkr | Contract qualification failed for SGLY: This event loop is already running
2026-08-18 09:40:18 | ERROR    | trading_bot.engine   | IBKR close order FAILED for SGLY
2026-08-18 09:40:18 | ERROR    | trading_bot.engine   | CLOSE FAILED for SGLY — position stays tracked for retry next cycle. original_broker=IBKR
2026-08-18 09:40:18 | WARNING  | trading_bot.broker.ibkr | Order 1518675 not found
2026-08-18 09:40:18 | INFO     | trading_bot.engine   | Cancelled broker stop order for SGLY
2026-08-18 09:40:18 | WARNING  | trading_bot.broker.ibkr | Order 1518675 not found
2026-08-18 09:40:18 | ERROR    | trading_bot.broker.ibkr | Contract qualification failed for SGLY: This event loop is already running
2026-08-18 09:40:18 | ERROR    | trading_bot.engine   | IBKR close order FAILED for SGLY
2026-08-18 09:40:18 | ERROR    | trading_bot.engine   | CLOSE FAILED for SGLY — position stays tracked for retry next cycle. original_broker=IBKR
2026-08-18 09:40:18 | WARNING  | trading_bot.broker.ibkr | Order 1518675 not found
2026-08-18 09:40:18 | INFO     | trading_bot.engine   | Cancelled broker stop order for SGLY
2026-08-18 09:40:18 | WARNING  | trading_bot.broker.ibkr | Order 1518675 not found
2026-08-18 09:40:18 | ERROR    | trading_bot.broker.ibkr | Contract qualification failed for SGLY: This event loop is already running
2026-08-18 09:40:18 | ERROR    | trading_bot.engine   | IBKR close order FAILED for SGLY
2026-08-18 09:40:18 | ERROR    | trading_bot.engine   | CLOSE FAILED for SGLY — position stays tracked for retry next cycle. original_broker=IBKR
2026-08-18 09:40:19 | WARNING  | trading_bot.broker.ibkr | Order 1518675 not found
2026-08-18 09:40:19 | INFO     | trading_bot.engine   | Cancelled broker stop order for SGLY
2026-08-18 09:40:19 | WARNING  | trading_bot.broker.ibkr | Order 1518675 not found
2026-08-18 09:40:19 | ERROR    | trading_bot.broker.ibkr | Contract qualification failed for SGLY: This event loop is already running
2026-08-18 09:40:19 | ERROR    | trading_bot.engine   | IBKR close order FAILED for SGLY
2026-08-18 09:40:19 | ERROR    | trading_bot.engine   | CLOSE FAILED for SGLY — position stays tracked for retry next cycle. original_broker=IBKR
2026-08-18 09:40:19 | WARNING  | trading_bot.broker.ibkr | Order 1518675 not found
2026-08-18 09:40:19 | INFO     | trading_bot.engine   | Cancelled broker stop order for SGLY
2026-08-18 09:40:19 | WARNING  | trading_bot.broker.ibkr | Order 1518675 not found
2026-08-18 09:40:19 | ERROR    | trading_bot.broker.ibkr | Contract qualification failed for SGLY: This event loop is already running
2026-08-18 09:40:19 | ERROR    | trading_bot.engine   | IBKR close order FAILED for SGLY
2026-08-18 09:40:19 | ERROR    | trading_bot.engine   | CLOSE FAILED for SGLY — position stays tracked for retry next cycle. original_broker=IBKR
2026-08-18 09:40:19 | WARNING  | trading_bot.broker.ibkr | Order 1518675 not found
2026-08-18 09:40:19 | INFO     | trading_bot.engine   | Cancelled broker stop order for SGLY
2026-08-18 09:40:19 | WARNING  | trading_bot.broker.ibkr | Order 1518675 not found
2026-08-18 09:40:19 | ERROR    | trading_bot.broker.ibkr | Contract qualification failed for SGLY: This event loop is already running
2026-08-18 09:40:19 | ERROR    | trading_bot.engine   | IBKR close order FAILED for SGLY
2026-08-18 09:40:19 | ERROR    | trading_bot.engine   | CLOSE FAILED for SGLY — position stays tracked for retry next cycle. original_broker=IBKR
2026-08-18 09:40:20 | WARNING  | trading_bot.broker.ibkr | Order 1518675 not found
2026-08-18 09:40:20 | INFO     | trading_bot.engine   | Cancelled broker stop order for SGLY
2026-08-18 09:40:20 | WARNING  | trading_bot.broker.ibkr | Order 1518675 not found
2026-08-18 09:40:20 | ERROR    | trading_bot.broker.ibkr | Contract qualification failed for SGLY: This event loop is already running
2026-08-18 09:40:20 | ERROR    | trading_bot.engine   | IBKR close order FAILED for SGLY
2026-08-18 09:40:20 | ERROR    | trading_bot.engine   | CLOSE FAILED for SGLY — position stays tracked for retry next cycle. original_broker=IBKR
2026-08-18 09:40:20 | WARNING  | trading_bot.broker.ibkr | Order 1518675 not found
2026-08-18 09:40:20 | INFO     | trading_bot.engine   | Cancelled broker stop order for SGLY
2026-08-18 09:40:20 | WARNING  | trading_bot.broker.ibkr | Order 1518675 not found
2026-08-18 09:40:20 | ERROR    | trading_bot.broker.ibkr | Contract qualification failed for SGLY: This event loop is already running
2026-08-18 09:40:20 | ERROR    | trading_bot.engine   | IBKR close order FAILED for SGLY
2026-08-18 09:40:20 | ERROR    | trading_bot.engine   | CLOSE FAILED for SGLY — position stays tracked for retry next cycle. original_broker=IBKR
2026-08-18 09:40:20 | WARNING  | trading_bot.broker.ibkr | Order 1518675 not found
2026-08-18 09:40:20 | INFO     | trading_bot.engine   | Cancelled broker stop order for SGLY
2026-08-18 09:40:20 | WARNING  | trading_bot.broker.ibkr | Order 1518675 not found
2026-08-18 09:40:20 | ERROR    | trading_bot.broker.ibkr | Contract qualification failed for SGLY: This event loop is already running
2026-08-18 09:40:20 | ERROR    | trading_bot.engine   | IBKR close order FAILED for SGLY
2026-08-18 09:40:20 | ERROR    | trading_bot.engine   | CLOSE FAILED for SGLY — position stays tracked for retry next cycle. original_broker=IBKR
2026-08-18 09:40:20 | WARNING  | trading_bot.broker.ibkr | Order 1518675 not found
2026-08-18 09:40:20 | INFO     | trading_bot.engine   | Cancelled broker stop order for SGLY
2026-08-18 09:40:20 | WARNING  | trading_bot.broker.ibkr | Order 1518675 not found
2026-08-18 09:40:20 | ERROR    | trading_bot.broker.ibkr | Contract qualification failed for SGLY: This event loop is already running
2026-08-18 09:40:20 | ERROR    | trading_bot.engine   | IBKR close order FAILED for SGLY
2026-08-18 09:40:20 | ERROR    | trading_bot.engine   | CLOSE FAILED for SGLY — position stays tracked for retry next cycle. original_broker=IBKR
2026-08-18 09:40:21 | WARNING  | trading_bot.broker.ibkr | Order 1518675 not found
2026-08-18 09:40:21 | INFO     | trading_bot.engine   | Cancelled broker stop order for SGLY
2026-08-18 09:40:21 | WARNING  | trading_bot.broker.ibkr | Order 1518675 not found
2026-08-18 09:40:21 | ERROR    | trading_bot.broker.ibkr | Contract qualification failed for SGLY: This event loop is already running
2026-08-18 09:40:21 | ERROR    | trading_bot.engine   | IBKR close order FAILED for SGLY
2026-08-18 09:40:21 | ERROR    | trading_bot.engine   | CLOSE FAILED for SGLY — position stays tracked for retry next cycle. original_broker=IBKR
2026-08-18 09:40:21 | WARNING  | trading_bot.broker.ibkr | Order 1518675 not found
2026-08-18 09:40:21 | INFO     | trading_bot.engine   | Cancelled broker stop order for SGLY
2026-08-18 09:40:21 | WARNING  | trading_bot.broker.ibkr | Order 1518675 not found
2026-08-18 09:40:21 | ERROR    | trading_bot.broker.ibkr | Contract qualification failed for SGLY: This event loop is already running
2026-08-18 09:40:21 | ERROR    | trading_bot.engine   | IBKR close order FAILED for SGLY
2026-08-18 09:40:21 | ERROR    | trading_bot.engine   | CLOSE FAILED for SGLY — position stays tracked for retry next cycle. original_broker=IBKR
2026-08-18 09:40:22 | WARNING  | trading_bot.broker.ibkr | Order 1518675 not found
2026-08-18 09:40:22 | INFO     | trading_bot.engine   | Cancelled broker stop order for SGLY
2026-08-18 09:40:22 | WARNING  | trading_bot.broker.ibkr | Order 1518675 not found
2026-08-18 09:40:22 | ERROR    | trading_bot.broker.ibkr | Contract qualification failed for SGLY: This event loop is already running
2026-08-18 09:40:22 | ERROR    | trading_bot.engine   | IBKR close order FAILED for SGLY
2026-08-18 09:40:22 | ERROR    | trading_bot.engine   | CLOSE FAILED for SGLY — position stays tracked for retry next cycle. original_broker=IBKR
2026-08-18 09:40:22 | WARNING  | trading_bot.broker.ibkr | Order 1518675 not found
2026-08-18 09:40:22 | INFO     | trading_bot.engine   | Cancelled broker stop order for SGLY
2026-08-18 09:40:22 | WARNING  | trading_bot.broker.ibkr | Order 1518675 not found
2026-08-18 09:40:22 | ERROR    | trading_bot.broker.ibkr | Contract qualification failed for SGLY: This event loop is already running
2026-08-18 09:40:22 | ERROR    | trading_bot.engine   | IBKR close order FAILED for SGLY
2026-08-18 09:40:22 | ERROR    | trading_bot.engine   | CLOSE FAILED for SGLY — position stays tracked for retry next cycle. original_broker=IBKR
2026-08-18 09:40:22 | WARNING  | trading_bot.broker.ibkr | Order 1518675 not found
2026-08-18 09:40:22 | INFO     | trading_bot.engine   | Cancelled broker stop order for SGLY
2026-08-18 09:40:22 | WARNING  | trading_bot.broker.ibkr | Order 1518675 not found
2026-08-18 09:40:22 | ERROR    | trading_bot.broker.ibkr | Contract qualification failed for SGLY: This event loop is already running
2026-08-18 09:40:22 | ERROR    | trading_bot.engine   | IBKR close order FAILED for SGLY
2026-08-18 09:40:22 | ERROR    | trading_bot.engine   | CLOSE FAILED for SGLY — position stays tracked for retry next cycle. original_broker=IBKR
2026-08-18 09:40:22 | WARNING  | trading_bot.broker.ibkr | Order 1518675 not found
2026-08-18 09:40:22 | INFO     | trading_bot.engine   | Cancelled broker stop order for SGLY
2026-08-18 09:40:22 | WARNING  | trading_bot.broker.ibkr | Order 1518675 not found
2026-08-18 09:40:22 | ERROR    | trading_bot.broker.ibkr | Contract qualification failed for SGLY: This event loop is already running
2026-08-18 09:40:22 | ERROR    | trading_bot.engine   | IBKR close order FAILED for SGLY
2026-08-18 09:40:22 | ERROR    | trading_bot.engine   | CLOSE FAILED for SGLY — position stays tracked for retry next cycle. original_broker=IBKR
2026-08-18 09:40:23 | WARNING  | trading_bot.broker.ibkr | Order 1518675 not found
2026-08-18 09:40:23 | INFO     | trading_bot.engine   | Cancelled broker stop order for SGLY
2026-08-18 09:40:23 | WARNING  | trading_bot.broker.ibkr | Order 1518675 not found
2026-08-18 09:40:23 | ERROR    | trading_bot.broker.ibkr | Contract qualification failed for SGLY: This event loop is already running
2026-08-18 09:40:23 | ERROR    | trading_bot.engine   | IBKR close order FAILED for SGLY
2026-08-18 09:40:23 | ERROR    | trading_bot.engine   | CLOSE FAILED for SGLY — position stays tracked for retry next cycle. original_broker=IBKR
2026-08-18 09:40:23 | WARNING  | trading_bot.broker.ibkr | Order 1518675 not found
2026-08-18 09:40:23 | INFO     | trading_bot.engine   | Cancelled broker stop order for SGLY
2026-08-18 09:40:23 | WARNING  | trading_bot.broker.ibkr | Order 1518675 not found
2026-08-18 09:40:23 | ERROR    | trading_bot.broker.ibkr | Contract qualification failed for SGLY: This event loop is already running
2026-08-18 09:40:23 | ERROR    | trading_bot.engine   | IBKR close order FAILED for SGLY
2026-08-18 09:40:23 | ERROR    | trading_bot.engine   | CLOSE FAILED for SGLY — position stays tracked for retry next cycle. original_broker=IBKR
2026-08-18 09:40:24 | WARNING  | trading_bot.broker.ibkr | Order 1518675 not found
2026-08-18 09:40:24 | INFO     | trading_bot.engine   | Cancelled broker stop order for SGLY
2026-08-18 09:40:24 | WARNING  | trading_bot.broker.ibkr | Order 1518675 not found
2026-08-18 09:40:24 | ERROR    | trading_bot.broker.ibkr | Contract qualification failed for SGLY: This event loop is already running
2026-08-18 09:40:24 | ERROR    | trading_bot.engine   | IBKR close order FAILED for SGLY
2026-08-18 09:40:24 | ERROR    | trading_bot.engine   | CLOSE FAILED for SGLY — position stays tracked for retry next cycle. original_broker=IBKR
2026-08-18 09:40:24 | WARNING  | trading_bot.broker.ibkr | Order 1518675 not found
2026-08-18 09:40:24 | INFO     | trading_bot.engine   | Cancelled broker stop order for SGLY
2026-08-18 09:40:24 | WARNING  | trading_bot.broker.ibkr | Order 1518675 not found
2026-08-18 09:40:24 | ERROR    | trading_bot.broker.ibkr | Contract qualification failed for SGLY: This event loop is already running
2026-08-18 09:40:24 | ERROR    | trading_bot.engine   | IBKR close order FAILED for SGLY
2026-08-18 09:40:24 | ERROR    | trading_bot.engine   | CLOSE FAILED for SGLY — position stays tracked for retry next cycle. original_broker=IBKR
2026-08-18 09:40:24 | WARNING  | trading_bot.broker.ibkr | Order 1518675 not found
2026-08-18 09:40:24 | INFO     | trading_bot.engine   | Cancelled broker stop order for SGLY
2026-08-18 09:40:24 | WARNING  | trading_bot.broker.ibkr | Order 1518675 not found
2026-08-18 09:40:24 | ERROR    | trading_bot.broker.ibkr | Contract qualification failed for SGLY: This event loop is already running
2026-08-18 09:40:24 | ERROR    | trading_bot.engine   | IBKR close order FAILED for SGLY
2026-08-18 09:40:24 | ERROR    | trading_bot.engine   | CLOSE FAILED for SGLY — position stays tracked for retry next cycle. original_broker=IBKR
2026-08-18 09:40:24 | WARNING  | trading_bot.broker.ibkr | Order 1518675 not found
2026-08-18 09:40:24 | INFO     | trading_bot.engine   | Cancelled broker stop order for SGLY
2026-08-18 09:40:24 | WARNING  | trading_bot.broker.ibkr | Order 1518675 not found
2026-08-18 09:40:24 | ERROR    | trading_bot.broker.ibkr | Contract qualification failed for SGLY: This event loop is already running
2026-08-18 09:40:24 | ERROR    | trading_bot.engine   | IBKR close order FAILED for SGLY
2026-08-18 09:40:24 | ERROR    | trading_bot.engine   | CLOSE FAILED for SGLY — position stays tracked for retry next cycle. original_broker=IBKR
2026-08-18 09:40:24 | WARNING  | trading_bot.broker.ibkr | Order 1518675 not found
2026-08-18 09:40:24 | INFO     | trading_bot.engine   | Cancelled broker stop order for SGLY
2026-08-18 09:40:24 | WARNING  | trading_bot.broker.ibkr | Order 1518675 not found
2026-08-18 09:40:24 | ERROR    | trading_bot.broker.ibkr | Contract qualification failed for SGLY: This event loop is already running
2026-08-18 09:40:24 | ERROR    | trading_bot.engine   | IBKR close order FAILED for SGLY
2026-08-18 09:40:24 | ERROR    | trading_bot.engine   | CLOSE FAILED for SGLY — position stays tracked for retry next cycle. original_broker=IBKR
2026-08-18 09:40:25 | WARNING  | trading_bot.broker.ibkr | Order 1518675 not found
2026-08-18 09:40:25 | INFO     | trading_bot.engine   | Cancelled broker stop order for SGLY
2026-08-18 09:40:25 | WARNING  | trading_bot.broker.ibkr | Order 1518675 not found
2026-08-18 09:40:25 | ERROR    | trading_bot.broker.ibkr | Contract qualification failed for SGLY: This event loop is already running
2026-08-18 09:40:25 | ERROR    | trading_bot.engine   | IBKR close order FAILED for SGLY
2026-08-18 09:40:25 | ERROR    | trading_bot.engine   | CLOSE FAILED for SGLY — position stays tracked for retry next cycle. original_broker=IBKR
2026-08-18 09:40:25 | WARNING  | trading_bot.broker.ibkr | Order 1518675 not found
2026-08-18 09:40:25 | INFO     | trading_bot.engine   | Cancelled broker stop order for SGLY
2026-08-18 09:40:25 | WARNING  | trading_bot.broker.ibkr | Order 1518675 not found
2026-08-18 09:40:25 | ERROR    | trading_bot.broker.ibkr | Contract qualification failed for SGLY: This event loop is already running
2026-08-18 09:40:25 | ERROR    | trading_bot.engine   | IBKR close order FAILED for SGLY
2026-08-18 09:40:25 | ERROR    | trading_bot.engine   | CLOSE FAILED for SGLY — position stays tracked for retry next cycle. original_broker=IBKR
2026-08-18 09:40:26 | WARNING  | trading_bot.broker.ibkr | Order 1518675 not found
2026-08-18 09:40:26 | INFO     | trading_bot.engine   | Cancelled broker stop order for SGLY
2026-08-18 09:40:26 | WARNING  | trading_bot.broker.ibkr | Order 1518675 not found
2026-08-18 09:40:26 | ERROR    | trading_bot.broker.ibkr | Contract qualification failed for SGLY: This event loop is already running
2026-08-18 09:40:26 | ERROR    | trading_bot.engine   | IBKR close order FAILED for SGLY
2026-08-18 09:40:26 | ERROR    | trading_bot.engine   | CLOSE FAILED for SGLY — position stays tracked for retry next cycle. original_broker=IBKR
2026-08-18 09:40:26 | WARNING  | trading_bot.broker.ibkr | Order 1518675 not found
2026-08-18 09:40:26 | INFO     | trading_bot.engine   | Cancelled broker stop order for SGLY
2026-08-18 09:40:26 | WARNING  | trading_bot.broker.ibkr | Order 1518675 not found
2026-08-18 09:40:26 | ERROR    | trading_bot.broker.ibkr | Contract qualification failed for SGLY: This event loop is already running
2026-08-18 09:40:26 | ERROR    | trading_bot.engine   | IBKR close order FAILED for SGLY
2026-08-18 09:40:26 | ERROR    | trading_bot.engine   | CLOSE FAILED for SGLY — position stays tracked for retry next cycle. original_broker=IBKR
2026-08-18 09:40:27 | WARNING  | trading_bot.broker.ibkr | Order 1518675 not found
2026-08-18 09:40:27 | INFO     | trading_bot.engine   | Cancelled broker stop order for SGLY
2026-08-18 09:40:27 | WARNING  | trading_bot.broker.ibkr | Order 1518675 not found
2026-08-18 09:40:27 | ERROR    | trading_bot.broker.ibkr | Contract qualification failed for SGLY: This event loop is already running
2026-08-18 09:40:27 | ERROR    | trading_bot.engine   | IBKR close order FAILED for SGLY
2026-08-18 09:40:27 | ERROR    | trading_bot.engine   | CLOSE FAILED for SGLY — position stays tracked for retry next cycle. original_broker=IBKR
2026-08-18 09:40:27 | WARNING  | trading_bot.broker.ibkr | Order 1518675 not found
2026-08-18 09:40:27 | INFO     | trading_bot.engine   | Cancelled broker stop order for SGLY
2026-08-18 09:40:27 | WARNING  | trading_bot.broker.ibkr | Order 1518675 not found
2026-08-18 09:40:27 | ERROR    | trading_bot.broker.ibkr | Contract qualification failed for SGLY: This event loop is already running
2026-08-18 09:40:27 | ERROR    | trading_bot.engine   | IBKR close order FAILED for SGLY
2026-08-18 09:40:27 | ERROR    | trading_bot.engine   | CLOSE FAILED for SGLY — position stays tracked for retry next cycle. original_broker=IBKR
2026-08-18 09:40:28 | WARNING  | trading_bot.broker.ibkr | Order 1518675 not found
2026-08-18 09:40:28 | INFO     | trading_bot.engine   | Cancelled broker stop order for SGLY
2026-08-18 09:40:28 | WARNING  | trading_bot.broker.ibkr | Order 1518675 not found
2026-08-18 09:40:28 | ERROR    | trading_bot.broker.ibkr | Contract qualification failed for SGLY: This event loop is already running
2026-08-18 09:40:28 | ERROR    | trading_bot.engine   | IBKR close order FAILED for SGLY
2026-08-18 09:40:28 | ERROR    | trading_bot.engine   | CLOSE FAILED for SGLY — position stays tracked for retry next cycle. original_broker=IBKR
2026-08-18 09:40:28 | WARNING  | trading_bot.broker.ibkr | Order 1518675 not found
2026-08-18 09:40:28 | INFO     | trading_bot.engine   | Cancelled broker stop order for SGLY
2026-08-18 09:40:28 | WARNING  | trading_bot.broker.ibkr | Order 1518675 not found
2026-08-18 09:40:28 | ERROR    | trading_bot.broker.ibkr | Contract qualification failed for SGLY: This event loop is already running
2026-08-18 09:40:28 | ERROR    | trading_bot.engine   | IBKR close order FAILED for SGLY
2026-08-18 09:40:28 | ERROR    | trading_bot.engine   | CLOSE FAILED for SGLY — position stays tracked for retry next cycle. original_broker=IBKR
2026-08-18 09:40:28 | WARNING  | trading_bot.broker.ibkr | Order 1518675 not found
2026-08-18 09:40:28 | INFO     | trading_bot.engine   | Cancelled broker stop order for SGLY
2026-08-18 09:40:28 | WARNING  | trading_bot.broker.ibkr | Order 1518675 not found
2026-08-18 09:40:28 | ERROR    | trading_bot.broker.ibkr | Contract qualification failed for SGLY: This event loop is already running
2026-08-18 09:40:28 | ERROR    | trading_bot.engine   | IBKR close order FAILED for SGLY
2026-08-18 09:40:28 | ERROR    | trading_bot.engine   | CLOSE FAILED for SGLY — position stays tracked for retry next cycle. original_broker=IBKR
2026-08-18 09:40:28 | WARNING  | trading_bot.broker.ibkr | Order 1518675 not found
2026-08-18 09:40:28 | INFO     | trading_bot.engine   | Cancelled broker stop order for SGLY
2026-08-18 09:40:28 | WARNING  | trading_bot.broker.ibkr | Order 1518675 not found
2026-08-18 09:40:28 | ERROR    | trading_bot.broker.ibkr | Contract qualification failed for SGLY: This event loop is already running
2026-08-18 09:40:28 | ERROR    | trading_bot.engine   | IBKR close order FAILED for SGLY
2026-08-18 09:40:28 | ERROR    | trading_bot.engine   | CLOSE FAILED for SGLY — position stays tracked for retry next cycle. original_broker=IBKR
2026-08-18 09:40:29 | WARNING  | trading_bot.broker.ibkr | Order 1518675 not found
2026-08-18 09:40:29 | INFO     | trading_bot.engine   | Cancelled broker stop order for SGLY
2026-08-18 09:40:29 | WARNING  | trading_bot.broker.ibkr | Order 1518675 not found
2026-08-18 09:40:29 | ERROR    | trading_bot.broker.ibkr | Contract qualification failed for SGLY: This event loop is already running
2026-08-18 09:40:29 | ERROR    | trading_bot.engine   | IBKR close order FAILED for SGLY
2026-08-18 09:40:29 | ERROR    | trading_bot.engine   | CLOSE FAILED for SGLY — position stays tracked for retry next cycle. original_broker=IBKR
2026-08-18 09:40:29 | WARNING  | trading_bot.broker.ibkr | Order 1518675 not found
2026-08-18 09:40:29 | INFO     | trading_bot.engine   | Cancelled broker stop order for SGLY
2026-08-18 09:40:29 | WARNING  | trading_bot.broker.ibkr | Order 1518675 not found
2026-08-18 09:40:29 | ERROR    | trading_bot.broker.ibkr | Contract qualification failed for SGLY: This event loop is already running
2026-08-18 09:40:29 | ERROR    | trading_bot.engine   | IBKR close order FAILED for SGLY
2026-08-18 09:40:29 | ERROR    | trading_bot.engine   | CLOSE FAILED for SGLY — position stays tracked for retry next cycle. original_broker=IBKR
2026-08-18 09:40:29 | WARNING  | trading_bot.broker.ibkr | Order 1518675 not found
2026-08-18 09:40:29 | INFO     | trading_bot.engine   | Cancelled broker stop order for SGLY
2026-08-18 09:40:29 | WARNING  | trading_bot.broker.ibkr | Order 1518675 not found
2026-08-18 09:40:29 | ERROR    | trading_bot.broker.ibkr | Contract qualification failed for SGLY: This event loop is already running
2026-08-18 09:40:29 | ERROR    | trading_bot.engine   | IBKR close order FAILED for SGLY
2026-08-18 09:40:29 | ERROR    | trading_bot.engine   | CLOSE FAILED for SGLY — position stays tracked for retry next cycle. original_broker=IBKR
2026-08-18 09:40:30 | WARNING  | trading_bot.broker.ibkr | Order 1518675 not found
2026-08-18 09:40:30 | INFO     | trading_bot.engine   | Cancelled broker stop order for SGLY
2026-08-18 09:40:30 | WARNING  | trading_bot.broker.ibkr | Order 1518675 not found
2026-08-18 09:40:30 | ERROR    | trading_bot.broker.ibkr | Contract qualification failed for SGLY: This event loop is already running
2026-08-18 09:40:30 | ERROR    | trading_bot.engine   | IBKR close order FAILED for SGLY
2026-08-18 09:40:30 | ERROR    | trading_bot.engine   | CLOSE FAILED for SGLY — position stays tracked for retry next cycle. original_broker=IBKR
2026-08-18 09:40:30 | WARNING  | trading_bot.broker.ibkr | Order 1518675 not found
2026-08-18 09:40:30 | INFO     | trading_bot.engine   | Cancelled broker stop order for SGLY
2026-08-18 09:40:30 | WARNING  | trading_bot.broker.ibkr | Order 1518675 not found
2026-08-18 09:40:30 | ERROR    | trading_bot.broker.ibkr | Contract qualification failed for SGLY: This event loop is already running
2026-08-18 09:40:30 | ERROR    | trading_bot.engine   | IBKR close order FAILED for SGLY
2026-08-18 09:40:30 | ERROR    | trading_bot.engine   | CLOSE FAILED for SGLY — position stays tracked for retry next cycle. original_broker=IBKR
2026-08-18 09:40:30 | WARNING  | trading_bot.broker.ibkr | Order 1518675 not found
2026-08-18 09:40:30 | INFO     | trading_bot.engine   | Cancelled broker stop order for SGLY
2026-08-18 09:40:30 | WARNING  | trading_bot.broker.ibkr | Order 1518675 not found
2026-08-18 09:40:30 | ERROR    | trading_bot.broker.ibkr | Contract qualification failed for SGLY: This event loop is already running
2026-08-18 09:40:30 | ERROR    | trading_bot.engine   | IBKR close order FAILED for SGLY
2026-08-18 09:40:30 | ERROR    | trading_bot.engine   | CLOSE FAILED for SGLY — position stays tracked for retry next cycle. original_broker=IBKR
2026-08-18 09:40:30 | WARNING  | trading_bot.broker.ibkr | Order 1518675 not found
2026-08-18 09:40:30 | INFO     | trading_bot.engine   | Cancelled broker stop order for SGLY
2026-08-18 09:40:30 | WARNING  | trading_bot.broker.ibkr | Order 1518675 not found
2026-08-18 09:40:30 | ERROR    | trading_bot.broker.ibkr | Contract qualification failed for SGLY: This event loop is already running
2026-08-18 09:40:30 | ERROR    | trading_bot.engine   | IBKR close order FAILED for SGLY
2026-08-18 09:40:30 | ERROR    | trading_bot.engine   | CLOSE FAILED for SGLY — position stays tracked for retry next cycle. original_broker=IBKR
2026-08-18 09:40:31 | WARNING  | trading_bot.broker.ibkr | Order 1518675 not found
2026-08-18 09:40:31 | INFO     | trading_bot.engine   | Cancelled broker stop order for SGLY
2026-08-18 09:40:31 | WARNING  | trading_bot.broker.ibkr | Order 1518675 not found
2026-08-18 09:40:31 | ERROR    | trading_bot.broker.ibkr | Contract qualification failed for SGLY: This event loop is already running
2026-08-18 09:40:31 | ERROR    | trading_bot.engine   | IBKR close order FAILED for SGLY
2026-08-18 09:40:31 | ERROR    | trading_bot.engine   | CLOSE FAILED for SGLY — position stays tracked for retry next cycle. original_broker=IBKR
2026-08-18 09:40:31 | WARNING  | trading_bot.broker.ibkr | Order 1518675 not found
2026-08-18 09:40:31 | INFO     | trading_bot.engine   | Cancelled broker stop order for SGLY
2026-08-18 09:40:31 | WARNING  | trading_bot.broker.ibkr | Order 1518675 not found
2026-08-18 09:40:31 | ERROR    | trading_bot.broker.ibkr | Contract qualification failed for SGLY: This event loop is already running
2026-08-18 09:40:31 | ERROR    | trading_bot.engine   | IBKR close order FAILED for SGLY
2026-08-18 09:40:31 | ERROR    | trading_bot.engine   | CLOSE FAILED for SGLY — position stays tracked for retry next cycle. original_broker=IBKR
2026-08-18 09:40:32 | WARNING  | trading_bot.broker.ibkr | Order 1518675 not found
2026-08-18 09:40:32 | INFO     | trading_bot.engine   | Cancelled broker stop order for SGLY
2026-08-18 09:40:32 | WARNING  | trading_bot.broker.ibkr | Order 1518675 not found
2026-08-18 09:40:32 | ERROR    | trading_bot.broker.ibkr | Contract qualification failed for SGLY: This event loop is already running
2026-08-18 09:40:32 | ERROR    | trading_bot.engine   | IBKR close order FAILED for SGLY
2026-08-18 09:40:32 | ERROR    | trading_bot.engine   | CLOSE FAILED for SGLY — position stays tracked for retry next cycle. original_broker=IBKR
2026-08-18 09:40:32 | WARNING  | trading_bot.broker.ibkr | Order 1518675 not found
2026-08-18 09:40:32 | INFO     | trading_bot.engine   | Cancelled broker stop order for SGLY
2026-08-18 09:40:32 | WARNING  | trading_bot.broker.ibkr | Order 1518675 not found
2026-08-18 09:40:32 | ERROR    | trading_bot.broker.ibkr | Contract qualification failed for SGLY: This event loop is already running
2026-08-18 09:40:32 | ERROR    | trading_bot.engine   | IBKR close order FAILED for SGLY
2026-08-18 09:40:32 | ERROR    | trading_bot.engine   | CLOSE FAILED for SGLY — position stays tracked for retry next cycle. original_broker=IBKR
2026-08-18 09:40:33 | WARNING  | trading_bot.broker.ibkr | Order 1518675 not found
2026-08-18 09:40:33 | INFO     | trading_bot.engine   | Cancelled broker stop order for SGLY
2026-08-18 09:40:33 | WARNING  | trading_bot.broker.ibkr | Order 1518675 not found
2026-08-18 09:40:33 | ERROR    | trading_bot.broker.ibkr | Contract qualification failed for SGLY: This event loop is already running
2026-08-18 09:40:33 | ERROR    | trading_bot.engine   | IBKR close order FAILED for SGLY
2026-08-18 09:40:33 | ERROR    | trading_bot.engine   | CLOSE FAILED for SGLY — position stays tracked for retry next cycle. original_broker=IBKR
2026-08-18 09:40:33 | WARNING  | trading_bot.broker.ibkr | Order 1518675 not found
2026-08-18 09:40:33 | INFO     | trading_bot.engine   | Cancelled broker stop order for SGLY
2026-08-18 09:40:33 | WARNING  | trading_bot.broker.ibkr | Order 1518675 not found
2026-08-18 09:40:33 | ERROR    | trading_bot.broker.ibkr | Contract qualification failed for SGLY: This event loop is already running
2026-08-18 09:40:33 | ERROR    | trading_bot.engine   | IBKR close order FAILED for SGLY
2026-08-18 09:40:33 | ERROR    | trading_bot.engine   | CLOSE FAILED for SGLY — position stays tracked for retry next cycle. original_broker=IBKR
2026-08-18 09:40:33 | WARNING  | trading_bot.broker.ibkr | Order 1518675 not found
2026-08-18 09:40:33 | INFO     | trading_bot.engine   | Cancelled broker stop order for SGLY
2026-08-18 09:40:33 | WARNING  | trading_bot.broker.ibkr | Order 1518675 not found
2026-08-18 09:40:33 | ERROR    | trading_bot.broker.ibkr | Contract qualification failed for SGLY: This event loop is already running
2026-08-18 09:40:33 | ERROR    | trading_bot.engine   | IBKR close order FAILED for SGLY
2026-08-18 09:40:33 | ERROR    | trading_bot.engine   | CLOSE FAILED for SGLY — position stays tracked for retry next cycle. original_broker=IBKR
2026-08-18 09:40:33 | WARNING  | trading_bot.broker.ibkr | Order 1518675 not found
2026-08-18 09:40:33 | INFO     | trading_bot.engine   | Cancelled broker stop order for SGLY
2026-08-18 09:40:33 | WARNING  | trading_bot.broker.ibkr | Order 1518675 not found
2026-08-18 09:40:33 | ERROR    | trading_bot.broker.ibkr | Contract qualification failed for SGLY: This event loop is already running
2026-08-18 09:40:33 | ERROR    | trading_bot.engine   | IBKR close order FAILED for SGLY
2026-08-18 09:40:33 | ERROR    | trading_bot.engine   | CLOSE FAILED for SGLY — position stays tracked for retry next cycle. original_broker=IBKR
2026-08-18 09:40:34 | WARNING  | trading_bot.broker.ibkr | Order 1518675 not found
2026-08-18 09:40:34 | INFO     | trading_bot.engine   | Cancelled broker stop order for SGLY
2026-08-18 09:40:34 | WARNING  | trading_bot.broker.ibkr | Order 1518675 not found
2026-08-18 09:40:34 | ERROR    | trading_bot.broker.ibkr | Contract qualification failed for SGLY: This event loop is already running
2026-08-18 09:40:34 | ERROR    | trading_bot.engine   | IBKR close order FAILED for SGLY
2026-08-18 09:40:34 | ERROR    | trading_bot.engine   | CLOSE FAILED for SGLY — position stays tracked for retry next cycle. original_broker=IBKR
2026-08-18 09:40:34 | WARNING  | trading_bot.broker.ibkr | Order 1518675 not found
2026-08-18 09:40:34 | INFO     | trading_bot.engine   | Cancelled broker stop order for SGLY
2026-08-18 09:40:34 | WARNING  | trading_bot.broker.ibkr | Order 1518675 not found
2026-08-18 09:40:34 | ERROR    | trading_bot.broker.ibkr | Contract qualification failed for SGLY: This event loop is already running
2026-08-18 09:40:34 | ERROR    | trading_bot.engine   | IBKR close order FAILED for SGLY
2026-08-18 09:40:34 | ERROR    | trading_bot.engine   | CLOSE FAILED for SGLY — position stays tracked for retry next cycle. original_broker=IBKR
2026-08-18 09:40:35 | WARNING  | trading_bot.broker.ibkr | Order 1518675 not found
2026-08-18 09:40:35 | INFO     | trading_bot.engine   | Cancelled broker stop order for SGLY
2026-08-18 09:40:35 | WARNING  | trading_bot.broker.ibkr | Order 1518675 not found
2026-08-18 09:40:35 | ERROR    | trading_bot.broker.ibkr | Contract qualification failed for SGLY: This event loop is already running
2026-08-18 09:40:35 | ERROR    | trading_bot.engine   | IBKR close order FAILED for SGLY
2026-08-18 09:40:35 | ERROR    | trading_bot.engine   | CLOSE FAILED for SGLY — position stays tracked for retry next cycle. original_broker=IBKR
2026-08-18 09:40:35 | WARNING  | trading_bot.broker.ibkr | Order 1518675 not found
2026-08-18 09:40:35 | INFO     | trading_bot.engine   | Cancelled broker stop order for SGLY
2026-08-18 09:40:35 | WARNING  | trading_bot.broker.ibkr | Order 1518675 not found
2026-08-18 09:40:35 | ERROR    | trading_bot.broker.ibkr | Contract qualification failed for SGLY: This event loop is already running
2026-08-18 09:40:35 | ERROR    | trading_bot.engine   | IBKR close order FAILED for SGLY
2026-08-18 09:40:35 | ERROR    | trading_bot.engine   | CLOSE FAILED for SGLY — position stays tracked for retry next cycle. original_broker=IBKR
2026-08-18 09:40:35 | WARNING  | trading_bot.broker.ibkr | Order 1518675 not found
2026-08-18 09:40:35 | INFO     | trading_bot.engine   | Cancelled broker stop order for SGLY
2026-08-18 09:40:35 | WARNING  | trading_bot.broker.ibkr | Order 1518675 not found
2026-08-18 09:40:35 | ERROR    | trading_bot.broker.ibkr | Contract qualification failed for SGLY: This event loop is already running
2026-08-18 09:40:35 | ERROR    | trading_bot.engine   | IBKR close order FAILED for SGLY
2026-08-18 09:40:35 | ERROR    | trading_bot.engine   | CLOSE FAILED for SGLY — position stays tracked for retry next cycle. original_broker=IBKR
2026-08-18 09:40:35 | WARNING  | trading_bot.broker.ibkr | Order 1518675 not found
2026-08-18 09:40:35 | INFO     | trading_bot.engine   | Cancelled broker stop order for SGLY
2026-08-18 09:40:35 | WARNING  | trading_bot.broker.ibkr | Order 1518675 not found
2026-08-18 09:40:35 | ERROR    | trading_bot.broker.ibkr | Contract qualification failed for SGLY: This event loop is already running
2026-08-18 09:40:35 | ERROR    | trading_bot.engine   | IBKR close order FAILED for SGLY
2026-08-18 09:40:35 | ERROR    | trading_bot.engine   | CLOSE FAILED for SGLY — position stays tracked for retry next cycle. original_broker=IBKR
2026-08-18 09:40:36 | WARNING  | trading_bot.broker.ibkr | Order 1518675 not found
2026-08-18 09:40:36 | INFO     | trading_bot.engine   | Cancelled broker stop order for SGLY
2026-08-18 09:40:36 | WARNING  | trading_bot.broker.ibkr | Order 1518675 not found
2026-08-18 09:40:36 | ERROR    | trading_bot.broker.ibkr | Contract qualification failed for SGLY: This event loop is already running
2026-08-18 09:40:36 | ERROR    | trading_bot.engine   | IBKR close order FAILED for SGLY
2026-08-18 09:40:36 | ERROR    | trading_bot.engine   | CLOSE FAILED for SGLY — position stays tracked for retry next cycle. original_broker=IBKR
2026-08-18 09:40:36 | WARNING  | trading_bot.broker.ibkr | Order 1518675 not found
2026-08-18 09:40:36 | INFO     | trading_bot.engine   | Cancelled broker stop order for SGLY
2026-08-18 09:40:36 | WARNING  | trading_bot.broker.ibkr | Order 1518675 not found
2026-08-18 09:40:36 | ERROR    | trading_bot.broker.ibkr | Contract qualification failed for SGLY: This event loop is already running
2026-08-18 09:40:36 | ERROR    | trading_bot.engine   | IBKR close order FAILED for SGLY
2026-08-18 09:40:36 | ERROR    | trading_bot.engine   | CLOSE FAILED for SGLY — position stays tracked for retry next cycle. original_broker=IBKR
2026-08-18 09:40:36 | WARNING  | trading_bot.broker.ibkr | Order 1518675 not found
2026-08-18 09:40:36 | INFO     | trading_bot.engine   | Cancelled broker stop order for SGLY
2026-08-18 09:40:36 | WARNING  | trading_bot.broker.ibkr | Order 1518675 not found
2026-08-18 09:40:36 | ERROR    | trading_bot.broker.ibkr | Contract qualification failed for SGLY: This event loop is already running
2026-08-18 09:40:36 | ERROR    | trading_bot.engine   | IBKR close order FAILED for SGLY
2026-08-18 09:40:36 | ERROR    | trading_bot.engine   | CLOSE FAILED for SGLY — position stays tracked for retry next cycle. original_broker=IBKR
2026-08-18 09:40:36 | WARNING  | trading_bot.broker.ibkr | Order 1518675 not found
2026-08-18 09:40:36 | INFO     | trading_bot.engine   | Cancelled broker stop order for SGLY
2026-08-18 09:40:36 | WARNING  | trading_bot.broker.ibkr | Order 1518675 not found
2026-08-18 09:40:36 | ERROR    | trading_bot.broker.ibkr | Contract qualification failed for SGLY: This event loop is already running
2026-08-18 09:40:36 | ERROR    | trading_bot.engine   | IBKR close order FAILED for SGLY
2026-08-18 09:40:36 | ERROR    | trading_bot.engine   | CLOSE FAILED for SGLY — position stays tracked for retry next cycle. original_broker=IBKR
2026-08-18 09:40:37 | WARNING  | trading_bot.broker.ibkr | Order 1518675 not found
2026-08-18 09:40:37 | INFO     | trading_bot.engine   | Cancelled broker stop order for SGLY
2026-08-18 09:40:37 | WARNING  | trading_bot.broker.ibkr | Order 1518675 not found
2026-08-18 09:40:37 | ERROR    | trading_bot.broker.ibkr | Contract qualification failed for SGLY: This event loop is already running
2026-08-18 09:40:37 | ERROR    | trading_bot.engine   | IBKR close order FAILED for SGLY
2026-08-18 09:40:37 | ERROR    | trading_bot.engine   | CLOSE FAILED for SGLY — position stays tracked for retry next cycle. original_broker=IBKR
2026-08-18 09:40:37 | WARNING  | trading_bot.broker.ibkr | Order 1518675 not found
2026-08-18 09:40:37 | INFO     | trading_bot.engine   | Cancelled broker stop order for SGLY
2026-08-18 09:40:37 | WARNING  | trading_bot.broker.ibkr | Order 1518675 not found
2026-08-18 09:40:37 | ERROR    | trading_bot.broker.ibkr | Contract qualification failed for SGLY: This event loop is already running
2026-08-18 09:40:37 | ERROR    | trading_bot.engine   | IBKR close order FAILED for SGLY
2026-08-18 09:40:37 | ERROR    | trading_bot.engine   | CLOSE FAILED for SGLY — position stays tracked for retry next cycle. original_broker=IBKR
2026-08-18 09:40:37 | WARNING  | trading_bot.broker.ibkr | Order 1518675 not found
2026-08-18 09:40:37 | INFO     | trading_bot.engine   | Cancelled broker stop order for SGLY
2026-08-18 09:40:37 | WARNING  | trading_bot.broker.ibkr | Order 1518675 not found
2026-08-18 09:40:37 | ERROR    | trading_bot.broker.ibkr | Contract qualification failed for SGLY: This event loop is already running
2026-08-18 09:40:37 | ERROR    | trading_bot.engine   | IBKR close order FAILED for SGLY
2026-08-18 09:40:37 | ERROR    | trading_bot.engine   | CLOSE FAILED for SGLY — position stays tracked for retry next cycle. original_broker=IBKR
2026-08-18 09:40:37 | WARNING  | trading_bot.broker.ibkr | Order 1518675 not found
2026-08-18 09:40:37 | INFO     | trading_bot.engine   | Cancelled broker stop order for SGLY
2026-08-18 09:40:37 | WARNING  | trading_bot.broker.ibkr | Order 1518675 not found
2026-08-18 09:40:37 | ERROR    | trading_bot.broker.ibkr | Contract qualification failed for SGLY: This event loop is already running
2026-08-18 09:40:37 | ERROR    | trading_bot.engine   | IBKR close order FAILED for SGLY
2026-08-18 09:40:37 | ERROR    | trading_bot.engine   | CLOSE FAILED for SGLY — position stays tracked for retry next cycle. original_broker=IBKR
2026-08-18 09:40:38 | WARNING  | trading_bot.broker.ibkr | Order 1518675 not found
2026-08-18 09:40:38 | INFO     | trading_bot.engine   | Cancelled broker stop order for SGLY
2026-08-18 09:40:38 | WARNING  | trading_bot.broker.ibkr | Order 1518675 not found
2026-08-18 09:40:38 | ERROR    | trading_bot.broker.ibkr | Contract qualification failed for SGLY: This event loop is already running
2026-08-18 09:40:38 | ERROR    | trading_bot.engine   | IBKR close order FAILED for SGLY
2026-08-18 09:40:38 | ERROR    | trading_bot.engine   | CLOSE FAILED for SGLY — position stays tracked for retry next cycle. original_broker=IBKR
2026-08-18 09:40:38 | WARNING  | trading_bot.broker.ibkr | Order 1518675 not found
2026-08-18 09:40:38 | INFO     | trading_bot.engine   | Cancelled broker stop order for SGLY
2026-08-18 09:40:38 | WARNING  | trading_bot.broker.ibkr | Order 1518675 not found
2026-08-18 09:40:38 | ERROR    | trading_bot.broker.ibkr | Contract qualification failed for SGLY: This event loop is already running
2026-08-18 09:40:38 | ERROR    | trading_bot.engine   | IBKR close order FAILED for SGLY
2026-08-18 09:40:38 | ERROR    | trading_bot.engine   | CLOSE FAILED for SGLY — position stays tracked for retry next cycle. original_broker=IBKR
2026-08-18 09:40:39 | WARNING  | trading_bot.broker.ibkr | Order 1518675 not found
2026-08-18 09:40:39 | INFO     | trading_bot.engine   | Cancelled broker stop order for SGLY
2026-08-18 09:40:39 | WARNING  | trading_bot.broker.ibkr | Order 1518675 not found
2026-08-18 09:40:39 | ERROR    | trading_bot.broker.ibkr | Contract qualification failed for SGLY: This event loop is already running
2026-08-18 09:40:39 | ERROR    | trading_bot.engine   | IBKR close order FAILED for SGLY
2026-08-18 09:40:39 | ERROR    | trading_bot.engine   | CLOSE FAILED for SGLY — position stays tracked for retry next cycle. original_broker=IBKR
2026-08-18 09:40:39 | WARNING  | trading_bot.broker.ibkr | Order 1518675 not found
2026-08-18 09:40:39 | INFO     | trading_bot.engine   | Cancelled broker stop order for SGLY
2026-08-18 09:40:39 | WARNING  | trading_bot.broker.ibkr | Order 1518675 not found
2026-08-18 09:40:39 | ERROR    | trading_bot.broker.ibkr | Contract qualification failed for SGLY: This event loop is already running
2026-08-18 09:40:39 | ERROR    | trading_bot.engine   | IBKR close order FAILED for SGLY
2026-08-18 09:40:39 | ERROR    | trading_bot.engine   | CLOSE FAILED for SGLY — position stays tracked for retry next cycle. original_broker=IBKR
2026-08-18 09:40:39 | WARNING  | trading_bot.broker.ibkr | Order 1518675 not found
2026-08-18 09:40:39 | INFO     | trading_bot.engine   | Cancelled broker stop order for SGLY
2026-08-18 09:40:39 | WARNING  | trading_bot.broker.ibkr | Order 1518675 not found
2026-08-18 09:40:39 | ERROR    | trading_bot.broker.ibkr | Contract qualification failed for SGLY: This event loop is already running
2026-08-18 09:40:39 | ERROR    | trading_bot.engine   | IBKR close order FAILED for SGLY
2026-08-18 09:40:39 | ERROR    | trading_bot.engine   | CLOSE FAILED for SGLY — position stays tracked for retry next cycle. original_broker=IBKR
2026-08-18 09:40:41 | WARNING  | trading_bot.broker.ibkr | Order 1518675 not found
2026-08-18 09:40:41 | INFO     | trading_bot.engine   | Cancelled broker stop order for SGLY
2026-08-18 09:40:41 | WARNING  | trading_bot.broker.ibkr | Order 1518675 not found
2026-08-18 09:40:41 | ERROR    | trading_bot.broker.ibkr | Contract qualification failed for SGLY: This event loop is already running
2026-08-18 09:40:41 | ERROR    | trading_bot.engine   | IBKR close order FAILED for SGLY
2026-08-18 09:40:41 | ERROR    | trading_bot.engine   | CLOSE FAILED for SGLY — position stays tracked for retry next cycle. original_broker=IBKR
2026-08-18 09:40:42 | WARNING  | trading_bot.broker.ibkr | Order 1518675 not found
2026-08-18 09:40:42 | INFO     | trading_bot.engine   | Cancelled broker stop order for SGLY
2026-08-18 09:40:42 | WARNING  | trading_bot.broker.ibkr | Order 1518675 not found
2026-08-18 09:40:42 | ERROR    | trading_bot.broker.ibkr | Contract qualification failed for SGLY: This event loop is already running
2026-08-18 09:40:42 | ERROR    | trading_bot.engine   | IBKR close order FAILED for SGLY
2026-08-18 09:40:42 | ERROR    | trading_bot.engine   | CLOSE FAILED for SGLY — position stays tracked for retry next cycle. original_broker=IBKR
2026-08-18 09:40:42 | WARNING  | trading_bot.broker.ibkr | Order 1518675 not found
2026-08-18 09:40:42 | INFO     | trading_bot.engine   | Cancelled broker stop order for SGLY
2026-08-18 09:40:42 | WARNING  | trading_bot.broker.ibkr | Order 1518675 not found
2026-08-18 09:40:42 | ERROR    | trading_bot.broker.ibkr | Contract qualification failed for SGLY: This event loop is already running
2026-08-18 09:40:42 | ERROR    | trading_bot.engine   | IBKR close order FAILED for SGLY
2026-08-18 09:40:42 | ERROR    | trading_bot.engine   | CLOSE FAILED for SGLY — position stays tracked for retry next cycle. original_broker=IBKR
2026-08-18 09:40:42 | WARNING  | trading_bot.broker.ibkr | Order 1518675 not found
2026-08-18 09:40:42 | INFO     | trading_bot.engine   | Cancelled broker stop order for SGLY
2026-08-18 09:40:42 | WARNING  | trading_bot.broker.ibkr | Order 1518675 not found
2026-08-18 09:40:42 | ERROR    | trading_bot.broker.ibkr | Contract qualification failed for SGLY: This event loop is already running
2026-08-18 09:40:42 | ERROR    | trading_bot.engine   | IBKR close order FAILED for SGLY
2026-08-18 09:40:42 | ERROR    | trading_bot.engine   | CLOSE FAILED for SGLY — position stays tracked for retry next cycle. original_broker=IBKR
2026-08-18 09:40:42 | WARNING  | trading_bot.broker.ibkr | Order 1518675 not found
2026-08-18 09:40:42 | INFO     | trading_bot.engine   | Cancelled broker stop order for SGLY
2026-08-18 09:40:42 | WARNING  | trading_bot.broker.ibkr | Order 1518675 not found
2026-08-18 09:40:42 | ERROR    | trading_bot.broker.ibkr | Contract qualification failed for SGLY: This event loop is already running
2026-08-18 09:40:42 | ERROR    | trading_bot.engine   | IBKR close order FAILED for SGLY
2026-08-18 09:40:42 | ERROR    | trading_bot.engine   | CLOSE FAILED for SGLY — position stays tracked for retry next cycle. original_broker=IBKR
2026-08-18 09:40:43 | WARNING  | trading_bot.broker.ibkr | Order 1518675 not found
2026-08-18 09:40:43 | INFO     | trading_bot.engine   | Cancelled broker stop order for SGLY
2026-08-18 09:40:43 | WARNING  | trading_bot.broker.ibkr | Order 1518675 not found
2026-08-18 09:40:43 | ERROR    | trading_bot.broker.ibkr | Contract qualification failed for SGLY: This event loop is already running
2026-08-18 09:40:43 | ERROR    | trading_bot.engine   | IBKR close order FAILED for SGLY
2026-08-18 09:40:43 | ERROR    | trading_bot.engine   | CLOSE FAILED for SGLY — position stays tracked for retry next cycle. original_broker=IBKR
2026-08-18 09:40:43 | WARNING  | trading_bot.broker.ibkr | Order 1518675 not found
2026-08-18 09:40:43 | INFO     | trading_bot.engine   | Cancelled broker stop order for SGLY
2026-08-18 09:40:43 | WARNING  | trading_bot.broker.ibkr | Order 1518675 not found
2026-08-18 09:40:43 | ERROR    | trading_bot.broker.ibkr | Contract qualification failed for SGLY: This event loop is already running
2026-08-18 09:40:43 | ERROR    | trading_bot.engine   | IBKR close order FAILED for SGLY
2026-08-18 09:40:43 | ERROR    | trading_bot.engine   | CLOSE FAILED for SGLY — position stays tracked for retry next cycle. original_broker=IBKR
2026-08-18 09:40:43 | WARNING  | trading_bot.broker.ibkr | Order 1518675 not found
2026-08-18 09:40:43 | INFO     | trading_bot.engine   | Cancelled broker stop order for SGLY
2026-08-18 09:40:43 | WARNING  | trading_bot.broker.ibkr | Order 1518675 not found
2026-08-18 09:40:43 | ERROR    | trading_bot.broker.ibkr | Contract qualification failed for SGLY: This event loop is already running
2026-08-18 09:40:43 | ERROR    | trading_bot.engine   | IBKR close order FAILED for SGLY
2026-08-18 09:40:43 | ERROR    | trading_bot.engine   | CLOSE FAILED for SGLY — position stays tracked for retry next cycle. original_broker=IBKR
2026-08-18 09:40:43 | WARNING  | trading_bot.broker.ibkr | Order 1518675 not found
2026-08-18 09:40:43 | INFO     | trading_bot.engine   | Cancelled broker stop order for SGLY
2026-08-18 09:40:43 | WARNING  | trading_bot.broker.ibkr | Order 1518675 not found
2026-08-18 09:40:43 | ERROR    | trading_bot.broker.ibkr | Contract qualification failed for SGLY: This event loop is already running
2026-08-18 09:40:43 | ERROR    | trading_bot.engine   | IBKR close order FAILED for SGLY
2026-08-18 09:40:43 | ERROR    | trading_bot.engine   | CLOSE FAILED for SGLY — position stays tracked for retry next cycle. original_broker=IBKR
2026-08-18 09:40:44 | WARNING  | trading_bot.broker.ibkr | Order 1518675 not found
2026-08-18 09:40:44 | INFO     | trading_bot.engine   | Cancelled broker stop order for SGLY
2026-08-18 09:40:44 | WARNING  | trading_bot.broker.ibkr | Order 1518675 not found
2026-08-18 09:40:44 | ERROR    | trading_bot.broker.ibkr | Contract qualification failed for SGLY: This event loop is already running
2026-08-18 09:40:44 | ERROR    | trading_bot.engine   | IBKR close order FAILED for SGLY
2026-08-18 09:40:44 | ERROR    | trading_bot.engine   | CLOSE FAILED for SGLY — position stays tracked for retry next cycle. original_broker=IBKR
2026-08-18 09:40:44 | WARNING  | trading_bot.broker.ibkr | Order 1518675 not found
2026-08-18 09:40:44 | INFO     | trading_bot.engine   | Cancelled broker stop order for SGLY
2026-08-18 09:40:44 | WARNING  | trading_bot.broker.ibkr | Order 1518675 not found
2026-08-18 09:40:44 | ERROR    | trading_bot.broker.ibkr | Contract qualification failed for SGLY: This event loop is already running
2026-08-18 09:40:44 | ERROR    | trading_bot.engine   | IBKR close order FAILED for SGLY
2026-08-18 09:40:44 | ERROR    | trading_bot.engine   | CLOSE FAILED for SGLY — position stays tracked for retry next cycle. original_broker=IBKR
2026-08-18 09:40:45 | WARNING  | trading_bot.broker.ibkr | Order 1518675 not found
2026-08-18 09:40:45 | INFO     | trading_bot.engine   | Cancelled broker stop order for SGLY
2026-08-18 09:40:45 | WARNING  | trading_bot.broker.ibkr | Order 1518675 not found
2026-08-18 09:40:45 | ERROR    | trading_bot.broker.ibkr | Contract qualification failed for SGLY: This event loop is already running
2026-08-18 09:40:45 | ERROR    | trading_bot.engine   | IBKR close order FAILED for SGLY
2026-08-18 09:40:45 | ERROR    | trading_bot.engine   | CLOSE FAILED for SGLY — position stays tracked for retry next cycle. original_broker=IBKR
2026-08-18 09:40:45 | WARNING  | trading_bot.broker.ibkr | Order 1518675 not found
2026-08-18 09:40:45 | INFO     | trading_bot.engine   | Cancelled broker stop order for SGLY
2026-08-18 09:40:45 | WARNING  | trading_bot.broker.ibkr | Order 1518675 not found
2026-08-18 09:40:45 | ERROR    | trading_bot.broker.ibkr | Contract qualification failed for SGLY: This event loop is already running
2026-08-18 09:40:45 | ERROR    | trading_bot.engine   | IBKR close order FAILED for SGLY
2026-08-18 09:40:45 | ERROR    | trading_bot.engine   | CLOSE FAILED for SGLY — position stays tracked for retry next cycle. original_broker=IBKR
2026-08-18 09:40:45 | WARNING  | trading_bot.broker.ibkr | Order 1518675 not found
2026-08-18 09:40:45 | INFO     | trading_bot.engine   | Cancelled broker stop order for SGLY
2026-08-18 09:40:45 | WARNING  | trading_bot.broker.ibkr | Order 1518675 not found
2026-08-18 09:40:45 | ERROR    | trading_bot.broker.ibkr | Contract qualification failed for SGLY: This event loop is already running
2026-08-18 09:40:45 | ERROR    | trading_bot.engine   | IBKR close order FAILED for SGLY
2026-08-18 09:40:45 | ERROR    | trading_bot.engine   | CLOSE FAILED for SGLY — position stays tracked for retry next cycle. original_broker=IBKR
2026-08-18 09:40:46 | WARNING  | trading_bot.broker.ibkr | Order 1518675 not found
2026-08-18 09:40:46 | INFO     | trading_bot.engine   | Cancelled broker stop order for SGLY
2026-08-18 09:40:46 | WARNING  | trading_bot.broker.ibkr | Order 1518675 not found
2026-08-18 09:40:46 | ERROR    | trading_bot.broker.ibkr | Contract qualification failed for SGLY: This event loop is already running
2026-08-18 09:40:46 | ERROR    | trading_bot.engine   | IBKR close order FAILED for SGLY
2026-08-18 09:40:46 | ERROR    | trading_bot.engine   | CLOSE FAILED for SGLY — position stays tracked for retry next cycle. original_broker=IBKR
2026-08-18 09:40:46 | WARNING  | trading_bot.broker.ibkr | Order 1518675 not found
2026-08-18 09:40:46 | INFO     | trading_bot.engine   | Cancelled broker stop order for SGLY
2026-08-18 09:40:46 | WARNING  | trading_bot.broker.ibkr | Order 1518675 not found
2026-08-18 09:40:46 | ERROR    | trading_bot.broker.ibkr | Contract qualification failed for SGLY: This event loop is already running
2026-08-18 09:40:46 | ERROR    | trading_bot.engine   | IBKR close order FAILED for SGLY
2026-08-18 09:40:46 | ERROR    | trading_bot.engine   | CLOSE FAILED for SGLY — position stays tracked for retry next cycle. original_broker=IBKR
2026-08-18 09:40:46 | WARNING  | trading_bot.broker.ibkr | Order 1518675 not found
2026-08-18 09:40:46 | INFO     | trading_bot.engine   | Cancelled broker stop order for SGLY
2026-08-18 09:40:46 | WARNING  | trading_bot.broker.ibkr | Order 1518675 not found
2026-08-18 09:40:46 | ERROR    | trading_bot.broker.ibkr | Contract qualification failed for SGLY: This event loop is already running
2026-08-18 09:40:46 | ERROR    | trading_bot.engine   | IBKR close order FAILED for SGLY
2026-08-18 09:40:46 | ERROR    | trading_bot.engine   | CLOSE FAILED for SGLY — position stays tracked for retry next cycle. original_broker=IBKR
2026-08-18 09:40:46 | WARNING  | trading_bot.broker.ibkr | Order 1518675 not found
2026-08-18 09:40:46 | INFO     | trading_bot.engine   | Cancelled broker stop order for SGLY
2026-08-18 09:40:46 | WARNING  | trading_bot.broker.ibkr | Order 1518675 not found
2026-08-18 09:40:46 | ERROR    | trading_bot.broker.ibkr | Contract qualification failed for SGLY: This event loop is already running
2026-08-18 09:40:46 | ERROR    | trading_bot.engine   | IBKR close order FAILED for SGLY
2026-08-18 09:40:46 | ERROR    | trading_bot.engine   | CLOSE FAILED for SGLY — position stays tracked for retry next cycle. original_broker=IBKR
2026-08-18 09:40:47 | WARNING  | trading_bot.broker.ibkr | Order 1518675 not found
2026-08-18 09:40:47 | INFO     | trading_bot.engine   | Cancelled broker stop order for SGLY
2026-08-18 09:40:47 | WARNING  | trading_bot.broker.ibkr | Order 1518675 not found
2026-08-18 09:40:47 | ERROR    | trading_bot.broker.ibkr | Contract qualification failed for SGLY: This event loop is already running
2026-08-18 09:40:47 | ERROR    | trading_bot.engine   | IBKR close order FAILED for SGLY
2026-08-18 09:40:47 | ERROR    | trading_bot.engine   | CLOSE FAILED for SGLY — position stays tracked for retry next cycle. original_broker=IBKR
2026-08-18 09:40:47 | WARNING  | trading_bot.broker.ibkr | Order 1518675 not found
2026-08-18 09:40:47 | INFO     | trading_bot.engine   | Cancelled broker stop order for SGLY
2026-08-18 09:40:47 | WARNING  | trading_bot.broker.ibkr | Order 1518675 not found
2026-08-18 09:40:47 | ERROR    | trading_bot.broker.ibkr | Contract qualification failed for SGLY: This event loop is already running
2026-08-18 09:40:47 | ERROR    | trading_bot.engine   | IBKR close order FAILED for SGLY
2026-08-18 09:40:47 | ERROR    | trading_bot.engine   | CLOSE FAILED for SGLY — position stays tracked for retry next cycle. original_broker=IBKR
2026-08-18 09:40:47 | WARNING  | trading_bot.broker.ibkr | Order 1518675 not found
2026-08-18 09:40:47 | INFO     | trading_bot.engine   | Cancelled broker stop order for SGLY
2026-08-18 09:40:47 | WARNING  | trading_bot.broker.ibkr | Order 1518675 not found
2026-08-18 09:40:47 | ERROR    | trading_bot.broker.ibkr | Contract qualification failed for SGLY: This event loop is already running
2026-08-18 09:40:47 | ERROR    | trading_bot.engine   | IBKR close order FAILED for SGLY
2026-08-18 09:40:47 | ERROR    | trading_bot.engine   | CLOSE FAILED for SGLY — position stays tracked for retry next cycle. original_broker=IBKR
2026-08-18 09:40:48 | WARNING  | trading_bot.broker.ibkr | Order 1518675 not found
2026-08-18 09:40:48 | INFO     | trading_bot.engine   | Cancelled broker stop order for SGLY
2026-08-18 09:40:48 | WARNING  | trading_bot.broker.ibkr | Order 1518675 not found
2026-08-18 09:40:48 | ERROR    | trading_bot.broker.ibkr | Contract qualification failed for SGLY: This event loop is already running
2026-08-18 09:40:48 | ERROR    | trading_bot.engine   | IBKR close order FAILED for SGLY
2026-08-18 09:40:48 | ERROR    | trading_bot.engine   | CLOSE FAILED for SGLY — position stays tracked for retry next cycle. original_broker=IBKR
2026-08-18 09:40:48 | WARNING  | trading_bot.broker.ibkr | Order 1518675 not found
2026-08-18 09:40:48 | INFO     | trading_bot.engine   | Cancelled broker stop order for SGLY
2026-08-18 09:40:48 | WARNING  | trading_bot.broker.ibkr | Order 1518675 not found
2026-08-18 09:40:48 | ERROR    | trading_bot.broker.ibkr | Contract qualification failed for SGLY: This event loop is already running
2026-08-18 09:40:48 | ERROR    | trading_bot.engine   | IBKR close order FAILED for SGLY
2026-08-18 09:40:48 | ERROR    | trading_bot.engine   | CLOSE FAILED for SGLY — position stays tracked for retry next cycle. original_broker=IBKR
2026-08-18 09:40:49 | WARNING  | trading_bot.broker.ibkr | Order 1518675 not found
2026-08-18 09:40:49 | INFO     | trading_bot.engine   | Cancelled broker stop order for SGLY
2026-08-18 09:40:49 | WARNING  | trading_bot.broker.ibkr | Order 1518675 not found
2026-08-18 09:40:49 | ERROR    | trading_bot.broker.ibkr | Contract qualification failed for SGLY: This event loop is already running
2026-08-18 09:40:49 | ERROR    | trading_bot.engine   | IBKR close order FAILED for SGLY
2026-08-18 09:40:49 | ERROR    | trading_bot.engine   | CLOSE FAILED for SGLY — position stays tracked for retry next cycle. original_broker=IBKR
2026-08-18 09:40:49 | WARNING  | trading_bot.broker.ibkr | Order 1518675 not found
2026-08-18 09:40:49 | INFO     | trading_bot.engine   | Cancelled broker stop order for SGLY
2026-08-18 09:40:49 | WARNING  | trading_bot.broker.ibkr | Order 1518675 not found
2026-08-18 09:40:49 | ERROR    | trading_bot.broker.ibkr | Contract qualification failed for SGLY: This event loop is already running
2026-08-18 09:40:49 | ERROR    | trading_bot.engine   | IBKR close order FAILED for SGLY
2026-08-18 09:40:49 | ERROR    | trading_bot.engine   | CLOSE FAILED for SGLY — position stays tracked for retry next cycle. original_broker=IBKR
2026-08-18 09:40:49 | WARNING  | trading_bot.broker.ibkr | Order 1518675 not found
2026-08-18 09:40:49 | INFO     | trading_bot.engine   | Cancelled broker stop order for SGLY
2026-08-18 09:40:49 | WARNING  | trading_bot.broker.ibkr | Order 1518675 not found
2026-08-18 09:40:49 | ERROR    | trading_bot.broker.ibkr | Contract qualification failed for SGLY: This event loop is already running
2026-08-18 09:40:49 | ERROR    | trading_bot.engine   | IBKR close order FAILED for SGLY
2026-08-18 09:40:49 | ERROR    | trading_bot.engine   | CLOSE FAILED for SGLY — position stays tracked for retry next cycle. original_broker=IBKR
2026-08-18 09:40:49 | WARNING  | trading_bot.broker.ibkr | Order 1518675 not found
2026-08-18 09:40:49 | INFO     | trading_bot.engine   | Cancelled broker stop order for SGLY
2026-08-18 09:40:49 | WARNING  | trading_bot.broker.ibkr | Order 1518675 not found
2026-08-18 09:40:49 | ERROR    | trading_bot.broker.ibkr | Contract qualification failed for SGLY: This event loop is already running
2026-08-18 09:40:49 | ERROR    | trading_bot.engine   | IBKR close order FAILED for SGLY
2026-08-18 09:40:49 | ERROR    | trading_bot.engine   | CLOSE FAILED for SGLY — position stays tracked for retry next cycle. original_broker=IBKR
2026-08-18 09:40:49 | WARNING  | trading_bot.broker.ibkr | Order 1518675 not found
2026-08-18 09:40:49 | INFO     | trading_bot.engine   | Cancelled broker stop order for SGLY
2026-08-18 09:40:49 | WARNING  | trading_bot.broker.ibkr | Order 1518675 not found
2026-08-18 09:40:49 | ERROR    | trading_bot.broker.ibkr | Contract qualification failed for SGLY: This event loop is already running
2026-08-18 09:40:49 | ERROR    | trading_bot.engine   | IBKR close order FAILED for SGLY
2026-08-18 09:40:49 | ERROR    | trading_bot.engine   | CLOSE FAILED for SGLY — position stays tracked for retry next cycle. original_broker=IBKR
2026-08-18 09:40:50 | WARNING  | trading_bot.broker.ibkr | Order 1518675 not found
2026-08-18 09:40:50 | INFO     | trading_bot.engine   | Cancelled broker stop order for SGLY
2026-08-18 09:40:50 | WARNING  | trading_bot.broker.ibkr | Order 1518675 not found
2026-08-18 09:40:50 | ERROR    | trading_bot.broker.ibkr | Contract qualification failed for SGLY: This event loop is already running
2026-08-18 09:40:50 | ERROR    | trading_bot.engine   | IBKR close order FAILED for SGLY
2026-08-18 09:40:50 | ERROR    | trading_bot.engine   | CLOSE FAILED for SGLY — position stays tracked for retry next cycle. original_broker=IBKR
2026-08-18 09:40:50 | WARNING  | trading_bot.broker.ibkr | Order 1518675 not found
2026-08-18 09:40:50 | INFO     | trading_bot.engine   | Cancelled broker stop order for SGLY
2026-08-18 09:40:50 | WARNING  | trading_bot.broker.ibkr | Order 1518675 not found
2026-08-18 09:40:50 | ERROR    | trading_bot.broker.ibkr | Contract qualification failed for SGLY: This event loop is already running
2026-08-18 09:40:50 | ERROR    | trading_bot.engine   | IBKR close order FAILED for SGLY
2026-08-18 09:40:50 | ERROR    | trading_bot.engine   | CLOSE FAILED for SGLY — position stays tracked for retry next cycle. original_broker=IBKR
2026-08-18 09:40:50 | WARNING  | trading_bot.broker.ibkr | Order 1518675 not found
2026-08-18 09:40:50 | INFO     | trading_bot.engine   | Cancelled broker stop order for SGLY
2026-08-18 09:40:50 | WARNING  | trading_bot.broker.ibkr | Order 1518675 not found
2026-08-18 09:40:50 | ERROR    | trading_bot.broker.ibkr | Contract qualification failed for SGLY: This event loop is already running
2026-08-18 09:40:50 | ERROR    | trading_bot.engine   | IBKR close order FAILED for SGLY
2026-08-18 09:40:50 | ERROR    | trading_bot.engine   | CLOSE FAILED for SGLY — position stays tracked for retry next cycle. original_broker=IBKR
2026-08-18 09:40:51 | WARNING  | trading_bot.broker.ibkr | Order 1518675 not found
2026-08-18 09:40:51 | INFO     | trading_bot.engine   | Cancelled broker stop order for SGLY
2026-08-18 09:40:51 | WARNING  | trading_bot.broker.ibkr | Order 1518675 not found
2026-08-18 09:40:51 | ERROR    | trading_bot.broker.ibkr | Contract qualification failed for SGLY: This event loop is already running
2026-08-18 09:40:51 | ERROR    | trading_bot.engine   | IBKR close order FAILED for SGLY
2026-08-18 09:40:51 | ERROR    | trading_bot.engine   | CLOSE FAILED for SGLY — position stays tracked for retry next cycle. original_broker=IBKR
2026-08-18 09:40:51 | WARNING  | trading_bot.broker.ibkr | Order 1518675 not found
2026-08-18 09:40:51 | INFO     | trading_bot.engine   | Cancelled broker stop order for SGLY
2026-08-18 09:40:51 | WARNING  | trading_bot.broker.ibkr | Order 1518675 not found
2026-08-18 09:40:51 | ERROR    | trading_bot.broker.ibkr | Contract qualification failed for SGLY: This event loop is already running
2026-08-18 09:40:51 | ERROR    | trading_bot.engine   | IBKR close order FAILED for SGLY
2026-08-18 09:40:51 | ERROR    | trading_bot.engine   | CLOSE FAILED for SGLY — position stays tracked for retry next cycle. original_broker=IBKR
2026-08-18 09:40:54 | WARNING  | trading_bot.broker.ibkr | Order 1518675 not found
2026-08-18 09:40:54 | INFO     | trading_bot.engine   | Cancelled broker stop order for SGLY
2026-08-18 09:40:54 | WARNING  | trading_bot.broker.ibkr | Order 1518675 not found
2026-08-18 09:40:54 | ERROR    | trading_bot.broker.ibkr | Contract qualification failed for SGLY: This event loop is already running
2026-08-18 09:40:54 | ERROR    | trading_bot.engine   | IBKR close order FAILED for SGLY
2026-08-18 09:40:54 | ERROR    | trading_bot.engine   | CLOSE FAILED for SGLY — position stays tracked for retry next cycle. original_broker=IBKR
2026-08-18 09:40:54 | WARNING  | trading_bot.broker.ibkr | Order 1518675 not found
2026-08-18 09:40:54 | INFO     | trading_bot.engine   | Cancelled broker stop order for SGLY
2026-08-18 09:40:54 | WARNING  | trading_bot.broker.ibkr | Order 1518675 not found
2026-08-18 09:40:54 | ERROR    | trading_bot.broker.ibkr | Contract qualification failed for SGLY: This event loop is already running
2026-08-18 09:40:54 | ERROR    | trading_bot.engine   | IBKR close order FAILED for SGLY
2026-08-18 09:40:54 | ERROR    | trading_bot.engine   | CLOSE FAILED for SGLY — position stays tracked for retry next cycle. original_broker=IBKR
2026-08-18 09:40:54 | WARNING  | trading_bot.broker.ibkr | Order 1518675 not found
2026-08-18 09:40:54 | INFO     | trading_bot.engine   | Cancelled broker stop order for SGLY
2026-08-18 09:40:54 | WARNING  | trading_bot.broker.ibkr | Order 1518675 not found
2026-08-18 09:40:54 | ERROR    | trading_bot.broker.ibkr | Contract qualification failed for SGLY: This event loop is already running
2026-08-18 09:40:54 | ERROR    | trading_bot.engine   | IBKR close order FAILED for SGLY
2026-08-18 09:40:54 | ERROR    | trading_bot.engine   | CLOSE FAILED for SGLY — position stays tracked for retry next cycle. original_broker=IBKR
2026-08-18 09:40:54 | WARNING  | trading_bot.broker.ibkr | Order 1518675 not found
2026-08-18 09:40:54 | INFO     | trading_bot.engine   | Cancelled broker stop order for SGLY
2026-08-18 09:40:54 | WARNING  | trading_bot.broker.ibkr | Order 1518675 not found
2026-08-18 09:40:54 | ERROR    | trading_bot.broker.ibkr | Contract qualification failed for SGLY: This event loop is already running
2026-08-18 09:40:54 | ERROR    | trading_bot.engine   | IBKR close order FAILED for SGLY
2026-08-18 09:40:54 | ERROR    | trading_bot.engine   | CLOSE FAILED for SGLY — position stays tracked for retry next cycle. original_broker=IBKR
2026-08-18 09:40:55 | WARNING  | trading_bot.broker.ibkr | Order 1518675 not found
2026-08-18 09:40:55 | INFO     | trading_bot.engine   | Cancelled broker stop order for SGLY
2026-08-18 09:40:55 | WARNING  | trading_bot.broker.ibkr | Order 1518675 not found
2026-08-18 09:40:55 | ERROR    | trading_bot.broker.ibkr | Contract qualification failed for SGLY: This event loop is already running
2026-08-18 09:40:55 | ERROR    | trading_bot.engine   | IBKR close order FAILED for SGLY
2026-08-18 09:40:55 | ERROR    | trading_bot.engine   | CLOSE FAILED for SGLY — position stays tracked for retry next cycle. original_broker=IBKR
2026-08-18 09:40:55 | WARNING  | trading_bot.broker.ibkr | Order 1518675 not found
2026-08-18 09:40:55 | INFO     | trading_bot.engine   | Cancelled broker stop order for SGLY
2026-08-18 09:40:55 | WARNING  | trading_bot.broker.ibkr | Order 1518675 not found
2026-08-18 09:40:55 | ERROR    | trading_bot.broker.ibkr | Contract qualification failed for SGLY: This event loop is already running
2026-08-18 09:40:55 | ERROR    | trading_bot.engine   | IBKR close order FAILED for SGLY
2026-08-18 09:40:55 | ERROR    | trading_bot.engine   | CLOSE FAILED for SGLY — position stays tracked for retry next cycle. original_broker=IBKR
2026-08-18 09:40:55 | WARNING  | trading_bot.broker.ibkr | Order 1518675 not found
2026-08-18 09:40:55 | INFO     | trading_bot.engine   | Cancelled broker stop order for SGLY
2026-08-18 09:40:55 | WARNING  | trading_bot.broker.ibkr | Order 1518675 not found
2026-08-18 09:40:55 | ERROR    | trading_bot.broker.ibkr | Contract qualification failed for SGLY: This event loop is already running
2026-08-18 09:40:55 | ERROR    | trading_bot.engine   | IBKR close order FAILED for SGLY
2026-08-18 09:40:55 | ERROR    | trading_bot.engine   | CLOSE FAILED for SGLY — position stays tracked for retry next cycle. original_broker=IBKR
2026-08-18 09:40:55 | WARNING  | trading_bot.broker.ibkr | Order 1518675 not found
2026-08-18 09:40:55 | INFO     | trading_bot.engine   | Cancelled broker stop order for SGLY
2026-08-18 09:40:55 | WARNING  | trading_bot.broker.ibkr | Order 1518675 not found
2026-08-18 09:40:55 | ERROR    | trading_bot.broker.ibkr | Contract qualification failed for SGLY: This event loop is already running
2026-08-18 09:40:55 | ERROR    | trading_bot.engine   | IBKR close order FAILED for SGLY
2026-08-18 09:40:55 | ERROR    | trading_bot.engine   | CLOSE FAILED for SGLY — position stays tracked for retry next cycle. original_broker=IBKR
2026-08-18 09:40:56 | WARNING  | trading_bot.broker.ibkr | Order 1518675 not found
2026-08-18 09:40:56 | INFO     | trading_bot.engine   | Cancelled broker stop order for SGLY
2026-08-18 09:40:56 | WARNING  | trading_bot.broker.ibkr | Order 1518675 not found
2026-08-18 09:40:56 | ERROR    | trading_bot.broker.ibkr | Contract qualification failed for SGLY: This event loop is already running
2026-08-18 09:40:56 | ERROR    | trading_bot.engine   | IBKR close order FAILED for SGLY
2026-08-18 09:40:56 | ERROR    | trading_bot.engine   | CLOSE FAILED for SGLY — position stays tracked for retry next cycle. original_broker=IBKR
2026-08-18 09:40:56 | WARNING  | trading_bot.broker.ibkr | Order 1518675 not found
2026-08-18 09:40:56 | INFO     | trading_bot.engine   | Cancelled broker stop order for SGLY
2026-08-18 09:40:56 | WARNING  | trading_bot.broker.ibkr | Order 1518675 not found
2026-08-18 09:40:56 | ERROR    | trading_bot.broker.ibkr | Contract qualification failed for SGLY: This event loop is already running
2026-08-18 09:40:56 | ERROR    | trading_bot.engine   | IBKR close order FAILED for SGLY
2026-08-18 09:40:56 | ERROR    | trading_bot.engine   | CLOSE FAILED for SGLY — position stays tracked for retry next cycle. original_broker=IBKR
2026-08-18 09:40:56 | WARNING  | trading_bot.broker.ibkr | Order 1518675 not found
2026-08-18 09:40:56 | INFO     | trading_bot.engine   | Cancelled broker stop order for SGLY
2026-08-18 09:40:56 | WARNING  | trading_bot.broker.ibkr | Order 1518675 not found
2026-08-18 09:40:56 | ERROR    | trading_bot.broker.ibkr | Contract qualification failed for SGLY: This event loop is already running
2026-08-18 09:40:56 | ERROR    | trading_bot.engine   | IBKR close order FAILED for SGLY
2026-08-18 09:40:56 | ERROR    | trading_bot.engine   | CLOSE FAILED for SGLY — position stays tracked for retry next cycle. original_broker=IBKR
2026-08-18 09:40:57 | WARNING  | trading_bot.broker.ibkr | Order 1518675 not found
2026-08-18 09:40:57 | INFO     | trading_bot.engine   | Cancelled broker stop order for SGLY
2026-08-18 09:40:57 | WARNING  | trading_bot.broker.ibkr | Order 1518675 not found
2026-08-18 09:40:57 | ERROR    | trading_bot.broker.ibkr | Contract qualification failed for SGLY: This event loop is already running
2026-08-18 09:40:57 | ERROR    | trading_bot.engine   | IBKR close order FAILED for SGLY
2026-08-18 09:40:57 | ERROR    | trading_bot.engine   | CLOSE FAILED for SGLY — position stays tracked for retry next cycle. original_broker=IBKR
2026-08-18 09:40:57 | WARNING  | trading_bot.broker.ibkr | Order 1518675 not found
2026-08-18 09:40:57 | INFO     | trading_bot.engine   | Cancelled broker stop order for SGLY
2026-08-18 09:40:57 | WARNING  | trading_bot.broker.ibkr | Order 1518675 not found
2026-08-18 09:40:57 | ERROR    | trading_bot.broker.ibkr | Contract qualification failed for SGLY: This event loop is already running
2026-08-18 09:40:57 | ERROR    | trading_bot.engine   | IBKR close order FAILED for SGLY
2026-08-18 09:40:57 | ERROR    | trading_bot.engine   | CLOSE FAILED for SGLY — position stays tracked for retry next cycle. original_broker=IBKR
2026-08-18 09:40:58 | WARNING  | trading_bot.broker.ibkr | Order 1518675 not found
2026-08-18 09:40:58 | INFO     | trading_bot.engine   | Cancelled broker stop order for SGLY
2026-08-18 09:40:58 | WARNING  | trading_bot.broker.ibkr | Order 1518675 not found
2026-08-18 09:40:58 | ERROR    | trading_bot.broker.ibkr | Contract qualification failed for SGLY: This event loop is already running
2026-08-18 09:40:58 | ERROR    | trading_bot.engine   | IBKR close order FAILED for SGLY
2026-08-18 09:40:58 | ERROR    | trading_bot.engine   | CLOSE FAILED for SGLY — position stays tracked for retry next cycle. original_broker=IBKR
2026-08-18 09:40:58 | WARNING  | trading_bot.broker.ibkr | Order 1518675 not found
2026-08-18 09:40:58 | INFO     | trading_bot.engine   | Cancelled broker stop order for SGLY
2026-08-18 09:40:58 | WARNING  | trading_bot.broker.ibkr | Order 1518675 not found
2026-08-18 09:40:58 | ERROR    | trading_bot.broker.ibkr | Contract qualification failed for SGLY: This event loop is already running
2026-08-18 09:40:58 | ERROR    | trading_bot.engine   | IBKR close order FAILED for SGLY
2026-08-18 09:40:58 | ERROR    | trading_bot.engine   | CLOSE FAILED for SGLY — position stays tracked for retry next cycle. original_broker=IBKR
2026-08-18 09:40:59 | WARNING  | trading_bot.broker.ibkr | Order 1518675 not found
2026-08-18 09:40:59 | INFO     | trading_bot.engine   | Cancelled broker stop order for SGLY
2026-08-18 09:40:59 | WARNING  | trading_bot.broker.ibkr | Order 1518675 not found
2026-08-18 09:40:59 | ERROR    | trading_bot.broker.ibkr | Contract qualification failed for SGLY: This event loop is already running
2026-08-18 09:40:59 | ERROR    | trading_bot.engine   | IBKR close order FAILED for SGLY
2026-08-18 09:40:59 | ERROR    | trading_bot.engine   | CLOSE FAILED for SGLY — position stays tracked for retry next cycle. original_broker=IBKR
2026-08-18 09:40:59 | WARNING  | trading_bot.broker.ibkr | Order 1518675 not found
2026-08-18 09:40:59 | INFO     | trading_bot.engine   | Cancelled broker stop order for SGLY
2026-08-18 09:40:59 | WARNING  | trading_bot.broker.ibkr | Order 1518675 not found
2026-08-18 09:40:59 | ERROR    | trading_bot.broker.ibkr | Contract qualification failed for SGLY: This event loop is already running
2026-08-18 09:40:59 | ERROR    | trading_bot.engine   | IBKR close order FAILED for SGLY
2026-08-18 09:40:59 | ERROR    | trading_bot.engine   | CLOSE FAILED for SGLY — position stays tracked for retry next cycle. original_broker=IBKR
2026-08-18 09:40:59 | WARNING  | trading_bot.broker.ibkr | Order 1518675 not found
2026-08-18 09:40:59 | INFO     | trading_bot.engine   | Cancelled broker stop order for SGLY
2026-08-18 09:40:59 | WARNING  | trading_bot.broker.ibkr | Order 1518675 not found
2026-08-18 09:40:59 | ERROR    | trading_bot.broker.ibkr | Contract qualification failed for SGLY: This event loop is already running
2026-08-18 09:40:59 | ERROR    | trading_bot.engine   | IBKR close order FAILED for SGLY
2026-08-18 09:40:59 | ERROR    | trading_bot.engine   | CLOSE FAILED for SGLY — position stays tracked for retry next cycle. original_broker=IBKR
2026-08-18 09:41:00 | WARNING  | trading_bot.broker.ibkr | Order 1518675 not found
2026-08-18 09:41:00 | INFO     | trading_bot.engine   | Cancelled broker stop order for SGLY
2026-08-18 09:41:00 | WARNING  | trading_bot.broker.ibkr | Order 1518675 not found
2026-08-18 09:41:00 | ERROR    | trading_bot.broker.ibkr | Contract qualification failed for SGLY: This event loop is already running
2026-08-18 09:41:00 | ERROR    | trading_bot.engine   | IBKR close order FAILED for SGLY
2026-08-18 09:41:00 | ERROR    | trading_bot.engine   | CLOSE FAILED for SGLY — position stays tracked for retry next cycle. original_broker=IBKR
2026-08-18 09:41:00 | WARNING  | trading_bot.broker.ibkr | Order 1518675 not found
2026-08-18 09:41:00 | INFO     | trading_bot.engine   | Cancelled broker stop order for SGLY
2026-08-18 09:41:00 | WARNING  | trading_bot.broker.ibkr | Order 1518675 not found
2026-08-18 09:41:00 | ERROR    | trading_bot.broker.ibkr | Contract qualification failed for SGLY: This event loop is already running
2026-08-18 09:41:00 | ERROR    | trading_bot.engine   | IBKR close order FAILED for SGLY
2026-08-18 09:41:00 | ERROR    | trading_bot.engine   | CLOSE FAILED for SGLY — position stays tracked for retry next cycle. original_broker=IBKR
2026-08-18 09:41:00 | WARNING  | trading_bot.broker.ibkr | Order 1518675 not found
2026-08-18 09:41:00 | INFO     | trading_bot.engine   | Cancelled broker stop order for SGLY
2026-08-18 09:41:00 | WARNING  | trading_bot.broker.ibkr | Order 1518675 not found
2026-08-18 09:41:00 | ERROR    | trading_bot.broker.ibkr | Contract qualification failed for SGLY: This event loop is already running
2026-08-18 09:41:00 | ERROR    | trading_bot.engine   | IBKR close order FAILED for SGLY
2026-08-18 09:41:00 | ERROR    | trading_bot.engine   | CLOSE FAILED for SGLY — position stays tracked for retry next cycle. original_broker=IBKR
2026-08-18 09:41:01 | WARNING  | trading_bot.broker.ibkr | Order 1518675 not found
2026-08-18 09:41:01 | INFO     | trading_bot.engine   | Cancelled broker stop order for SGLY
2026-08-18 09:41:01 | WARNING  | trading_bot.broker.ibkr | Order 1518675 not found
2026-08-18 09:41:01 | ERROR    | trading_bot.broker.ibkr | Contract qualification failed for SGLY: This event loop is already running
2026-08-18 09:41:01 | ERROR    | trading_bot.engine   | IBKR close order FAILED for SGLY
2026-08-18 09:41:01 | ERROR    | trading_bot.engine   | CLOSE FAILED for SGLY — position stays tracked for retry next cycle. original_broker=IBKR
2026-08-18 09:41:01 | WARNING  | trading_bot.broker.ibkr | Order 1518675 not found
2026-08-18 09:41:01 | INFO     | trading_bot.engine   | Cancelled broker stop order for SGLY
2026-08-18 09:41:01 | WARNING  | trading_bot.broker.ibkr | Order 1518675 not found
2026-08-18 09:41:01 | ERROR    | trading_bot.broker.ibkr | Contract qualification failed for SGLY: This event loop is already running
2026-08-18 09:41:01 | ERROR    | trading_bot.engine   | IBKR close order FAILED for SGLY
2026-08-18 09:41:01 | ERROR    | trading_bot.engine   | CLOSE FAILED for SGLY — position stays tracked for retry next cycle. original_broker=IBKR
2026-08-18 09:41:02 | WARNING  | trading_bot.broker.ibkr | Order 1518675 not found
2026-08-18 09:41:02 | INFO     | trading_bot.engine   | Cancelled broker stop order for SGLY
2026-08-18 09:41:02 | WARNING  | trading_bot.broker.ibkr | Order 1518675 not found
2026-08-18 09:41:02 | ERROR    | trading_bot.broker.ibkr | Contract qualification failed for SGLY: This event loop is already running
2026-08-18 09:41:02 | ERROR    | trading_bot.engine   | IBKR close order FAILED for SGLY
2026-08-18 09:41:02 | ERROR    | trading_bot.engine   | CLOSE FAILED for SGLY — position stays tracked for retry next cycle. original_broker=IBKR
2026-08-18 09:41:02 | WARNING  | trading_bot.broker.ibkr | Order 1518675 not found
2026-08-18 09:41:02 | INFO     | trading_bot.engine   | Cancelled broker stop order for SGLY
2026-08-18 09:41:02 | WARNING  | trading_bot.broker.ibkr | Order 1518675 not found
2026-08-18 09:41:02 | ERROR    | trading_bot.broker.ibkr | Contract qualification failed for SGLY: This event loop is already running
2026-08-18 09:41:02 | ERROR    | trading_bot.engine   | IBKR close order FAILED for SGLY
2026-08-18 09:41:02 | ERROR    | trading_bot.engine   | CLOSE FAILED for SGLY — position stays tracked for retry next cycle. original_broker=IBKR
2026-08-18 09:41:02 | WARNING  | trading_bot.broker.ibkr | Order 1518675 not found
2026-08-18 09:41:02 | INFO     | trading_bot.engine   | Cancelled broker stop order for SGLY
2026-08-18 09:41:02 | WARNING  | trading_bot.broker.ibkr | Order 1518675 not found
2026-08-18 09:41:02 | ERROR    | trading_bot.broker.ibkr | Contract qualification failed for SGLY: This event loop is already running
2026-08-18 09:41:02 | ERROR    | trading_bot.engine   | IBKR close order FAILED for SGLY
2026-08-18 09:41:02 | ERROR    | trading_bot.engine   | CLOSE FAILED for SGLY — position stays tracked for retry next cycle. original_broker=IBKR
2026-08-18 09:41:06 | WARNING  | trading_bot.broker.ibkr | Order 1518675 not found
2026-08-18 09:41:06 | INFO     | trading_bot.engine   | Cancelled broker stop order for SGLY
2026-08-18 09:41:06 | WARNING  | trading_bot.broker.ibkr | Order 1518675 not found
2026-08-18 09:41:06 | ERROR    | trading_bot.broker.ibkr | Contract qualification failed for SGLY: This event loop is already running
2026-08-18 09:41:06 | ERROR    | trading_bot.engine   | IBKR close order FAILED for SGLY
2026-08-18 09:41:06 | ERROR    | trading_bot.engine   | CLOSE FAILED for SGLY — position stays tracked for retry next cycle. original_broker=IBKR
2026-08-18 09:41:09 | WARNING  | trading_bot.broker.ibkr | Order 1518675 not found
2026-08-18 09:41:09 | INFO     | trading_bot.engine   | Cancelled broker stop order for SGLY
2026-08-18 09:41:09 | WARNING  | trading_bot.broker.ibkr | Order 1518675 not found
2026-08-18 09:41:09 | ERROR    | trading_bot.broker.ibkr | Contract qualification failed for SGLY: This event loop is already running
2026-08-18 09:41:09 | ERROR    | trading_bot.engine   | IBKR close order FAILED for SGLY
2026-08-18 09:41:09 | ERROR    | trading_bot.engine   | CLOSE FAILED for SGLY — position stays tracked for retry next cycle. original_broker=IBKR
2026-08-18 09:41:14 | WARNING  | trading_bot.broker.ibkr | Order 1518675 not found
2026-08-18 09:41:14 | INFO     | trading_bot.engine   | Cancelled broker stop order for SGLY
2026-08-18 09:41:14 | WARNING  | trading_bot.broker.ibkr | Order 1518675 not found
2026-08-18 09:41:14 | ERROR    | trading_bot.broker.ibkr | Contract qualification failed for SGLY: This event loop is already running
2026-08-18 09:41:14 | ERROR    | trading_bot.engine   | IBKR close order FAILED for SGLY
2026-08-18 09:41:14 | ERROR    | trading_bot.engine   | CLOSE FAILED for SGLY — position stays tracked for retry next cycle. original_broker=IBKR
2026-08-18 09:41:17 | WARNING  | trading_bot.broker.ibkr | Order 1518675 not found
2026-08-18 09:41:17 | INFO     | trading_bot.engine   | Cancelled broker stop order for SGLY
2026-08-18 09:41:17 | WARNING  | trading_bot.broker.ibkr | Order 1518675 not found
2026-08-18 09:41:17 | ERROR    | trading_bot.broker.ibkr | Contract qualification failed for SGLY: This event loop is already running
2026-08-18 09:41:17 | ERROR    | trading_bot.engine   | IBKR close order FAILED for SGLY
2026-08-18 09:41:17 | ERROR    | trading_bot.engine   | CLOSE FAILED for SGLY — position stays tracked for retry next cycle. original_broker=IBKR
2026-08-18 09:41:18 | WARNING  | trading_bot.engine   | STOP WATCHDOG: SGLY has NO broker-side stop! Placing emergency stop @ $5.85 for 98 shares
2026-08-18 09:41:18 | INFO     | trading_bot.strategy.mean_reversion | SIGNAL: Mean reversion BUY: Z=-2.89, RSI=13, BB=lower, Vol=5.2x | FNG @ $8.26
2026-08-18 09:41:18 | INFO     | trading_bot.strategy.momentum | SIGNAL: Momentum BUY: EMA cross, ADX=57, breakout>4.22, Vol=5.0x | SXTC @ $4.38
2026-08-18 09:41:18 | INFO     | trading_bot.engine   | SIGNALS GENERATED: 2 signals from strategies
2026-08-18 09:41:18 | WARNING  | trading_bot.broker.ibkr | Order 1518675 not found
2026-08-18 09:41:18 | INFO     | trading_bot.engine   |   -> mean_reversion: buy FNG @ $8.26 conf=1.00
2026-08-18 09:41:18 | INFO     | trading_bot.engine   | Cancelled broker stop order for SGLY
2026-08-18 09:41:18 | INFO     | trading_bot.engine   |   -> momentum: buy SXTC @ $4.38 conf=0.95
2026-08-18 09:41:18 | INFO     | trading_bot.risk.manager | APPROVED: buy FNG | Mean reversion BUY: Z=-2.89, RSI=13, BB=lower, Vol=5.2x
2026-08-18 09:41:18 | WARNING  | trading_bot.broker.ibkr | Order 1518675 not found
2026-08-18 09:41:18 | ERROR    | trading_bot.broker.ibkr | Contract qualification failed for SGLY: This event loop is already running
2026-08-18 09:41:18 | INFO     | trading_bot.risk.manager | APPROVED: buy SXTC | Momentum BUY: EMA cross, ADX=57, breakout>4.22, Vol=5.0x
2026-08-18 09:41:18 | ERROR    | trading_bot.engine   | IBKR close order FAILED for SGLY
2026-08-18 09:41:18 | ERROR    | trading_bot.engine   | CLOSE FAILED for SGLY — position stays tracked for retry next cycle. original_broker=IBKR
2026-08-18 09:41:18 | WARNING  | trading_bot.broker.ibkr | Order 1518675 not found
2026-08-18 09:41:18 | INFO     | trading_bot.engine   | Cancelled broker stop order for SGLY
2026-08-18 09:41:18 | WARNING  | trading_bot.broker.ibkr | Order 1518675 not found
2026-08-18 09:41:18 | INFO     | trading_bot.notifications | [ALERT] Scanner Cycle: 📡 **[SCANNER]** Scanning 790 symbols
Market: 🟡 SIDEWAYS 
Signals found: 2
  ✅ FNG: score 100/100 — Mean reversion BUY: Z=-2.89, RSI=13, BB=lower, Vol=5.2x
  ✅ SXTC: score 95/100 — Momentum BUY: EMA cr
2026-08-18 09:41:18 | ERROR    | trading_bot.broker.ibkr | Contract qualification failed for SGLY: This event loop is already running
2026-08-18 09:41:18 | ERROR    | trading_bot.engine   | IBKR close order FAILED for SGLY
2026-08-18 09:41:18 | ERROR    | trading_bot.engine   | CLOSE FAILED for SGLY — position stays tracked for retry next cycle. original_broker=IBKR
2026-08-18 09:41:18 | WARNING  | trading_bot.engine   | SLOW CYCLE (199.8s total): update_data=192.9s, discover=6.5s
2026-08-18 09:41:19 | WARNING  | trading_bot.broker.ibkr | Order 1518675 not found
2026-08-18 09:41:19 | INFO     | trading_bot.engine   | Cancelled broker stop order for SGLY
2026-08-18 09:41:19 | WARNING  | trading_bot.broker.ibkr | Order 1518675 not found
2026-08-18 09:41:19 | ERROR    | trading_bot.broker.ibkr | Contract qualification failed for SGLY: This event loop is already running
2026-08-18 09:41:19 | ERROR    | trading_bot.engine   | IBKR close order FAILED for SGLY
2026-08-18 09:41:19 | ERROR    | trading_bot.engine   | CLOSE FAILED for SGLY — position stays tracked for retry next cycle. original_broker=IBKR
2026-08-18 09:41:19 | WARNING  | trading_bot.broker.ibkr | Order 1518675 not found
2026-08-18 09:41:19 | INFO     | trading_bot.engine   | Cancelled broker stop order for SGLY
2026-08-18 09:41:19 | WARNING  | trading_bot.broker.ibkr | Order 1518675 not found
2026-08-18 09:41:19 | ERROR    | trading_bot.broker.ibkr | Contract qualification failed for SGLY: This event loop is already running
2026-08-18 09:41:19 | ERROR    | trading_bot.engine   | IBKR close order FAILED for SGLY
2026-08-18 09:41:19 | ERROR    | trading_bot.engine   | CLOSE FAILED for SGLY — position stays tracked for retry next cycle. original_broker=IBKR
2026-08-18 09:41:19 | WARNING  | trading_bot.broker.ibkr | Order 1518675 not found
2026-08-18 09:41:19 | INFO     | trading_bot.engine   | Cancelled broker stop order for SGLY
2026-08-18 09:41:19 | WARNING  | trading_bot.broker.ibkr | Order 1518675 not found
2026-08-18 09:41:19 | ERROR    | trading_bot.broker.ibkr | Contract qualification failed for SGLY: This event loop is already running
2026-08-18 09:41:19 | ERROR    | trading_bot.engine   | IBKR close order FAILED for SGLY
2026-08-18 09:41:19 | ERROR    | trading_bot.engine   | CLOSE FAILED for SGLY — position stays tracked for retry next cycle. original_broker=IBKR
2026-08-18 09:41:19 | WARNING  | trading_bot.broker.ibkr | IBKR Error 2119: Market data farm is connecting:usfarm.nj
2026-08-18 09:41:20 | WARNING  | trading_bot.broker.ibkr | Order 1518675 not found
2026-08-18 09:41:20 | INFO     | trading_bot.engine   | Cancelled broker stop order for SGLY
2026-08-18 09:41:20 | WARNING  | trading_bot.broker.ibkr | Order 1518675 not found
2026-08-18 09:41:20 | ERROR    | trading_bot.broker.ibkr | Contract qualification failed for SGLY: This event loop is already running
2026-08-18 09:41:20 | ERROR    | trading_bot.engine   | IBKR close order FAILED for SGLY
2026-08-18 09:41:20 | ERROR    | trading_bot.engine   | CLOSE FAILED for SGLY — position stays tracked for retry next cycle. original_broker=IBKR
2026-08-18 09:41:20 | WARNING  | trading_bot.engine   | FALLING KNIFE BLOCK: FNG down -29.0% today — skipping long entry (threshold: -5.0%) | Strategy: mean_reversion
2026-08-18 09:41:21 | WARNING  | trading_bot.broker.ibkr | IBKR Error 2152: Exchanges - Depth: IEX; Top: BYX; PEARL; AMEX; T24X; MEMX; OVERNIGHT; EDGEA; TXSE; CHX; IBEOS; NYSENAT; PSX; LTSE; ISE; DRCTEDGE; Need additional market data permissions - Depth: NASDAQ; BATS; ARCA; BEX; NYSE; 
2026-08-18 09:41:23 | INFO     | trading_bot.engine   | QUALITY GATE SKIP: SXTC — wide spread 7.9% (>3% for $4.38)
2026-08-18 09:41:23 | WARNING  | trading_bot.broker.ibkr | Order 1518675 not found
2026-08-18 09:41:23 | INFO     | trading_bot.engine   | Cancelled broker stop order for SGLY
2026-08-18 09:41:23 | WARNING  | trading_bot.broker.ibkr | Order 1518675 not found
2026-08-18 09:41:23 | ERROR    | trading_bot.broker.ibkr | Contract qualification failed for SGLY: This event loop is already running
2026-08-18 09:41:23 | ERROR    | trading_bot.engine   | IBKR close order FAILED for SGLY
2026-08-18 09:41:23 | ERROR    | trading_bot.engine   | CLOSE FAILED for SGLY — position stays tracked for retry next cycle. original_broker=IBKR
2026-08-18 09:41:26 | INFO     | trading_bot.engine   | CRYPTO FAST LANE HEARTBEAT (mean_reversion): universe=42 | WAIT[34]: ADA-USD(weak 3d trend (-2.7%)), ALGO-USD(weak 3d trend (-2.6%)), APT-USD(weak 3d trend (-2.4%)), ARB-USD(weak 3d trend (+0.5%)), ATOM-USD(weak 3d trend (-6.1%)), AVAX-USD(weak 3d trend (-3.7%)), BONK-USD(weak 3d trend (-2.5%)), BTC-USD(needs green bar), DOGE-USD(weak 3d trend (-0.4%)), DOT-USD(weak 3d trend (-6.1%)), ETC-USD(weak 3d trend (-4.0%)), ETH-USD(weak 3d trend (+0.7%)), FET-USD(weak 3d trend (-7.7%)), FLOKI-USD(weak 3d trend (-3.5%)), GRT-USD(weak 3d trend (-5.1%)), HBAR-USD(weak 3d trend (+0.3%)), ICP-USD(weak 3d trend (-1.5%)), IMX-USD(weak 3d trend (-12.0%)), JUP-USD(weak 3d trend (+0.4%)), LINK-USD(weak 3d trend (-0.2%)), LTC-USD(weak 3d trend (+0.9%)), NEAR-USD(weak 3d trend (-2.7%)), OP-USD(weak 3d trend (-4.7%)), PEPE-USD(weak 3d trend (-2.7%)), RNDR-USD(weak 3d trend (-0.2%)), SEI-USD(weak 3d trend (-7.8%)), SHIB-USD(weak 3d trend (-2.6%)), SNX-USD(weak 3d trend (+0.0%)), SOL-USD(weak 3d trend (+0.7%)), SUI-USD(weak 3d trend (-4.6%)), TRX-USD(needs vol>=1.1x), UNI-USD(weak 3d trend (+0.5%)), XLM-USD(weak 3d trend (-2.8%)), XRP-USD(weak 3d trend (-0.5%)) | warming=3 | neutral=2 | no_data=3
2026-08-18 09:41:28 | WARNING  | trading_bot.broker.ibkr | IBKR Error 2152: Exchanges - Depth: IEX; Top: NYSENAT; MEMX; DRCTEDGE; Need additional market data permissions - Depth: BATS; NASDAQ; ARCA; BEX; NYSE; Unknown market data permissions - Top: BYX; AMEX; TXSE; PEARL; IBEOS; PSX; T24X; EDGEA; OVERNIGHT; LTSE; 
2026-08-18 09:41:29 | WARNING  | trading_bot.broker.ibkr | IBKR Error 2152: Exchanges - Top: BYX; AMEX; TXSE; PEARL; NYSENAT; PSX; T24X; MEMX; EDGEA; LTSE; DRCTEDGE; Unknown market data permissions - Depth: BATS; NASDAQ; ARCA; BEX; NYSE; IEX; Top: IBEOS; OVERNIGHT; 
2026-08-18 09:41:29 | WARNING  | trading_bot.broker.ibkr | Order 1518675 not found
2026-08-18 09:41:29 | INFO     | trading_bot.engine   | Cancelled broker stop order for SGLY
2026-08-18 09:41:29 | WARNING  | trading_bot.broker.ibkr | Order 1518675 not found
2026-08-18 09:41:29 | ERROR    | trading_bot.broker.ibkr | Contract qualification failed for SGLY: This event loop is already running
2026-08-18 09:41:29 | ERROR    | trading_bot.engine   | IBKR close order FAILED for SGLY
2026-08-18 09:41:29 | ERROR    | trading_bot.engine   | CLOSE FAILED for SGLY — position stays tracked for retry next cycle. original_broker=IBKR
2026-08-18 09:41:30 | WARNING  | trading_bot.broker.ibkr | Order 1518675 not found
2026-08-18 09:41:30 | INFO     | trading_bot.engine   | Cancelled broker stop order for SGLY
2026-08-18 09:41:30 | WARNING  | trading_bot.broker.ibkr | Order 1518675 not found
2026-08-18 09:41:30 | ERROR    | trading_bot.broker.ibkr | Contract qualification failed for SGLY: This event loop is already running
2026-08-18 09:41:30 | ERROR    | trading_bot.engine   | IBKR close order FAILED for SGLY
2026-08-18 09:41:30 | ERROR    | trading_bot.engine   | CLOSE FAILED for SGLY — position stays tracked for retry next cycle. original_broker=IBKR
2026-08-18 09:41:30 | WARNING  | trading_bot.broker.ibkr | IBKR Error 2152: Exchanges - Top: BYX; AMEX; PEARL; T24X; MEMX; OVERNIGHT; EDGEA; TXSE; IBEOS; NYSENAT; PSX; LTSE; DRCTEDGE; Unknown market data permissions - Depth: BATS; NASDAQ; ARCA; BEX; NYSE; IEX; 
2026-08-18 09:41:30 | WARNING  | trading_bot.broker.ibkr | Order 1518675 not found
2026-08-18 09:41:30 | INFO     | trading_bot.engine   | Cancelled broker stop order for SGLY
2026-08-18 09:41:30 | WARNING  | trading_bot.broker.ibkr | Order 1518675 not found
2026-08-18 09:41:30 | ERROR    | trading_bot.broker.ibkr | Contract qualification failed for SGLY: This event loop is already running
2026-08-18 09:41:30 | ERROR    | trading_bot.engine   | IBKR close order FAILED for SGLY
2026-08-18 09:41:30 | ERROR    | trading_bot.engine   | CLOSE FAILED for SGLY — position stays tracked for retry next cycle. original_broker=IBKR
2026-08-18 09:41:31 | WARNING  | trading_bot.broker.ibkr | Order 1518675 not found
2026-08-18 09:41:31 | INFO     | trading_bot.engine   | Cancelled broker stop order for SGLY
2026-08-18 09:41:31 | WARNING  | trading_bot.broker.ibkr | Order 1518675 not found
2026-08-18 09:41:31 | ERROR    | trading_bot.broker.ibkr | Contract qualification failed for SGLY: This event loop is already running
2026-08-18 09:41:31 | ERROR    | trading_bot.engine   | IBKR close order FAILED for SGLY
2026-08-18 09:41:31 | ERROR    | trading_bot.engine   | CLOSE FAILED for SGLY — position stays tracked for retry next cycle. original_broker=IBKR
2026-08-18 09:41:31 | WARNING  | trading_bot.broker.ibkr | IBKR Error 2152: Exchanges - Top: BYX; PEARL; AMEX; T24X; MEMX; OVERNIGHT; EDGEA; TXSE; CHX; IBEOS; NYSENAT; PSX; LTSE; ISE; DRCTEDGE; Unknown market data permissions - Depth: NASDAQ; BATS; ARCA; BEX; NYSE; IEX; 
2026-08-18 09:41:32 | WARNING  | trading_bot.broker.ibkr | IBKR Error 2152: Exchanges - Top: PEARL; IBEOS; OVERNIGHT; Unknown market data permissions - Depth: NASDAQ; BATS; ARCA; BEX; NYSE; IEX; Top: BYX; AMEX; TXSE; CHX; NYSENAT; PSX; T24X; MEMX; EDGEA; LTSE; ISE; DRCTEDGE; 
2026-08-18 09:41:32 | WARNING  | trading_bot.broker.ibkr | Order 1518675 not found
2026-08-18 09:41:32 | INFO     | trading_bot.engine   | Cancelled broker stop order for SGLY
2026-08-18 09:41:32 | WARNING  | trading_bot.broker.ibkr | Order 1518675 not found
2026-08-18 09:41:32 | ERROR    | trading_bot.broker.ibkr | Contract qualification failed for SGLY: This event loop is already running
2026-08-18 09:41:32 | ERROR    | trading_bot.engine   | IBKR close order FAILED for SGLY
2026-08-18 09:41:32 | ERROR    | trading_bot.engine   | CLOSE FAILED for SGLY — position stays tracked for retry next cycle. original_broker=IBKR
2026-08-18 09:41:33 | INFO     | trading_bot.broker.ibkr | IBKR scanner [TOP_PERC_GAIN]: 49 results
2026-08-18 09:41:33 | WARNING  | trading_bot.broker.ibkr | Order 1518675 not found
2026-08-18 09:41:33 | INFO     | trading_bot.engine   | Cancelled broker stop order for SGLY
2026-08-18 09:41:33 | WARNING  | trading_bot.broker.ibkr | Order 1518675 not found
2026-08-18 09:41:33 | ERROR    | trading_bot.broker.ibkr | Contract qualification failed for SGLY: This event loop is already running
2026-08-18 09:41:33 | ERROR    | trading_bot.engine   | IBKR close order FAILED for SGLY
2026-08-18 09:41:33 | ERROR    | trading_bot.engine   | CLOSE FAILED for SGLY — position stays tracked for retry next cycle. original_broker=IBKR
2026-08-18 09:41:33 | WARNING  | trading_bot.broker.ibkr | Order 1518675 not found
2026-08-18 09:41:33 | INFO     | trading_bot.engine   | Cancelled broker stop order for SGLY
2026-08-18 09:41:33 | WARNING  | trading_bot.broker.ibkr | Order 1518675 not found
2026-08-18 09:41:33 | ERROR    | trading_bot.broker.ibkr | Contract qualification failed for SGLY: This event loop is already running
2026-08-18 09:41:33 | ERROR    | trading_bot.engine   | IBKR close order FAILED for SGLY
2026-08-18 09:41:33 | ERROR    | trading_bot.engine   | CLOSE FAILED for SGLY — position stays tracked for retry next cycle. original_broker=IBKR
2026-08-18 09:41:34 | WARNING  | trading_bot.broker.ibkr | Order 1518675 not found
2026-08-18 09:41:34 | INFO     | trading_bot.engine   | Cancelled broker stop order for SGLY
2026-08-18 09:41:34 | WARNING  | trading_bot.broker.ibkr | Order 1518675 not found
2026-08-18 09:41:34 | ERROR    | trading_bot.broker.ibkr | Contract qualification failed for SGLY: This event loop is already running
2026-08-18 09:41:34 | ERROR    | trading_bot.engine   | IBKR close order FAILED for SGLY
2026-08-18 09:41:34 | ERROR    | trading_bot.engine   | CLOSE FAILED for SGLY — position stays tracked for retry next cycle. original_broker=IBKR
2026-08-18 09:41:34 | WARNING  | trading_bot.broker.ibkr | Order 1518675 not found
2026-08-18 09:41:34 | INFO     | trading_bot.engine   | Cancelled broker stop order for SGLY
2026-08-18 09:41:34 | WARNING  | trading_bot.broker.ibkr | Order 1518675 not found
2026-08-18 09:41:34 | ERROR    | trading_bot.broker.ibkr | Contract qualification failed for SGLY: This event loop is already running
2026-08-18 09:41:34 | ERROR    | trading_bot.engine   | IBKR close order FAILED for SGLY
2026-08-18 09:41:34 | ERROR    | trading_bot.engine   | CLOSE FAILED for SGLY — position stays tracked for retry next cycle. original_broker=IBKR
2026-08-18 09:41:34 | INFO     | trading_bot.broker.ibkr | IBKR scanner [MOST_ACTIVE]: 30 results
2026-08-18 09:41:34 | WARNING  | trading_bot.broker.ibkr | Order 1518675 not found
2026-08-18 09:41:34 | INFO     | trading_bot.engine   | Cancelled broker stop order for SGLY
2026-08-18 09:41:34 | WARNING  | trading_bot.broker.ibkr | Order 1518675 not found
2026-08-18 09:41:34 | ERROR    | trading_bot.broker.ibkr | Contract qualification failed for SGLY: This event loop is already running
2026-08-18 09:41:34 | ERROR    | trading_bot.engine   | IBKR close order FAILED for SGLY
2026-08-18 09:41:34 | ERROR    | trading_bot.engine   | CLOSE FAILED for SGLY — position stays tracked for retry next cycle. original_broker=IBKR
2026-08-18 09:41:35 | INFO     | trading_bot.broker.ibkr | IBKR scanner [HOT_BY_VOLUME]: 30 results
2026-08-18 09:41:35 | WARNING  | trading_bot.broker.ibkr | Order 1518675 not found
2026-08-18 09:41:35 | INFO     | trading_bot.engine   | Cancelled broker stop order for SGLY
2026-08-18 09:41:35 | WARNING  | trading_bot.broker.ibkr | Order 1518675 not found
2026-08-18 09:41:35 | ERROR    | trading_bot.broker.ibkr | Contract qualification failed for SGLY: This event loop is already running
2026-08-18 09:41:35 | ERROR    | trading_bot.engine   | IBKR close order FAILED for SGLY
2026-08-18 09:41:35 | ERROR    | trading_bot.engine   | CLOSE FAILED for SGLY — position stays tracked for retry next cycle. original_broker=IBKR
2026-08-18 09:41:36 | INFO     | trading_bot.broker.ibkr | IBKR scanner [HIGH_OPEN_GAP]: 30 results
2026-08-18 09:41:36 | WARNING  | trading_bot.broker.ibkr | Order 1518675 not found
2026-08-18 09:41:36 | INFO     | trading_bot.engine   | Cancelled broker stop order for SGLY
2026-08-18 09:41:36 | WARNING  | trading_bot.broker.ibkr | Order 1518675 not found
2026-08-18 09:41:36 | ERROR    | trading_bot.broker.ibkr | Contract qualification failed for SGLY: This event loop is already running
2026-08-18 09:41:36 | ERROR    | trading_bot.engine   | IBKR close order FAILED for SGLY
2026-08-18 09:41:36 | ERROR    | trading_bot.engine   | CLOSE FAILED for SGLY — position stays tracked for retry next cycle. original_broker=IBKR
2026-08-18 09:41:37 | INFO     | trading_bot.broker.ibkr | IBKR scanner [TOP_PERC_LOSE]: 20 results
2026-08-18 09:41:37 | INFO     | trading_bot.engine   | IBKR scanner: 107 unique symbols discovered | 49 gainers, 4 gaps, 20 losers
2026-08-18 09:41:37 | INFO     | trading_bot.engine   | Injected 1 runners into all strategies
2026-08-18 09:41:37 | INFO     | trading_bot.engine   | SYMBOL PRUNE: removed 3 stale symbols across strategies
2026-08-18 09:41:37 | INFO     | trading_bot.engine   | UNIVERSE CAP: working set 90 symbols (trimmed 185 low-priority equity names; max 90)
2026-08-18 09:41:37 | INFO     | trading_bot.data.market_data | Pruned 2 stale IBKR streams — now 46/95
2026-08-18 09:41:37 | WARNING  | trading_bot.broker.ibkr | Order 1518675 not found
2026-08-18 09:41:37 | INFO     | trading_bot.engine   | Cancelled broker stop order for SGLY
2026-08-18 09:41:37 | WARNING  | trading_bot.broker.ibkr | Order 1518675 not found
2026-08-18 09:41:37 | ERROR    | trading_bot.broker.ibkr | Contract qualification failed for SGLY: This event loop is already running
2026-08-18 09:41:37 | ERROR    | trading_bot.engine   | IBKR close order FAILED for SGLY
2026-08-18 09:41:37 | ERROR    | trading_bot.engine   | CLOSE FAILED for SGLY — position stays tracked for retry next cycle. original_broker=IBKR
2026-08-18 09:41:37 | WARNING  | trading_bot.broker.ibkr | Order 1518675 not found
2026-08-18 09:41:37 | INFO     | trading_bot.engine   | Cancelled broker stop order for SGLY
2026-08-18 09:41:37 | WARNING  | trading_bot.broker.ibkr | Order 1518675 not found
2026-08-18 09:41:37 | ERROR    | trading_bot.broker.ibkr | Contract qualification failed for SGLY: This event loop is already running
2026-08-18 09:41:37 | ERROR    | trading_bot.engine   | IBKR close order FAILED for SGLY
2026-08-18 09:41:37 | ERROR    | trading_bot.engine   | CLOSE FAILED for SGLY — position stays tracked for retry next cycle. original_broker=IBKR
2026-08-18 09:41:38 | INFO     | trading_bot.broker.ibkr | Subscribed to 2 live market data streams
2026-08-18 09:41:38 | INFO     | trading_bot.data.market_data | IBKR streaming active for 48 symbols
2026-08-18 09:41:38 | WARNING  | trading_bot.broker.ibkr | Order 1518675 not found
2026-08-18 09:41:38 | INFO     | trading_bot.engine   | Cancelled broker stop order for SGLY
2026-08-18 09:41:38 | WARNING  | trading_bot.broker.ibkr | Order 1518675 not found
2026-08-18 09:41:38 | ERROR    | trading_bot.broker.ibkr | Contract qualification failed for SGLY: This event loop is already running
2026-08-18 09:41:38 | ERROR    | trading_bot.engine   | IBKR close order FAILED for SGLY
2026-08-18 09:41:38 | ERROR    | trading_bot.engine   | CLOSE FAILED for SGLY — position stays tracked for retry next cycle. original_broker=IBKR
2026-08-18 09:41:39 | WARNING  | trading_bot.broker.ibkr | Order 1518675 not found
2026-08-18 09:41:39 | INFO     | trading_bot.engine   | Cancelled broker stop order for SGLY
2026-08-18 09:41:39 | WARNING  | trading_bot.broker.ibkr | Order 1518675 not found
2026-08-18 09:41:39 | ERROR    | trading_bot.broker.ibkr | Contract qualification failed for SGLY: This event loop is already running
2026-08-18 09:41:39 | ERROR    | trading_bot.engine   | IBKR close order FAILED for SGLY
2026-08-18 09:41:39 | ERROR    | trading_bot.engine   | CLOSE FAILED for SGLY — position stays tracked for retry next cycle. original_broker=IBKR
2026-08-18 09:41:44 | WARNING  | trading_bot.broker.ibkr | Order 1518675 not found
2026-08-18 09:41:44 | INFO     | trading_bot.engine   | Cancelled broker stop order for SGLY
2026-08-18 09:41:44 | WARNING  | trading_bot.broker.ibkr | Order 1518675 not found
2026-08-18 09:41:44 | ERROR    | trading_bot.broker.ibkr | Contract qualification failed for SGLY: This event loop is already running
2026-08-18 09:41:44 | ERROR    | trading_bot.engine   | IBKR close order FAILED for SGLY
2026-08-18 09:41:44 | ERROR    | trading_bot.engine   | CLOSE FAILED for SGLY — position stays tracked for retry next cycle. original_broker=IBKR
2026-08-18 09:41:45 | WARNING  | trading_bot.broker.ibkr | Order 1518675 not found
2026-08-18 09:41:45 | INFO     | trading_bot.engine   | Cancelled broker stop order for SGLY
2026-08-18 09:41:45 | WARNING  | trading_bot.broker.ibkr | Order 1518675 not found
2026-08-18 09:41:45 | ERROR    | trading_bot.broker.ibkr | Contract qualification failed for SGLY: This event loop is already running
2026-08-18 09:41:45 | ERROR    | trading_bot.engine   | IBKR close order FAILED for SGLY
2026-08-18 09:41:45 | ERROR    | trading_bot.engine   | CLOSE FAILED for SGLY — position stays tracked for retry next cycle. original_broker=IBKR
2026-08-18 09:41:46 | WARNING  | trading_bot.broker.ibkr | Order 1518675 not found
2026-08-18 09:41:46 | INFO     | trading_bot.engine   | Cancelled broker stop order for SGLY
2026-08-18 09:41:46 | WARNING  | trading_bot.broker.ibkr | Order 1518675 not found
2026-08-18 09:41:46 | ERROR    | trading_bot.broker.ibkr | Contract qualification failed for SGLY: This event loop is already running
2026-08-18 09:41:46 | ERROR    | trading_bot.engine   | IBKR close order FAILED for SGLY
2026-08-18 09:41:46 | ERROR    | trading_bot.engine   | CLOSE FAILED for SGLY — position stays tracked for retry next cycle. original_broker=IBKR
2026-08-18 09:41:46 | WARNING  | trading_bot.broker.ibkr | Order 1518675 not found
2026-08-18 09:41:46 | INFO     | trading_bot.engine   | Cancelled broker stop order for SGLY
2026-08-18 09:41:46 | WARNING  | trading_bot.broker.ibkr | Order 1518675 not found
2026-08-18 09:41:46 | ERROR    | trading_bot.broker.ibkr | Contract qualification failed for SGLY: This event loop is already running
2026-08-18 09:41:46 | ERROR    | trading_bot.engine   | IBKR close order FAILED for SGLY
2026-08-18 09:41:46 | ERROR    | trading_bot.engine   | CLOSE FAILED for SGLY — position stays tracked for retry next cycle. original_broker=IBKR
2026-08-18 09:41:47 | WARNING  | trading_bot.broker.ibkr | Order 1518675 not found
2026-08-18 09:41:47 | INFO     | trading_bot.engine   | Cancelled broker stop order for SGLY
2026-08-18 09:41:47 | WARNING  | trading_bot.broker.ibkr | Order 1518675 not found
2026-08-18 09:41:47 | ERROR    | trading_bot.broker.ibkr | Contract qualification failed for SGLY: This event loop is already running
2026-08-18 09:41:47 | ERROR    | trading_bot.engine   | IBKR close order FAILED for SGLY
2026-08-18 09:41:47 | ERROR    | trading_bot.engine   | CLOSE FAILED for SGLY — position stays tracked for retry next cycle. original_broker=IBKR
2026-08-18 09:41:48 | WARNING  | trading_bot.broker.ibkr | Order 1518675 not found
2026-08-18 09:41:48 | INFO     | trading_bot.engine   | Cancelled broker stop order for SGLY
2026-08-18 09:41:48 | WARNING  | trading_bot.broker.ibkr | Order 1518675 not found
2026-08-18 09:41:48 | ERROR    | trading_bot.broker.ibkr | Contract qualification failed for SGLY: This event loop is already running
2026-08-18 09:41:48 | ERROR    | trading_bot.engine   | IBKR close order FAILED for SGLY
2026-08-18 09:41:48 | ERROR    | trading_bot.engine   | CLOSE FAILED for SGLY — position stays tracked for retry next cycle. original_broker=IBKR
2026-08-18 09:41:49 | WARNING  | trading_bot.broker.ibkr | Order 1518675 not found
2026-08-18 09:41:49 | INFO     | trading_bot.engine   | Cancelled broker stop order for SGLY
2026-08-18 09:41:49 | WARNING  | trading_bot.broker.ibkr | Order 1518675 not found
2026-08-18 09:41:49 | ERROR    | trading_bot.broker.ibkr | Contract qualification failed for SGLY: This event loop is already running
2026-08-18 09:41:49 | ERROR    | trading_bot.engine   | IBKR close order FAILED for SGLY
2026-08-18 09:41:49 | ERROR    | trading_bot.engine   | CLOSE FAILED for SGLY — position stays tracked for retry next cycle. original_broker=IBKR
2026-08-18 09:41:49 | WARNING  | trading_bot.broker.ibkr | Order 1518675 not found
2026-08-18 09:41:49 | INFO     | trading_bot.engine   | Cancelled broker stop order for SGLY
2026-08-18 09:41:49 | WARNING  | trading_bot.broker.ibkr | Order 1518675 not found
2026-08-18 09:41:49 | ERROR    | trading_bot.broker.ibkr | Contract qualification failed for SGLY: This event loop is already running
2026-08-18 09:41:49 | ERROR    | trading_bot.engine   | IBKR close order FAILED for SGLY
2026-08-18 09:41:49 | ERROR    | trading_bot.engine   | CLOSE FAILED for SGLY — position stays tracked for retry next cycle. original_broker=IBKR
2026-08-18 09:41:50 | WARNING  | trading_bot.broker.ibkr | Order 1518675 not found
2026-08-18 09:41:50 | INFO     | trading_bot.engine   | Cancelled broker stop order for SGLY
2026-08-18 09:41:50 | WARNING  | trading_bot.broker.ibkr | Order 1518675 not found
2026-08-18 09:41:50 | ERROR    | trading_bot.broker.ibkr | Contract qualification failed for SGLY: This event loop is already running
2026-08-18 09:41:50 | ERROR    | trading_bot.engine   | IBKR close order FAILED for SGLY
2026-08-18 09:41:50 | ERROR    | trading_bot.engine   | CLOSE FAILED for SGLY — position stays tracked for retry next cycle. original_broker=IBKR
2026-08-18 09:41:50 | WARNING  | trading_bot.broker.ibkr | Order 1518675 not found
2026-08-18 09:41:50 | INFO     | trading_bot.engine   | Cancelled broker stop order for SGLY
2026-08-18 09:41:50 | WARNING  | trading_bot.broker.ibkr | Order 1518675 not found
2026-08-18 09:41:50 | ERROR    | trading_bot.broker.ibkr | Contract qualification failed for SGLY: This event loop is already running
2026-08-18 09:41:50 | ERROR    | trading_bot.engine   | IBKR close order FAILED for SGLY
2026-08-18 09:41:50 | ERROR    | trading_bot.engine   | CLOSE FAILED for SGLY — position stays tracked for retry next cycle. original_broker=IBKR
2026-08-18 09:41:51 | WARNING  | trading_bot.broker.ibkr | Order 1518675 not found
2026-08-18 09:41:51 | INFO     | trading_bot.engine   | Cancelled broker stop order for SGLY
2026-08-18 09:41:51 | WARNING  | trading_bot.broker.ibkr | Order 1518675 not found
2026-08-18 09:41:51 | ERROR    | trading_bot.broker.ibkr | Contract qualification failed for SGLY: This event loop is already running
2026-08-18 09:41:51 | ERROR    | trading_bot.engine   | IBKR close order FAILED for SGLY
2026-08-18 09:41:51 | ERROR    | trading_bot.engine   | CLOSE FAILED for SGLY — position stays tracked for retry next cycle. original_broker=IBKR
2026-08-18 09:41:51 | WARNING  | trading_bot.broker.ibkr | Order 1518675 not found
2026-08-18 09:41:51 | INFO     | trading_bot.engine   | Cancelled broker stop order for SGLY
2026-08-18 09:41:51 | WARNING  | trading_bot.broker.ibkr | Order 1518675 not found
2026-08-18 09:41:51 | ERROR    | trading_bot.broker.ibkr | Contract qualification failed for SGLY: This event loop is already running
2026-08-18 09:41:51 | ERROR    | trading_bot.engine   | IBKR close order FAILED for SGLY
2026-08-18 09:41:51 | ERROR    | trading_bot.engine   | CLOSE FAILED for SGLY — position stays tracked for retry next cycle. original_broker=IBKR
2026-08-18 09:41:52 | WARNING  | trading_bot.broker.ibkr | Order 1518675 not found
2026-08-18 09:41:52 | INFO     | trading_bot.engine   | Cancelled broker stop order for SGLY
2026-08-18 09:41:52 | WARNING  | trading_bot.broker.ibkr | Order 1518675 not found
2026-08-18 09:41:52 | ERROR    | trading_bot.broker.ibkr | Contract qualification failed for SGLY: This event loop is already running
2026-08-18 09:41:52 | ERROR    | trading_bot.engine   | IBKR close order FAILED for SGLY
2026-08-18 09:41:52 | ERROR    | trading_bot.engine   | CLOSE FAILED for SGLY — position stays tracked for retry next cycle. original_broker=IBKR
2026-08-18 09:41:52 | WARNING  | trading_bot.broker.ibkr | Order 1518675 not found
2026-08-18 09:41:52 | INFO     | trading_bot.engine   | Cancelled broker stop order for SGLY
2026-08-18 09:41:52 | WARNING  | trading_bot.broker.ibkr | Order 1518675 not found
2026-08-18 09:41:52 | ERROR    | trading_bot.broker.ibkr | Contract qualification failed for SGLY: This event loop is already running
2026-08-18 09:41:52 | ERROR    | trading_bot.engine   | IBKR close order FAILED for SGLY
2026-08-18 09:41:52 | ERROR    | trading_bot.engine   | CLOSE FAILED for SGLY — position stays tracked for retry next cycle. original_broker=IBKR
2026-08-18 09:41:53 | WARNING  | trading_bot.broker.ibkr | Order 1518675 not found
2026-08-18 09:41:53 | INFO     | trading_bot.engine   | Cancelled broker stop order for SGLY
2026-08-18 09:41:53 | WARNING  | trading_bot.broker.ibkr | Order 1518675 not found
2026-08-18 09:41:53 | ERROR    | trading_bot.broker.ibkr | Contract qualification failed for SGLY: This event loop is already running
2026-08-18 09:41:53 | ERROR    | trading_bot.engine   | IBKR close order FAILED for SGLY
2026-08-18 09:41:53 | ERROR    | trading_bot.engine   | CLOSE FAILED for SGLY — position stays tracked for retry next cycle. original_broker=IBKR
2026-08-18 09:41:54 | WARNING  | trading_bot.broker.ibkr | Order 1518675 not found
2026-08-18 09:41:54 | INFO     | trading_bot.engine   | Cancelled broker stop order for SGLY
2026-08-18 09:41:54 | WARNING  | trading_bot.broker.ibkr | Order 1518675 not found
2026-08-18 09:41:54 | ERROR    | trading_bot.broker.ibkr | Contract qualification failed for SGLY: This event loop is already running
2026-08-18 09:41:54 | ERROR    | trading_bot.engine   | IBKR close order FAILED for SGLY
2026-08-18 09:41:54 | ERROR    | trading_bot.engine   | CLOSE FAILED for SGLY — position stays tracked for retry next cycle. original_broker=IBKR
2026-08-18 09:41:55 | WARNING  | trading_bot.broker.ibkr | Order 1518675 not found
2026-08-18 09:41:55 | INFO     | trading_bot.engine   | Cancelled broker stop order for SGLY
2026-08-18 09:41:55 | WARNING  | trading_bot.broker.ibkr | Order 1518675 not found
2026-08-18 09:41:55 | ERROR    | trading_bot.broker.ibkr | Contract qualification failed for SGLY: This event loop is already running
2026-08-18 09:41:55 | ERROR    | trading_bot.engine   | IBKR close order FAILED for SGLY
2026-08-18 09:41:55 | ERROR    | trading_bot.engine   | CLOSE FAILED for SGLY — position stays tracked for retry next cycle. original_broker=IBKR
2026-08-18 09:41:55 | WARNING  | trading_bot.broker.ibkr | Order 1518675 not found
2026-08-18 09:41:55 | INFO     | trading_bot.engine   | Cancelled broker stop order for SGLY
2026-08-18 09:41:55 | WARNING  | trading_bot.broker.ibkr | Order 1518675 not found
2026-08-18 09:41:55 | ERROR    | trading_bot.broker.ibkr | Contract qualification failed for SGLY: This event loop is already running
2026-08-18 09:41:55 | ERROR    | trading_bot.engine   | IBKR close order FAILED for SGLY
2026-08-18 09:41:55 | ERROR    | trading_bot.engine   | CLOSE FAILED for SGLY — position stays tracked for retry next cycle. original_broker=IBKR
2026-08-18 09:41:57 | WARNING  | trading_bot.broker.ibkr | Order 1518675 not found
2026-08-18 09:41:57 | INFO     | trading_bot.engine   | Cancelled broker stop order for SGLY
2026-08-18 09:41:57 | WARNING  | trading_bot.broker.ibkr | Order 1518675 not found
2026-08-18 09:41:57 | ERROR    | trading_bot.broker.ibkr | Contract qualification failed for SGLY: This event loop is already running
2026-08-18 09:41:57 | ERROR    | trading_bot.engine   | IBKR close order FAILED for SGLY
2026-08-18 09:41:57 | ERROR    | trading_bot.engine   | CLOSE FAILED for SGLY — position stays tracked for retry next cycle. original_broker=IBKR
2026-08-18 09:41:58 | WARNING  | trading_bot.broker.ibkr | Order 1518675 not found
2026-08-18 09:41:58 | INFO     | trading_bot.engine   | Cancelled broker stop order for SGLY
2026-08-18 09:41:58 | WARNING  | trading_bot.broker.ibkr | Order 1518675 not found
2026-08-18 09:41:58 | ERROR    | trading_bot.broker.ibkr | Contract qualification failed for SGLY: This event loop is already running
2026-08-18 09:41:58 | ERROR    | trading_bot.engine   | IBKR close order FAILED for SGLY
2026-08-18 09:41:58 | ERROR    | trading_bot.engine   | CLOSE FAILED for SGLY — position stays tracked for retry next cycle. original_broker=IBKR
2026-08-18 09:41:59 | WARNING  | trading_bot.broker.ibkr | Order 1518675 not found
2026-08-18 09:41:59 | INFO     | trading_bot.engine   | Cancelled broker stop order for SGLY
2026-08-18 09:41:59 | WARNING  | trading_bot.broker.ibkr | Order 1518675 not found
2026-08-18 09:41:59 | ERROR    | trading_bot.broker.ibkr | Contract qualification failed for SGLY: This event loop is already running
2026-08-18 09:41:59 | ERROR    | trading_bot.engine   | IBKR close order FAILED for SGLY
2026-08-18 09:41:59 | ERROR    | trading_bot.engine   | CLOSE FAILED for SGLY — position stays tracked for retry next cycle. original_broker=IBKR
2026-08-18 09:42:00 | WARNING  | trading_bot.broker.ibkr | Order 1518675 not found
2026-08-18 09:42:00 | INFO     | trading_bot.engine   | Cancelled broker stop order for SGLY
2026-08-18 09:42:00 | WARNING  | trading_bot.broker.ibkr | Order 1518675 not found
2026-08-18 09:42:00 | ERROR    | trading_bot.broker.ibkr | Contract qualification failed for SGLY: This event loop is already running
2026-08-18 09:42:00 | ERROR    | trading_bot.engine   | IBKR close order FAILED for SGLY
2026-08-18 09:42:00 | ERROR    | trading_bot.engine   | CLOSE FAILED for SGLY — position stays tracked for retry next cycle. original_broker=IBKR
2026-08-18 09:42:00 | WARNING  | trading_bot.broker.ibkr | Order 1518675 not found
2026-08-18 09:42:00 | INFO     | trading_bot.engine   | Cancelled broker stop order for SGLY
2026-08-18 09:42:00 | WARNING  | trading_bot.broker.ibkr | Order 1518675 not found
2026-08-18 09:42:00 | ERROR    | trading_bot.broker.ibkr | Contract qualification failed for SGLY: This event loop is already running
2026-08-18 09:42:00 | ERROR    | trading_bot.engine   | IBKR close order FAILED for SGLY
2026-08-18 09:42:00 | ERROR    | trading_bot.engine   | CLOSE FAILED for SGLY — position stays tracked for retry next cycle. original_broker=IBKR
2026-08-18 09:42:01 | WARNING  | trading_bot.broker.ibkr | Order 1518675 not found
2026-08-18 09:42:01 | INFO     | trading_bot.engine   | Cancelled broker stop order for SGLY
2026-08-18 09:42:01 | WARNING  | trading_bot.broker.ibkr | Order 1518675 not found
2026-08-18 09:42:01 | ERROR    | trading_bot.broker.ibkr | Contract qualification failed for SGLY: This event loop is already running
2026-08-18 09:42:01 | ERROR    | trading_bot.engine   | IBKR close order FAILED for SGLY
2026-08-18 09:42:01 | ERROR    | trading_bot.engine   | CLOSE FAILED for SGLY — position stays tracked for retry next cycle. original_broker=IBKR
2026-08-18 09:42:01 | WARNING  | trading_bot.broker.ibkr | Order 1518675 not found
2026-08-18 09:42:01 | INFO     | trading_bot.engine   | Cancelled broker stop order for SGLY
2026-08-18 09:42:01 | WARNING  | trading_bot.broker.ibkr | Order 1518675 not found
2026-08-18 09:42:01 | ERROR    | trading_bot.broker.ibkr | Contract qualification failed for SGLY: This event loop is already running
2026-08-18 09:42:01 | ERROR    | trading_bot.engine   | IBKR close order FAILED for SGLY
2026-08-18 09:42:01 | ERROR    | trading_bot.engine   | CLOSE FAILED for SGLY — position stays tracked for retry next cycle. original_broker=IBKR
2026-08-18 09:42:02 | WARNING  | trading_bot.broker.ibkr | Order 1518675 not found
2026-08-18 09:42:02 | INFO     | trading_bot.engine   | Cancelled broker stop order for SGLY
2026-08-18 09:42:02 | WARNING  | trading_bot.broker.ibkr | Order 1518675 not found
2026-08-18 09:42:02 | ERROR    | trading_bot.broker.ibkr | Contract qualification failed for SGLY: This event loop is already running
2026-08-18 09:42:02 | ERROR    | trading_bot.engine   | IBKR close order FAILED for SGLY
2026-08-18 09:42:02 | ERROR    | trading_bot.engine   | CLOSE FAILED for SGLY — position stays tracked for retry next cycle. original_broker=IBKR
2026-08-18 09:42:02 | WARNING  | trading_bot.broker.ibkr | Order 1518675 not found
2026-08-18 09:42:02 | INFO     | trading_bot.engine   | Cancelled broker stop order for SGLY
2026-08-18 09:42:02 | WARNING  | trading_bot.broker.ibkr | Order 1518675 not found
2026-08-18 09:42:02 | ERROR    | trading_bot.broker.ibkr | Contract qualification failed for SGLY: This event loop is already running
2026-08-18 09:42:02 | ERROR    | trading_bot.engine   | IBKR close order FAILED for SGLY
2026-08-18 09:42:02 | ERROR    | trading_bot.engine   | CLOSE FAILED for SGLY — position stays tracked for retry next cycle. original_broker=IBKR
2026-08-18 09:42:03 | WARNING  | trading_bot.broker.ibkr | Order 1518675 not found
2026-08-18 09:42:03 | INFO     | trading_bot.engine   | Cancelled broker stop order for SGLY
2026-08-18 09:42:03 | WARNING  | trading_bot.broker.ibkr | Order 1518675 not found
2026-08-18 09:42:03 | ERROR    | trading_bot.broker.ibkr | Contract qualification failed for SGLY: This event loop is already running
2026-08-18 09:42:03 | ERROR    | trading_bot.engine   | IBKR close order FAILED for SGLY
2026-08-18 09:42:03 | ERROR    | trading_bot.engine   | CLOSE FAILED for SGLY — position stays tracked for retry next cycle. original_broker=IBKR
2026-08-18 09:42:03 | WARNING  | trading_bot.broker.ibkr | Order 1518675 not found
2026-08-18 09:42:03 | INFO     | trading_bot.engine   | Cancelled broker stop order for SGLY
2026-08-18 09:42:03 | WARNING  | trading_bot.broker.ibkr | Order 1518675 not found
2026-08-18 09:42:03 | ERROR    | trading_bot.broker.ibkr | Contract qualification failed for SGLY: This event loop is already running
2026-08-18 09:42:03 | ERROR    | trading_bot.engine   | IBKR close order FAILED for SGLY
2026-08-18 09:42:03 | ERROR    | trading_bot.engine   | CLOSE FAILED for SGLY — position stays tracked for retry next cycle. original_broker=IBKR
2026-08-18 09:42:03 | WARNING  | trading_bot.broker.ibkr | Order 1518675 not found
2026-08-18 09:42:03 | INFO     | trading_bot.engine   | Cancelled broker stop order for SGLY
2026-08-18 09:42:03 | WARNING  | trading_bot.broker.ibkr | Order 1518675 not found
2026-08-18 09:42:03 | ERROR    | trading_bot.broker.ibkr | Contract qualification failed for SGLY: This event loop is already running
2026-08-18 09:42:03 | ERROR    | trading_bot.engine   | IBKR close order FAILED for SGLY
2026-08-18 09:42:03 | ERROR    | trading_bot.engine   | CLOSE FAILED for SGLY — position stays tracked for retry next cycle. original_broker=IBKR
2026-08-18 09:42:03 | WARNING  | trading_bot.broker.ibkr | Order 1518675 not found
2026-08-18 09:42:03 | INFO     | trading_bot.engine   | Cancelled broker stop order for SGLY
2026-08-18 09:42:03 | WARNING  | trading_bot.broker.ibkr | Order 1518675 not found
2026-08-18 09:42:03 | ERROR    | trading_bot.broker.ibkr | Contract qualification failed for SGLY: This event loop is already running
2026-08-18 09:42:03 | ERROR    | trading_bot.engine   | IBKR close order FAILED for SGLY
2026-08-18 09:42:03 | ERROR    | trading_bot.engine   | CLOSE FAILED for SGLY — position stays tracked for retry next cycle. original_broker=IBKR
2026-08-18 09:42:04 | WARNING  | trading_bot.broker.ibkr | Order 1518675 not found
2026-08-18 09:42:04 | INFO     | trading_bot.engine   | Cancelled broker stop order for SGLY
2026-08-18 09:42:04 | WARNING  | trading_bot.broker.ibkr | Order 1518675 not found
2026-08-18 09:42:04 | ERROR    | trading_bot.broker.ibkr | Contract qualification failed for SGLY: This event loop is already running
2026-08-18 09:42:04 | ERROR    | trading_bot.engine   | IBKR close order FAILED for SGLY
2026-08-18 09:42:04 | ERROR    | trading_bot.engine   | CLOSE FAILED for SGLY — position stays tracked for retry next cycle. original_broker=IBKR
2026-08-18 09:42:06 | WARNING  | trading_bot.broker.ibkr | Order 1518675 not found
2026-08-18 09:42:06 | INFO     | trading_bot.engine   | Cancelled broker stop order for SGLY
2026-08-18 09:42:06 | WARNING  | trading_bot.broker.ibkr | Order 1518675 not found
2026-08-18 09:42:06 | ERROR    | trading_bot.broker.ibkr | Contract qualification failed for SGLY: This event loop is already running
2026-08-18 09:42:06 | ERROR    | trading_bot.engine   | IBKR close order FAILED for SGLY
2026-08-18 09:42:06 | ERROR    | trading_bot.engine   | CLOSE FAILED for SGLY — position stays tracked for retry next cycle. original_broker=IBKR
2026-08-18 09:42:06 | WARNING  | trading_bot.broker.ibkr | Order 1518675 not found
2026-08-18 09:42:06 | INFO     | trading_bot.engine   | Cancelled broker stop order for SGLY
2026-08-18 09:42:06 | WARNING  | trading_bot.broker.ibkr | Order 1518675 not found
2026-08-18 09:42:06 | ERROR    | trading_bot.broker.ibkr | Contract qualification failed for SGLY: This event loop is already running
2026-08-18 09:42:06 | ERROR    | trading_bot.engine   | IBKR close order FAILED for SGLY
2026-08-18 09:42:06 | ERROR    | trading_bot.engine   | CLOSE FAILED for SGLY — position stays tracked for retry next cycle. original_broker=IBKR
2026-08-18 09:42:07 | WARNING  | trading_bot.broker.ibkr | Order 1518675 not found
2026-08-18 09:42:07 | INFO     | trading_bot.engine   | Cancelled broker stop order for SGLY
2026-08-18 09:42:07 | WARNING  | trading_bot.broker.ibkr | Order 1518675 not found
2026-08-18 09:42:07 | ERROR    | trading_bot.broker.ibkr | Contract qualification failed for SGLY: This event loop is already running
2026-08-18 09:42:07 | ERROR    | trading_bot.engine   | IBKR close order FAILED for SGLY
2026-08-18 09:42:07 | ERROR    | trading_bot.engine   | CLOSE FAILED for SGLY — position stays tracked for retry next cycle. original_broker=IBKR
2026-08-18 09:42:08 | WARNING  | trading_bot.broker.ibkr | Order 1518675 not found
2026-08-18 09:42:08 | INFO     | trading_bot.engine   | Cancelled broker stop order for SGLY
2026-08-18 09:42:08 | WARNING  | trading_bot.broker.ibkr | Order 1518675 not found
2026-08-18 09:42:08 | ERROR    | trading_bot.broker.ibkr | Contract qualification failed for SGLY: This event loop is already running
2026-08-18 09:42:08 | ERROR    | trading_bot.engine   | IBKR close order FAILED for SGLY
2026-08-18 09:42:08 | ERROR    | trading_bot.engine   | CLOSE FAILED for SGLY — position stays tracked for retry next cycle. original_broker=IBKR
2026-08-18 09:42:09 | WARNING  | trading_bot.broker.ibkr | Order 1518675 not found
2026-08-18 09:42:09 | INFO     | trading_bot.engine   | Cancelled broker stop order for SGLY
2026-08-18 09:42:09 | WARNING  | trading_bot.broker.ibkr | Order 1518675 not found
2026-08-18 09:42:09 | ERROR    | trading_bot.broker.ibkr | Contract qualification failed for SGLY: This event loop is already running
2026-08-18 09:42:09 | ERROR    | trading_bot.engine   | IBKR close order FAILED for SGLY
2026-08-18 09:42:09 | ERROR    | trading_bot.engine   | CLOSE FAILED for SGLY — position stays tracked for retry next cycle. original_broker=IBKR
2026-08-18 09:42:09 | WARNING  | trading_bot.broker.ibkr | Order 1518675 not found
2026-08-18 09:42:09 | INFO     | trading_bot.engine   | Cancelled broker stop order for SGLY
2026-08-18 09:42:09 | WARNING  | trading_bot.broker.ibkr | Order 1518675 not found
2026-08-18 09:42:09 | ERROR    | trading_bot.broker.ibkr | Contract qualification failed for SGLY: This event loop is already running
2026-08-18 09:42:09 | ERROR    | trading_bot.engine   | IBKR close order FAILED for SGLY
2026-08-18 09:42:09 | ERROR    | trading_bot.engine   | CLOSE FAILED for SGLY — position stays tracked for retry next cycle. original_broker=IBKR
2026-08-18 09:42:10 | WARNING  | trading_bot.broker.ibkr | Order 1518675 not found
2026-08-18 09:42:10 | INFO     | trading_bot.engine   | Cancelled broker stop order for SGLY
2026-08-18 09:42:10 | WARNING  | trading_bot.broker.ibkr | Order 1518675 not found
2026-08-18 09:42:10 | ERROR    | trading_bot.broker.ibkr | Contract qualification failed for SGLY: This event loop is already running
2026-08-18 09:42:10 | ERROR    | trading_bot.engine   | IBKR close order FAILED for SGLY
2026-08-18 09:42:10 | ERROR    | trading_bot.engine   | CLOSE FAILED for SGLY — position stays tracked for retry next cycle. original_broker=IBKR
2026-08-18 09:42:10 | WARNING  | trading_bot.broker.ibkr | Order 1518675 not found
2026-08-18 09:42:10 | INFO     | trading_bot.engine   | Cancelled broker stop order for SGLY
2026-08-18 09:42:10 | WARNING  | trading_bot.broker.ibkr | Order 1518675 not found
2026-08-18 09:42:10 | ERROR    | trading_bot.broker.ibkr | Contract qualification failed for SGLY: This event loop is already running
2026-08-18 09:42:10 | ERROR    | trading_bot.engine   | IBKR close order FAILED for SGLY
2026-08-18 09:42:10 | ERROR    | trading_bot.engine   | CLOSE FAILED for SGLY — position stays tracked for retry next cycle. original_broker=IBKR
2026-08-18 09:42:10 | WARNING  | trading_bot.broker.ibkr | Order 1518675 not found
2026-08-18 09:42:10 | INFO     | trading_bot.engine   | Cancelled broker stop order for SGLY
2026-08-18 09:42:10 | WARNING  | trading_bot.broker.ibkr | Order 1518675 not found
2026-08-18 09:42:10 | ERROR    | trading_bot.broker.ibkr | Contract qualification failed for SGLY: This event loop is already running
2026-08-18 09:42:10 | ERROR    | trading_bot.engine   | IBKR close order FAILED for SGLY
2026-08-18 09:42:10 | ERROR    | trading_bot.engine   | CLOSE FAILED for SGLY — position stays tracked for retry next cycle. original_broker=IBKR
2026-08-18 09:42:10 | WARNING  | trading_bot.broker.ibkr | Order 1518675 not found
2026-08-18 09:42:10 | INFO     | trading_bot.engine   | Cancelled broker stop order for SGLY
2026-08-18 09:42:10 | WARNING  | trading_bot.broker.ibkr | Order 1518675 not found
2026-08-18 09:42:10 | ERROR    | trading_bot.broker.ibkr | Contract qualification failed for SGLY: This event loop is already running
2026-08-18 09:42:10 | ERROR    | trading_bot.engine   | IBKR close order FAILED for SGLY
2026-08-18 09:42:10 | ERROR    | trading_bot.engine   | CLOSE FAILED for SGLY — position stays tracked for retry next cycle. original_broker=IBKR
2026-08-18 09:42:11 | WARNING  | trading_bot.broker.ibkr | Order 1518675 not found
2026-08-18 09:42:11 | INFO     | trading_bot.engine   | Cancelled broker stop order for SGLY
2026-08-18 09:42:11 | WARNING  | trading_bot.broker.ibkr | Order 1518675 not found
2026-08-18 09:42:11 | ERROR    | trading_bot.broker.ibkr | Contract qualification failed for SGLY: This event loop is already running
2026-08-18 09:42:11 | ERROR    | trading_bot.engine   | IBKR close order FAILED for SGLY
2026-08-18 09:42:11 | ERROR    | trading_bot.engine   | CLOSE FAILED for SGLY — position stays tracked for retry next cycle. original_broker=IBKR
2026-08-18 09:42:12 | WARNING  | trading_bot.broker.ibkr | Order 1518675 not found
2026-08-18 09:42:12 | INFO     | trading_bot.engine   | Cancelled broker stop order for SGLY
2026-08-18 09:42:12 | WARNING  | trading_bot.broker.ibkr | Order 1518675 not found
2026-08-18 09:42:12 | ERROR    | trading_bot.broker.ibkr | Contract qualification failed for SGLY: This event loop is already running
2026-08-18 09:42:12 | ERROR    | trading_bot.engine   | IBKR close order FAILED for SGLY
2026-08-18 09:42:12 | ERROR    | trading_bot.engine   | CLOSE FAILED for SGLY — position stays tracked for retry next cycle. original_broker=IBKR
2026-08-18 09:42:12 | WARNING  | trading_bot.broker.ibkr | Order 1518675 not found
2026-08-18 09:42:12 | INFO     | trading_bot.engine   | Cancelled broker stop order for SGLY
2026-08-18 09:42:12 | WARNING  | trading_bot.broker.ibkr | Order 1518675 not found
2026-08-18 09:42:12 | ERROR    | trading_bot.broker.ibkr | Contract qualification failed for SGLY: This event loop is already running
2026-08-18 09:42:12 | ERROR    | trading_bot.engine   | IBKR close order FAILED for SGLY
2026-08-18 09:42:12 | ERROR    | trading_bot.engine   | CLOSE FAILED for SGLY — position stays tracked for retry next cycle. original_broker=IBKR
2026-08-18 09:42:13 | WARNING  | trading_bot.broker.ibkr | Order 1518675 not found
2026-08-18 09:42:13 | INFO     | trading_bot.engine   | Cancelled broker stop order for SGLY
2026-08-18 09:42:13 | WARNING  | trading_bot.broker.ibkr | Order 1518675 not found
2026-08-18 09:42:13 | ERROR    | trading_bot.broker.ibkr | Contract qualification failed for SGLY: This event loop is already running
2026-08-18 09:42:13 | ERROR    | trading_bot.engine   | IBKR close order FAILED for SGLY
2026-08-18 09:42:13 | ERROR    | trading_bot.engine   | CLOSE FAILED for SGLY — position stays tracked for retry next cycle. original_broker=IBKR
2026-08-18 09:42:13 | WARNING  | trading_bot.broker.ibkr | Order 1518675 not found
2026-08-18 09:42:13 | INFO     | trading_bot.engine   | Cancelled broker stop order for SGLY
2026-08-18 09:42:13 | WARNING  | trading_bot.broker.ibkr | Order 1518675 not found
2026-08-18 09:42:13 | ERROR    | trading_bot.broker.ibkr | Contract qualification failed for SGLY: This event loop is already running
2026-08-18 09:42:13 | ERROR    | trading_bot.engine   | IBKR close order FAILED for SGLY
2026-08-18 09:42:13 | ERROR    | trading_bot.engine   | CLOSE FAILED for SGLY — position stays tracked for retry next cycle. original_broker=IBKR
2026-08-18 09:42:14 | WARNING  | trading_bot.broker.ibkr | Order 1518675 not found
2026-08-18 09:42:14 | INFO     | trading_bot.engine   | Cancelled broker stop order for SGLY
2026-08-18 09:42:14 | WARNING  | trading_bot.broker.ibkr | Order 1518675 not found
2026-08-18 09:42:14 | ERROR    | trading_bot.broker.ibkr | Contract qualification failed for SGLY: This event loop is already running
2026-08-18 09:42:14 | ERROR    | trading_bot.engine   | IBKR close order FAILED for SGLY
2026-08-18 09:42:14 | ERROR    | trading_bot.engine   | CLOSE FAILED for SGLY — position stays tracked for retry next cycle. original_broker=IBKR
2026-08-18 09:42:15 | WARNING  | trading_bot.broker.ibkr | Order 1518675 not found
2026-08-18 09:42:15 | INFO     | trading_bot.engine   | Cancelled broker stop order for SGLY
2026-08-18 09:42:15 | WARNING  | trading_bot.broker.ibkr | Order 1518675 not found
2026-08-18 09:42:15 | ERROR    | trading_bot.broker.ibkr | Contract qualification failed for SGLY: This event loop is already running
2026-08-18 09:42:15 | ERROR    | trading_bot.engine   | IBKR close order FAILED for SGLY
2026-08-18 09:42:15 | ERROR    | trading_bot.engine   | CLOSE FAILED for SGLY — position stays tracked for retry next cycle. original_broker=IBKR
2026-08-18 09:42:15 | WARNING  | trading_bot.broker.ibkr | Order 1518675 not found
2026-08-18 09:42:15 | INFO     | trading_bot.engine   | Cancelled broker stop order for SGLY
2026-08-18 09:42:15 | WARNING  | trading_bot.broker.ibkr | Order 1518675 not found
2026-08-18 09:42:15 | ERROR    | trading_bot.broker.ibkr | Contract qualification failed for SGLY: This event loop is already running
2026-08-18 09:42:15 | ERROR    | trading_bot.engine   | IBKR close order FAILED for SGLY
2026-08-18 09:42:15 | ERROR    | trading_bot.engine   | CLOSE FAILED for SGLY — position stays tracked for retry next cycle. original_broker=IBKR
2026-08-18 09:42:15 | WARNING  | trading_bot.broker.ibkr | Order 1518675 not found
2026-08-18 09:42:15 | INFO     | trading_bot.engine   | Cancelled broker stop order for SGLY
2026-08-18 09:42:15 | WARNING  | trading_bot.broker.ibkr | Order 1518675 not found
2026-08-18 09:42:15 | ERROR    | trading_bot.broker.ibkr | Contract qualification failed for SGLY: This event loop is already running
2026-08-18 09:42:15 | ERROR    | trading_bot.engine   | IBKR close order FAILED for SGLY
2026-08-18 09:42:15 | ERROR    | trading_bot.engine   | CLOSE FAILED for SGLY — position stays tracked for retry next cycle. original_broker=IBKR
2026-08-18 09:42:15 | WARNING  | trading_bot.broker.ibkr | Order 1518675 not found
2026-08-18 09:42:15 | INFO     | trading_bot.engine   | Cancelled broker stop order for SGLY
2026-08-18 09:42:15 | WARNING  | trading_bot.broker.ibkr | Order 1518675 not found
2026-08-18 09:42:15 | ERROR    | trading_bot.broker.ibkr | Contract qualification failed for SGLY: This event loop is already running
2026-08-18 09:42:15 | ERROR    | trading_bot.engine   | IBKR close order FAILED for SGLY
2026-08-18 09:42:15 | ERROR    | trading_bot.engine   | CLOSE FAILED for SGLY — position stays tracked for retry next cycle. original_broker=IBKR
2026-08-18 09:42:15 | WARNING  | trading_bot.broker.ibkr | Order 1518675 not found
2026-08-18 09:42:15 | INFO     | trading_bot.engine   | Cancelled broker stop order for SGLY
2026-08-18 09:42:15 | WARNING  | trading_bot.broker.ibkr | Order 1518675 not found
2026-08-18 09:42:15 | ERROR    | trading_bot.broker.ibkr | Contract qualification failed for SGLY: This event loop is already running
2026-08-18 09:42:15 | ERROR    | trading_bot.engine   | IBKR close order FAILED for SGLY
2026-08-18 09:42:15 | ERROR    | trading_bot.engine   | CLOSE FAILED for SGLY — position stays tracked for retry next cycle. original_broker=IBKR
2026-08-18 09:42:16 | WARNING  | trading_bot.broker.ibkr | Order 1518675 not found
2026-08-18 09:42:16 | INFO     | trading_bot.engine   | Cancelled broker stop order for SGLY
2026-08-18 09:42:16 | WARNING  | trading_bot.broker.ibkr | Order 1518675 not found
2026-08-18 09:42:16 | ERROR    | trading_bot.broker.ibkr | Contract qualification failed for SGLY: This event loop is already running
2026-08-18 09:42:16 | ERROR    | trading_bot.engine   | IBKR close order FAILED for SGLY
2026-08-18 09:42:16 | ERROR    | trading_bot.engine   | CLOSE FAILED for SGLY — position stays tracked for retry next cycle. original_broker=IBKR
2026-08-18 09:42:17 | WARNING  | trading_bot.broker.ibkr | Order 1518675 not found
2026-08-18 09:42:17 | INFO     | trading_bot.engine   | Cancelled broker stop order for SGLY
2026-08-18 09:42:17 | WARNING  | trading_bot.broker.ibkr | Order 1518675 not found
2026-08-18 09:42:17 | ERROR    | trading_bot.broker.ibkr | Contract qualification failed for SGLY: This event loop is already running
2026-08-18 09:42:17 | ERROR    | trading_bot.engine   | IBKR close order FAILED for SGLY
2026-08-18 09:42:17 | ERROR    | trading_bot.engine   | CLOSE FAILED for SGLY — position stays tracked for retry next cycle. original_broker=IBKR
2026-08-18 09:42:19 | WARNING  | trading_bot.broker.ibkr | Order 1518675 not found
2026-08-18 09:42:19 | INFO     | trading_bot.engine   | Cancelled broker stop order for SGLY
2026-08-18 09:42:19 | WARNING  | trading_bot.broker.ibkr | Order 1518675 not found
2026-08-18 09:42:19 | ERROR    | trading_bot.broker.ibkr | Contract qualification failed for SGLY: This event loop is already running
2026-08-18 09:42:19 | ERROR    | trading_bot.engine   | IBKR close order FAILED for SGLY
2026-08-18 09:42:19 | ERROR    | trading_bot.engine   | CLOSE FAILED for SGLY — position stays tracked for retry next cycle. original_broker=IBKR
2026-08-18 09:42:19 | WARNING  | trading_bot.broker.ibkr | Order 1518675 not found
2026-08-18 09:42:19 | INFO     | trading_bot.engine   | Cancelled broker stop order for SGLY
2026-08-18 09:42:19 | WARNING  | trading_bot.broker.ibkr | Order 1518675 not found
2026-08-18 09:42:19 | ERROR    | trading_bot.broker.ibkr | Contract qualification failed for SGLY: This event loop is already running
2026-08-18 09:42:19 | ERROR    | trading_bot.engine   | IBKR close order FAILED for SGLY
2026-08-18 09:42:19 | ERROR    | trading_bot.engine   | CLOSE FAILED for SGLY — position stays tracked for retry next cycle. original_broker=IBKR
2026-08-18 09:42:20 | WARNING  | trading_bot.broker.ibkr | Order 1518675 not found
2026-08-18 09:42:20 | INFO     | trading_bot.engine   | Cancelled broker stop order for SGLY
2026-08-18 09:42:20 | WARNING  | trading_bot.broker.ibkr | Order 1518675 not found
2026-08-18 09:42:20 | ERROR    | trading_bot.broker.ibkr | Contract qualification failed for SGLY: This event loop is already running
2026-08-18 09:42:20 | ERROR    | trading_bot.engine   | IBKR close order FAILED for SGLY
2026-08-18 09:42:20 | ERROR    | trading_bot.engine   | CLOSE FAILED for SGLY — position stays tracked for retry next cycle. original_broker=IBKR
2026-08-18 09:42:21 | WARNING  | trading_bot.broker.ibkr | Order 1518675 not found
2026-08-18 09:42:21 | INFO     | trading_bot.engine   | Cancelled broker stop order for SGLY
2026-08-18 09:42:21 | WARNING  | trading_bot.broker.ibkr | Order 1518675 not found
2026-08-18 09:42:21 | ERROR    | trading_bot.broker.ibkr | Contract qualification failed for SGLY: This event loop is already running
2026-08-18 09:42:21 | ERROR    | trading_bot.engine   | IBKR close order FAILED for SGLY
2026-08-18 09:42:21 | ERROR    | trading_bot.engine   | CLOSE FAILED for SGLY — position stays tracked for retry next cycle. original_broker=IBKR
2026-08-18 09:42:21 | WARNING  | trading_bot.broker.ibkr | Order 1518675 not found
2026-08-18 09:42:21 | INFO     | trading_bot.engine   | Cancelled broker stop order for SGLY
2026-08-18 09:42:21 | WARNING  | trading_bot.broker.ibkr | Order 1518675 not found
2026-08-18 09:42:21 | ERROR    | trading_bot.broker.ibkr | Contract qualification failed for SGLY: This event loop is already running
2026-08-18 09:42:21 | ERROR    | trading_bot.engine   | IBKR close order FAILED for SGLY
2026-08-18 09:42:21 | ERROR    | trading_bot.engine   | CLOSE FAILED for SGLY — position stays tracked for retry next cycle. original_broker=IBKR
2026-08-18 09:42:21 | WARNING  | trading_bot.broker.ibkr | Order 1518675 not found
2026-08-18 09:42:21 | INFO     | trading_bot.engine   | Cancelled broker stop order for SGLY
2026-08-18 09:42:21 | WARNING  | trading_bot.broker.ibkr | Order 1518675 not found
2026-08-18 09:42:21 | ERROR    | trading_bot.broker.ibkr | Contract qualification failed for SGLY: This event loop is already running
2026-08-18 09:42:21 | ERROR    | trading_bot.engine   | IBKR close order FAILED for SGLY
2026-08-18 09:42:21 | ERROR    | trading_bot.engine   | CLOSE FAILED for SGLY — position stays tracked for retry next cycle. original_broker=IBKR
2026-08-18 09:42:21 | WARNING  | trading_bot.broker.ibkr | Order 1518675 not found
2026-08-18 09:42:21 | INFO     | trading_bot.engine   | Cancelled broker stop order for SGLY
2026-08-18 09:42:21 | WARNING  | trading_bot.broker.ibkr | Order 1518675 not found
2026-08-18 09:42:21 | ERROR    | trading_bot.broker.ibkr | Contract qualification failed for SGLY: This event loop is already running
2026-08-18 09:42:21 | ERROR    | trading_bot.engine   | IBKR close order FAILED for SGLY
2026-08-18 09:42:21 | ERROR    | trading_bot.engine   | CLOSE FAILED for SGLY — position stays tracked for retry next cycle. original_broker=IBKR
2026-08-18 09:42:23 | WARNING  | trading_bot.broker.ibkr | Order 1518675 not found
2026-08-18 09:42:23 | INFO     | trading_bot.engine   | Cancelled broker stop order for SGLY
2026-08-18 09:42:23 | WARNING  | trading_bot.broker.ibkr | Order 1518675 not found
2026-08-18 09:42:23 | ERROR    | trading_bot.broker.ibkr | Contract qualification failed for SGLY: This event loop is already running
2026-08-18 09:42:23 | ERROR    | trading_bot.engine   | IBKR close order FAILED for SGLY
2026-08-18 09:42:23 | ERROR    | trading_bot.engine   | CLOSE FAILED for SGLY — position stays tracked for retry next cycle. original_broker=IBKR
2026-08-18 09:42:27 | WARNING  | trading_bot.broker.ibkr | Order 1518675 not found
2026-08-18 09:42:27 | INFO     | trading_bot.engine   | Cancelled broker stop order for SGLY
2026-08-18 09:42:27 | WARNING  | trading_bot.broker.ibkr | Order 1518675 not found
2026-08-18 09:42:27 | ERROR    | trading_bot.broker.ibkr | Contract qualification failed for SGLY: This event loop is already running
2026-08-18 09:42:27 | ERROR    | trading_bot.engine   | IBKR close order FAILED for SGLY
2026-08-18 09:42:27 | ERROR    | trading_bot.engine   | CLOSE FAILED for SGLY — position stays tracked for retry next cycle. original_broker=IBKR
2026-08-18 09:42:27 | WARNING  | trading_bot.broker.ibkr | Order 1518675 not found
2026-08-18 09:42:27 | INFO     | trading_bot.engine   | Cancelled broker stop order for SGLY
2026-08-18 09:42:27 | WARNING  | trading_bot.broker.ibkr | Order 1518675 not found
2026-08-18 09:42:27 | ERROR    | trading_bot.broker.ibkr | Contract qualification failed for SGLY: This event loop is already running
2026-08-18 09:42:27 | ERROR    | trading_bot.engine   | IBKR close order FAILED for SGLY
2026-08-18 09:42:27 | ERROR    | trading_bot.engine   | CLOSE FAILED for SGLY — position stays tracked for retry next cycle. original_broker=IBKR
2026-08-18 09:42:28 | WARNING  | trading_bot.broker.ibkr | Order 1518675 not found
2026-08-18 09:42:28 | INFO     | trading_bot.engine   | Cancelled broker stop order for SGLY
2026-08-18 09:42:28 | WARNING  | trading_bot.broker.ibkr | Order 1518675 not found
2026-08-18 09:42:28 | ERROR    | trading_bot.broker.ibkr | Contract qualification failed for SGLY: This event loop is already running
2026-08-18 09:42:28 | ERROR    | trading_bot.engine   | IBKR close order FAILED for SGLY
2026-08-18 09:42:28 | ERROR    | trading_bot.engine   | CLOSE FAILED for SGLY — position stays tracked for retry next cycle. original_broker=IBKR
2026-08-18 09:42:28 | WARNING  | trading_bot.broker.ibkr | Order 1518675 not found
2026-08-18 09:42:28 | INFO     | trading_bot.engine   | Cancelled broker stop order for SGLY
2026-08-18 09:42:28 | WARNING  | trading_bot.broker.ibkr | Order 1518675 not found
2026-08-18 09:42:28 | ERROR    | trading_bot.broker.ibkr | Contract qualification failed for SGLY: This event loop is already running
2026-08-18 09:42:28 | ERROR    | trading_bot.engine   | IBKR close order FAILED for SGLY
2026-08-18 09:42:28 | ERROR    | trading_bot.engine   | CLOSE FAILED for SGLY — position stays tracked for retry next cycle. original_broker=IBKR
2026-08-18 09:42:29 | WARNING  | trading_bot.broker.ibkr | Order 1518675 not found
2026-08-18 09:42:29 | INFO     | trading_bot.engine   | Cancelled broker stop order for SGLY
2026-08-18 09:42:29 | WARNING  | trading_bot.broker.ibkr | Order 1518675 not found
2026-08-18 09:42:29 | ERROR    | trading_bot.broker.ibkr | Contract qualification failed for SGLY: This event loop is already running
2026-08-18 09:42:29 | ERROR    | trading_bot.engine   | IBKR close order FAILED for SGLY
2026-08-18 09:42:29 | ERROR    | trading_bot.engine   | CLOSE FAILED for SGLY — position stays tracked for retry next cycle. original_broker=IBKR
2026-08-18 09:42:29 | WARNING  | trading_bot.broker.ibkr | Order 1518675 not found
2026-08-18 09:42:29 | INFO     | trading_bot.engine   | Cancelled broker stop order for SGLY
2026-08-18 09:42:29 | WARNING  | trading_bot.broker.ibkr | Order 1518675 not found
2026-08-18 09:42:29 | ERROR    | trading_bot.broker.ibkr | Contract qualification failed for SGLY: This event loop is already running
2026-08-18 09:42:29 | ERROR    | trading_bot.engine   | IBKR close order FAILED for SGLY
2026-08-18 09:42:29 | ERROR    | trading_bot.engine   | CLOSE FAILED for SGLY — position stays tracked for retry next cycle. original_broker=IBKR
2026-08-18 09:42:29 | WARNING  | trading_bot.broker.ibkr | Order 1518675 not found
2026-08-18 09:42:29 | INFO     | trading_bot.engine   | Cancelled broker stop order for SGLY
2026-08-18 09:42:29 | WARNING  | trading_bot.broker.ibkr | Order 1518675 not found
2026-08-18 09:42:29 | ERROR    | trading_bot.broker.ibkr | Contract qualification failed for SGLY: This event loop is already running
2026-08-18 09:42:29 | ERROR    | trading_bot.engine   | IBKR close order FAILED for SGLY
2026-08-18 09:42:29 | ERROR    | trading_bot.engine   | CLOSE FAILED for SGLY — position stays tracked for retry next cycle. original_broker=IBKR
2026-08-18 09:42:30 | WARNING  | trading_bot.broker.ibkr | Order 1518675 not found
2026-08-18 09:42:30 | INFO     | trading_bot.engine   | Cancelled broker stop order for SGLY
2026-08-18 09:42:30 | WARNING  | trading_bot.broker.ibkr | Order 1518675 not found
2026-08-18 09:42:30 | ERROR    | trading_bot.broker.ibkr | Contract qualification failed for SGLY: This event loop is already running
2026-08-18 09:42:30 | ERROR    | trading_bot.engine   | IBKR close order FAILED for SGLY
2026-08-18 09:42:30 | ERROR    | trading_bot.engine   | CLOSE FAILED for SGLY — position stays tracked for retry next cycle. original_broker=IBKR
2026-08-18 09:42:31 | WARNING  | trading_bot.broker.ibkr | Order 1518675 not found
2026-08-18 09:42:31 | INFO     | trading_bot.engine   | Cancelled broker stop order for SGLY
2026-08-18 09:42:31 | WARNING  | trading_bot.broker.ibkr | Order 1518675 not found
2026-08-18 09:42:31 | ERROR    | trading_bot.broker.ibkr | Contract qualification failed for SGLY: This event loop is already running
2026-08-18 09:42:31 | ERROR    | trading_bot.engine   | IBKR close order FAILED for SGLY
2026-08-18 09:42:31 | ERROR    | trading_bot.engine   | CLOSE FAILED for SGLY — position stays tracked for retry next cycle. original_broker=IBKR
2026-08-18 09:42:31 | WARNING  | trading_bot.broker.ibkr | Order 1518675 not found
2026-08-18 09:42:31 | INFO     | trading_bot.engine   | Cancelled broker stop order for SGLY
2026-08-18 09:42:31 | WARNING  | trading_bot.broker.ibkr | Order 1518675 not found
2026-08-18 09:42:31 | ERROR    | trading_bot.broker.ibkr | Contract qualification failed for SGLY: This event loop is already running
2026-08-18 09:42:31 | ERROR    | trading_bot.engine   | IBKR close order FAILED for SGLY
2026-08-18 09:42:31 | ERROR    | trading_bot.engine   | CLOSE FAILED for SGLY — position stays tracked for retry next cycle. original_broker=IBKR
2026-08-18 09:42:31 | WARNING  | trading_bot.broker.ibkr | Order 1518675 not found
2026-08-18 09:42:31 | INFO     | trading_bot.engine   | Cancelled broker stop order for SGLY
2026-08-18 09:42:31 | WARNING  | trading_bot.broker.ibkr | Order 1518675 not found
2026-08-18 09:42:31 | ERROR    | trading_bot.broker.ibkr | Contract qualification failed for SGLY: This event loop is already running
2026-08-18 09:42:31 | ERROR    | trading_bot.engine   | IBKR close order FAILED for SGLY
2026-08-18 09:42:31 | ERROR    | trading_bot.engine   | CLOSE FAILED for SGLY — position stays tracked for retry next cycle. original_broker=IBKR
2026-08-18 09:42:32 | WARNING  | trading_bot.broker.ibkr | Order 1518675 not found
2026-08-18 09:42:32 | INFO     | trading_bot.engine   | Cancelled broker stop order for SGLY
2026-08-18 09:42:32 | WARNING  | trading_bot.broker.ibkr | Order 1518675 not found
2026-08-18 09:42:32 | ERROR    | trading_bot.broker.ibkr | Contract qualification failed for SGLY: This event loop is already running
2026-08-18 09:42:32 | ERROR    | trading_bot.engine   | IBKR close order FAILED for SGLY
2026-08-18 09:42:32 | ERROR    | trading_bot.engine   | CLOSE FAILED for SGLY — position stays tracked for retry next cycle. original_broker=IBKR
2026-08-18 09:42:33 | WARNING  | trading_bot.broker.ibkr | Order 1518675 not found
2026-08-18 09:42:33 | INFO     | trading_bot.engine   | Cancelled broker stop order for SGLY
2026-08-18 09:42:33 | WARNING  | trading_bot.broker.ibkr | Order 1518675 not found
2026-08-18 09:42:33 | ERROR    | trading_bot.broker.ibkr | Contract qualification failed for SGLY: This event loop is already running
2026-08-18 09:42:33 | ERROR    | trading_bot.engine   | IBKR close order FAILED for SGLY
2026-08-18 09:42:33 | ERROR    | trading_bot.engine   | CLOSE FAILED for SGLY — position stays tracked for retry next cycle. original_broker=IBKR
2026-08-18 09:42:33 | WARNING  | trading_bot.broker.ibkr | Order 1518675 not found
2026-08-18 09:42:33 | INFO     | trading_bot.engine   | Cancelled broker stop order for SGLY
2026-08-18 09:42:33 | WARNING  | trading_bot.broker.ibkr | Order 1518675 not found
2026-08-18 09:42:33 | ERROR    | trading_bot.broker.ibkr | Contract qualification failed for SGLY: This event loop is already running
2026-08-18 09:42:33 | ERROR    | trading_bot.engine   | IBKR close order FAILED for SGLY
2026-08-18 09:42:33 | ERROR    | trading_bot.engine   | CLOSE FAILED for SGLY — position stays tracked for retry next cycle. original_broker=IBKR
2026-08-18 09:42:34 | WARNING  | trading_bot.broker.ibkr | Order 1518675 not found
2026-08-18 09:42:34 | INFO     | trading_bot.engine   | Cancelled broker stop order for SGLY
2026-08-18 09:42:34 | WARNING  | trading_bot.broker.ibkr | Order 1518675 not found
2026-08-18 09:42:34 | ERROR    | trading_bot.broker.ibkr | Contract qualification failed for SGLY: This event loop is already running
2026-08-18 09:42:34 | ERROR    | trading_bot.engine   | IBKR close order FAILED for SGLY
2026-08-18 09:42:34 | ERROR    | trading_bot.engine   | CLOSE FAILED for SGLY — position stays tracked for retry next cycle. original_broker=IBKR
2026-08-18 09:42:35 | WARNING  | trading_bot.broker.ibkr | Order 1518675 not found
2026-08-18 09:42:35 | INFO     | trading_bot.engine   | Cancelled broker stop order for SGLY
2026-08-18 09:42:35 | WARNING  | trading_bot.broker.ibkr | Order 1518675 not found
2026-08-18 09:42:35 | ERROR    | trading_bot.broker.ibkr | Contract qualification failed for SGLY: This event loop is already running
2026-08-18 09:42:35 | ERROR    | trading_bot.engine   | IBKR close order FAILED for SGLY
2026-08-18 09:42:35 | ERROR    | trading_bot.engine   | CLOSE FAILED for SGLY — position stays tracked for retry next cycle. original_broker=IBKR
2026-08-18 09:42:35 | WARNING  | trading_bot.broker.ibkr | Order 1518675 not found
2026-08-18 09:42:35 | INFO     | trading_bot.engine   | Cancelled broker stop order for SGLY
2026-08-18 09:42:35 | WARNING  | trading_bot.broker.ibkr | Order 1518675 not found
2026-08-18 09:42:35 | ERROR    | trading_bot.broker.ibkr | Contract qualification failed for SGLY: This event loop is already running
2026-08-18 09:42:35 | ERROR    | trading_bot.engine   | IBKR close order FAILED for SGLY
2026-08-18 09:42:35 | ERROR    | trading_bot.engine   | CLOSE FAILED for SGLY — position stays tracked for retry next cycle. original_broker=IBKR
2026-08-18 09:42:35 | WARNING  | trading_bot.broker.ibkr | Order 1518675 not found
2026-08-18 09:42:35 | INFO     | trading_bot.engine   | Cancelled broker stop order for SGLY
2026-08-18 09:42:35 | WARNING  | trading_bot.broker.ibkr | Order 1518675 not found
2026-08-18 09:42:35 | ERROR    | trading_bot.broker.ibkr | Contract qualification failed for SGLY: This event loop is already running
2026-08-18 09:42:35 | ERROR    | trading_bot.engine   | IBKR close order FAILED for SGLY
2026-08-18 09:42:35 | ERROR    | trading_bot.engine   | CLOSE FAILED for SGLY — position stays tracked for retry next cycle. original_broker=IBKR
2026-08-18 09:42:36 | WARNING  | trading_bot.broker.ibkr | Order 1518675 not found
2026-08-18 09:42:36 | INFO     | trading_bot.engine   | Cancelled broker stop order for SGLY
2026-08-18 09:42:36 | WARNING  | trading_bot.broker.ibkr | Order 1518675 not found
2026-08-18 09:42:36 | ERROR    | trading_bot.broker.ibkr | Contract qualification failed for SGLY: This event loop is already running
2026-08-18 09:42:36 | ERROR    | trading_bot.engine   | IBKR close order FAILED for SGLY
2026-08-18 09:42:36 | ERROR    | trading_bot.engine   | CLOSE FAILED for SGLY — position stays tracked for retry next cycle. original_broker=IBKR
2026-08-18 09:42:36 | WARNING  | trading_bot.broker.ibkr | Order 1518675 not found
2026-08-18 09:42:36 | INFO     | trading_bot.engine   | Cancelled broker stop order for SGLY
2026-08-18 09:42:36 | WARNING  | trading_bot.broker.ibkr | Order 1518675 not found
2026-08-18 09:42:36 | ERROR    | trading_bot.broker.ibkr | Contract qualification failed for SGLY: This event loop is already running
2026-08-18 09:42:36 | ERROR    | trading_bot.engine   | IBKR close order FAILED for SGLY
2026-08-18 09:42:36 | ERROR    | trading_bot.engine   | CLOSE FAILED for SGLY — position stays tracked for retry next cycle. original_broker=IBKR
2026-08-18 09:42:38 | WARNING  | trading_bot.broker.ibkr | Order 1518675 not found
2026-08-18 09:42:38 | INFO     | trading_bot.engine   | Cancelled broker stop order for SGLY
2026-08-18 09:42:38 | WARNING  | trading_bot.broker.ibkr | Order 1518675 not found
2026-08-18 09:42:38 | ERROR    | trading_bot.broker.ibkr | Contract qualification failed for SGLY: This event loop is already running
2026-08-18 09:42:38 | ERROR    | trading_bot.engine   | IBKR close order FAILED for SGLY
2026-08-18 09:42:38 | ERROR    | trading_bot.engine   | CLOSE FAILED for SGLY — position stays tracked for retry next cycle. original_broker=IBKR
2026-08-18 09:42:38 | WARNING  | trading_bot.broker.ibkr | Order 1518675 not found
2026-08-18 09:42:38 | INFO     | trading_bot.engine   | Cancelled broker stop order for SGLY
2026-08-18 09:42:38 | WARNING  | trading_bot.broker.ibkr | Order 1518675 not found
2026-08-18 09:42:38 | ERROR    | trading_bot.broker.ibkr | Contract qualification failed for SGLY: This event loop is already running
2026-08-18 09:42:38 | ERROR    | trading_bot.engine   | IBKR close order FAILED for SGLY
2026-08-18 09:42:38 | ERROR    | trading_bot.engine   | CLOSE FAILED for SGLY — position stays tracked for retry next cycle. original_broker=IBKR
2026-08-18 09:42:39 | WARNING  | trading_bot.broker.ibkr | Order 1518675 not found
2026-08-18 09:42:39 | INFO     | trading_bot.engine   | Cancelled broker stop order for SGLY
2026-08-18 09:42:39 | WARNING  | trading_bot.broker.ibkr | Order 1518675 not found
2026-08-18 09:42:39 | ERROR    | trading_bot.broker.ibkr | Contract qualification failed for SGLY: This event loop is already running
2026-08-18 09:42:39 | ERROR    | trading_bot.engine   | IBKR close order FAILED for SGLY
2026-08-18 09:42:39 | ERROR    | trading_bot.engine   | CLOSE FAILED for SGLY — position stays tracked for retry next cycle. original_broker=IBKR
2026-08-18 09:42:40 | WARNING  | trading_bot.broker.ibkr | Order 1518675 not found
2026-08-18 09:42:40 | INFO     | trading_bot.engine   | Cancelled broker stop order for SGLY
2026-08-18 09:42:40 | WARNING  | trading_bot.broker.ibkr | Order 1518675 not found
2026-08-18 09:42:40 | ERROR    | trading_bot.broker.ibkr | Contract qualification failed for SGLY: This event loop is already running
2026-08-18 09:42:40 | ERROR    | trading_bot.engine   | IBKR close order FAILED for SGLY
2026-08-18 09:42:40 | ERROR    | trading_bot.engine   | CLOSE FAILED for SGLY — position stays tracked for retry next cycle. original_broker=IBKR
2026-08-18 09:42:40 | WARNING  | trading_bot.broker.ibkr | Order 1518675 not found
2026-08-18 09:42:40 | INFO     | trading_bot.engine   | Cancelled broker stop order for SGLY
2026-08-18 09:42:40 | WARNING  | trading_bot.broker.ibkr | Order 1518675 not found
2026-08-18 09:42:40 | ERROR    | trading_bot.broker.ibkr | Contract qualification failed for SGLY: This event loop is already running
2026-08-18 09:42:40 | ERROR    | trading_bot.engine   | IBKR close order FAILED for SGLY
2026-08-18 09:42:40 | ERROR    | trading_bot.engine   | CLOSE FAILED for SGLY — position stays tracked for retry next cycle. original_broker=IBKR
2026-08-18 09:42:41 | WARNING  | trading_bot.broker.ibkr | Order 1518675 not found
2026-08-18 09:42:41 | INFO     | trading_bot.engine   | Cancelled broker stop order for SGLY
2026-08-18 09:42:41 | WARNING  | trading_bot.broker.ibkr | Order 1518675 not found
2026-08-18 09:42:41 | ERROR    | trading_bot.broker.ibkr | Contract qualification failed for SGLY: This event loop is already running
2026-08-18 09:42:41 | ERROR    | trading_bot.engine   | IBKR close order FAILED for SGLY
2026-08-18 09:42:41 | ERROR    | trading_bot.engine   | CLOSE FAILED for SGLY — position stays tracked for retry next cycle. original_broker=IBKR
2026-08-18 09:42:41 | WARNING  | trading_bot.broker.ibkr | Order 1518675 not found
2026-08-18 09:42:41 | INFO     | trading_bot.engine   | Cancelled broker stop order for SGLY
2026-08-18 09:42:41 | WARNING  | trading_bot.broker.ibkr | Order 1518675 not found
2026-08-18 09:42:41 | ERROR    | trading_bot.broker.ibkr | Contract qualification failed for SGLY: This event loop is already running
2026-08-18 09:42:41 | ERROR    | trading_bot.engine   | IBKR close order FAILED for SGLY
2026-08-18 09:42:41 | ERROR    | trading_bot.engine   | CLOSE FAILED for SGLY — position stays tracked for retry next cycle. original_broker=IBKR
2026-08-18 09:42:41 | WARNING  | trading_bot.broker.ibkr | Order 1518675 not found
2026-08-18 09:42:41 | INFO     | trading_bot.engine   | Cancelled broker stop order for SGLY
2026-08-18 09:42:41 | WARNING  | trading_bot.broker.ibkr | Order 1518675 not found
2026-08-18 09:42:41 | ERROR    | trading_bot.broker.ibkr | Contract qualification failed for SGLY: This event loop is already running
2026-08-18 09:42:41 | ERROR    | trading_bot.engine   | IBKR close order FAILED for SGLY
2026-08-18 09:42:41 | ERROR    | trading_bot.engine   | CLOSE FAILED for SGLY — position stays tracked for retry next cycle. original_broker=IBKR
2026-08-18 09:42:41 | WARNING  | trading_bot.broker.ibkr | Order 1518675 not found
2026-08-18 09:42:41 | INFO     | trading_bot.engine   | Cancelled broker stop order for SGLY
2026-08-18 09:42:41 | WARNING  | trading_bot.broker.ibkr | Order 1518675 not found
2026-08-18 09:42:41 | ERROR    | trading_bot.broker.ibkr | Contract qualification failed for SGLY: This event loop is already running
2026-08-18 09:42:41 | ERROR    | trading_bot.engine   | IBKR close order FAILED for SGLY
2026-08-18 09:42:41 | ERROR    | trading_bot.engine   | CLOSE FAILED for SGLY — position stays tracked for retry next cycle. original_broker=IBKR
2026-08-18 09:42:43 | WARNING  | trading_bot.broker.ibkr | Order 1518675 not found
2026-08-18 09:42:43 | INFO     | trading_bot.engine   | Cancelled broker stop order for SGLY
2026-08-18 09:42:43 | WARNING  | trading_bot.broker.ibkr | Order 1518675 not found
2026-08-18 09:42:43 | ERROR    | trading_bot.broker.ibkr | Contract qualification failed for SGLY: This event loop is already running
2026-08-18 09:42:43 | ERROR    | trading_bot.engine   | IBKR close order FAILED for SGLY
2026-08-18 09:42:43 | ERROR    | trading_bot.engine   | CLOSE FAILED for SGLY — position stays tracked for retry next cycle. original_broker=IBKR
2026-08-18 09:42:45 | WARNING  | trading_bot.broker.ibkr | Order 1518675 not found
2026-08-18 09:42:45 | INFO     | trading_bot.engine   | Cancelled broker stop order for SGLY
2026-08-18 09:42:45 | WARNING  | trading_bot.broker.ibkr | Order 1518675 not found
2026-08-18 09:42:45 | ERROR    | trading_bot.broker.ibkr | Contract qualification failed for SGLY: This event loop is already running
2026-08-18 09:42:45 | ERROR    | trading_bot.engine   | IBKR close order FAILED for SGLY
2026-08-18 09:42:45 | ERROR    | trading_bot.engine   | CLOSE FAILED for SGLY — position stays tracked for retry next cycle. original_broker=IBKR
2026-08-18 09:42:45 | WARNING  | trading_bot.broker.ibkr | Order 1518675 not found
2026-08-18 09:42:45 | INFO     | trading_bot.engine   | Cancelled broker stop order for SGLY
2026-08-18 09:42:45 | WARNING  | trading_bot.broker.ibkr | Order 1518675 not found
2026-08-18 09:42:45 | ERROR    | trading_bot.broker.ibkr | Contract qualification failed for SGLY: This event loop is already running
2026-08-18 09:42:45 | ERROR    | trading_bot.engine   | IBKR close order FAILED for SGLY
2026-08-18 09:42:45 | ERROR    | trading_bot.engine   | CLOSE FAILED for SGLY — position stays tracked for retry next cycle. original_broker=IBKR
2026-08-18 09:42:45 | WARNING  | trading_bot.broker.ibkr | Order 1518675 not found
2026-08-18 09:42:45 | INFO     | trading_bot.engine   | Cancelled broker stop order for SGLY
2026-08-18 09:42:45 | WARNING  | trading_bot.broker.ibkr | Order 1518675 not found
2026-08-18 09:42:45 | ERROR    | trading_bot.broker.ibkr | Contract qualification failed for SGLY: This event loop is already running
2026-08-18 09:42:45 | ERROR    | trading_bot.engine   | IBKR close order FAILED for SGLY
2026-08-18 09:42:45 | ERROR    | trading_bot.engine   | CLOSE FAILED for SGLY — position stays tracked for retry next cycle. original_broker=IBKR
2026-08-18 09:42:46 | WARNING  | trading_bot.broker.ibkr | Order 1518675 not found
2026-08-18 09:42:46 | INFO     | trading_bot.engine   | Cancelled broker stop order for SGLY
2026-08-18 09:42:46 | WARNING  | trading_bot.broker.ibkr | Order 1518675 not found
2026-08-18 09:42:46 | ERROR    | trading_bot.broker.ibkr | Contract qualification failed for SGLY: This event loop is already running
2026-08-18 09:42:46 | ERROR    | trading_bot.engine   | IBKR close order FAILED for SGLY
2026-08-18 09:42:46 | ERROR    | trading_bot.engine   | CLOSE FAILED for SGLY — position stays tracked for retry next cycle. original_broker=IBKR
2026-08-18 09:42:46 | WARNING  | trading_bot.broker.ibkr | Order 1518675 not found
2026-08-18 09:42:46 | INFO     | trading_bot.engine   | Cancelled broker stop order for SGLY
2026-08-18 09:42:46 | WARNING  | trading_bot.broker.ibkr | Order 1518675 not found
2026-08-18 09:42:46 | ERROR    | trading_bot.broker.ibkr | Contract qualification failed for SGLY: This event loop is already running
2026-08-18 09:42:46 | ERROR    | trading_bot.engine   | IBKR close order FAILED for SGLY
2026-08-18 09:42:46 | ERROR    | trading_bot.engine   | CLOSE FAILED for SGLY — position stays tracked for retry next cycle. original_broker=IBKR
2026-08-18 09:42:48 | WARNING  | trading_bot.broker.ibkr | Order 1518675 not found
2026-08-18 09:42:48 | INFO     | trading_bot.engine   | Cancelled broker stop order for SGLY
2026-08-18 09:42:48 | WARNING  | trading_bot.broker.ibkr | Order 1518675 not found
2026-08-18 09:42:48 | ERROR    | trading_bot.broker.ibkr | Contract qualification failed for SGLY: This event loop is already running
2026-08-18 09:42:48 | ERROR    | trading_bot.engine   | IBKR close order FAILED for SGLY
2026-08-18 09:42:48 | ERROR    | trading_bot.engine   | CLOSE FAILED for SGLY — position stays tracked for retry next cycle. original_broker=IBKR
2026-08-18 09:42:48 | WARNING  | trading_bot.broker.ibkr | Order 1518675 not found
2026-08-18 09:42:48 | INFO     | trading_bot.engine   | Cancelled broker stop order for SGLY
2026-08-18 09:42:48 | WARNING  | trading_bot.broker.ibkr | Order 1518675 not found
2026-08-18 09:42:48 | ERROR    | trading_bot.broker.ibkr | Contract qualification failed for SGLY: This event loop is already running
2026-08-18 09:42:48 | ERROR    | trading_bot.engine   | IBKR close order FAILED for SGLY
2026-08-18 09:42:48 | ERROR    | trading_bot.engine   | CLOSE FAILED for SGLY — position stays tracked for retry next cycle. original_broker=IBKR
2026-08-18 09:42:50 | WARNING  | trading_bot.broker.ibkr | Order 1518675 not found
2026-08-18 09:42:50 | INFO     | trading_bot.engine   | Cancelled broker stop order for SGLY
2026-08-18 09:42:50 | WARNING  | trading_bot.broker.ibkr | Order 1518675 not found
2026-08-18 09:42:50 | ERROR    | trading_bot.broker.ibkr | Contract qualification failed for SGLY: This event loop is already running
2026-08-18 09:42:50 | ERROR    | trading_bot.engine   | IBKR close order FAILED for SGLY
2026-08-18 09:42:50 | ERROR    | trading_bot.engine   | CLOSE FAILED for SGLY — position stays tracked for retry next cycle. original_broker=IBKR
2026-08-18 09:42:50 | WARNING  | trading_bot.broker.ibkr | Order 1518675 not found
2026-08-18 09:42:50 | INFO     | trading_bot.engine   | Cancelled broker stop order for SGLY
2026-08-18 09:42:50 | WARNING  | trading_bot.broker.ibkr | Order 1518675 not found
2026-08-18 09:42:50 | ERROR    | trading_bot.broker.ibkr | Contract qualification failed for SGLY: This event loop is already running
2026-08-18 09:42:50 | ERROR    | trading_bot.engine   | IBKR close order FAILED for SGLY
2026-08-18 09:42:50 | ERROR    | trading_bot.engine   | CLOSE FAILED for SGLY — position stays tracked for retry next cycle. original_broker=IBKR
2026-08-18 09:42:51 | WARNING  | trading_bot.broker.ibkr | Order 1518675 not found
2026-08-18 09:42:51 | INFO     | trading_bot.engine   | Cancelled broker stop order for SGLY
2026-08-18 09:42:51 | WARNING  | trading_bot.broker.ibkr | Order 1518675 not found
2026-08-18 09:42:51 | ERROR    | trading_bot.broker.ibkr | Contract qualification failed for SGLY: This event loop is already running
2026-08-18 09:42:51 | ERROR    | trading_bot.engine   | IBKR close order FAILED for SGLY
2026-08-18 09:42:51 | ERROR    | trading_bot.engine   | CLOSE FAILED for SGLY — position stays tracked for retry next cycle. original_broker=IBKR
2026-08-18 09:42:52 | WARNING  | trading_bot.broker.ibkr | Order 1518675 not found
2026-08-18 09:42:52 | INFO     | trading_bot.engine   | Cancelled broker stop order for SGLY
2026-08-18 09:42:52 | WARNING  | trading_bot.broker.ibkr | Order 1518675 not found
2026-08-18 09:42:52 | ERROR    | trading_bot.broker.ibkr | Contract qualification failed for SGLY: This event loop is already running
2026-08-18 09:42:52 | ERROR    | trading_bot.engine   | IBKR close order FAILED for SGLY
2026-08-18 09:42:52 | ERROR    | trading_bot.engine   | CLOSE FAILED for SGLY — position stays tracked for retry next cycle. original_broker=IBKR
2026-08-18 09:42:53 | WARNING  | trading_bot.broker.ibkr | Order 1518675 not found
2026-08-18 09:42:53 | INFO     | trading_bot.engine   | Cancelled broker stop order for SGLY
2026-08-18 09:42:53 | WARNING  | trading_bot.broker.ibkr | Order 1518675 not found
2026-08-18 09:42:53 | ERROR    | trading_bot.broker.ibkr | Contract qualification failed for SGLY: This event loop is already running
2026-08-18 09:42:53 | ERROR    | trading_bot.engine   | IBKR close order FAILED for SGLY
2026-08-18 09:42:53 | ERROR    | trading_bot.engine   | CLOSE FAILED for SGLY — position stays tracked for retry next cycle. original_broker=IBKR
2026-08-18 09:42:53 | WARNING  | trading_bot.broker.ibkr | Order 1518675 not found
2026-08-18 09:42:53 | INFO     | trading_bot.engine   | Cancelled broker stop order for SGLY
2026-08-18 09:42:53 | WARNING  | trading_bot.broker.ibkr | Order 1518675 not found
2026-08-18 09:42:53 | ERROR    | trading_bot.broker.ibkr | Contract qualification failed for SGLY: This event loop is already running
2026-08-18 09:42:53 | ERROR    | trading_bot.engine   | IBKR close order FAILED for SGLY
2026-08-18 09:42:53 | ERROR    | trading_bot.engine   | CLOSE FAILED for SGLY — position stays tracked for retry next cycle. original_broker=IBKR
2026-08-18 09:42:54 | WARNING  | trading_bot.broker.ibkr | Order 1518675 not found
2026-08-18 09:42:54 | INFO     | trading_bot.engine   | Cancelled broker stop order for SGLY
2026-08-18 09:42:54 | WARNING  | trading_bot.broker.ibkr | Order 1518675 not found
2026-08-18 09:42:54 | ERROR    | trading_bot.broker.ibkr | Contract qualification failed for SGLY: This event loop is already running
2026-08-18 09:42:54 | ERROR    | trading_bot.engine   | IBKR close order FAILED for SGLY
2026-08-18 09:42:54 | ERROR    | trading_bot.engine   | CLOSE FAILED for SGLY — position stays tracked for retry next cycle. original_broker=IBKR
2026-08-18 09:42:54 | WARNING  | trading_bot.broker.ibkr | Order 1518675 not found
2026-08-18 09:42:54 | INFO     | trading_bot.engine   | Cancelled broker stop order for SGLY
2026-08-18 09:42:54 | WARNING  | trading_bot.broker.ibkr | Order 1518675 not found
2026-08-18 09:42:54 | ERROR    | trading_bot.broker.ibkr | Contract qualification failed for SGLY: This event loop is already running
2026-08-18 09:42:54 | ERROR    | trading_bot.engine   | IBKR close order FAILED for SGLY
2026-08-18 09:42:54 | ERROR    | trading_bot.engine   | CLOSE FAILED for SGLY — position stays tracked for retry next cycle. original_broker=IBKR
2026-08-18 09:42:56 | WARNING  | trading_bot.broker.ibkr | Order 1518675 not found
2026-08-18 09:42:56 | INFO     | trading_bot.engine   | Cancelled broker stop order for SGLY
2026-08-18 09:42:56 | WARNING  | trading_bot.broker.ibkr | Order 1518675 not found
2026-08-18 09:42:56 | ERROR    | trading_bot.broker.ibkr | Contract qualification failed for SGLY: This event loop is already running
2026-08-18 09:42:56 | ERROR    | trading_bot.engine   | IBKR close order FAILED for SGLY
2026-08-18 09:42:56 | ERROR    | trading_bot.engine   | CLOSE FAILED for SGLY — position stays tracked for retry next cycle. original_broker=IBKR
2026-08-18 09:42:57 | WARNING  | trading_bot.broker.ibkr | Order 1518675 not found
2026-08-18 09:42:57 | INFO     | trading_bot.engine   | Cancelled broker stop order for SGLY
2026-08-18 09:42:57 | WARNING  | trading_bot.broker.ibkr | Order 1518675 not found
2026-08-18 09:42:57 | ERROR    | trading_bot.broker.ibkr | Contract qualification failed for SGLY: This event loop is already running
2026-08-18 09:42:57 | ERROR    | trading_bot.engine   | IBKR close order FAILED for SGLY
2026-08-18 09:42:57 | ERROR    | trading_bot.engine   | CLOSE FAILED for SGLY — position stays tracked for retry next cycle. original_broker=IBKR
2026-08-18 09:42:59 | WARNING  | trading_bot.broker.ibkr | Order 1518675 not found
2026-08-18 09:42:59 | INFO     | trading_bot.engine   | Cancelled broker stop order for SGLY
2026-08-18 09:42:59 | WARNING  | trading_bot.broker.ibkr | Order 1518675 not found
2026-08-18 09:42:59 | ERROR    | trading_bot.broker.ibkr | Contract qualification failed for SGLY: This event loop is already running
2026-08-18 09:42:59 | ERROR    | trading_bot.engine   | IBKR close order FAILED for SGLY
2026-08-18 09:42:59 | ERROR    | trading_bot.engine   | CLOSE FAILED for SGLY — position stays tracked for retry next cycle. original_broker=IBKR
2026-08-18 09:43:04 | WARNING  | trading_bot.broker.ibkr | Order 1518675 not found
2026-08-18 09:43:04 | INFO     | trading_bot.engine   | Cancelled broker stop order for SGLY
2026-08-18 09:43:04 | WARNING  | trading_bot.broker.ibkr | Order 1518675 not found
2026-08-18 09:43:04 | ERROR    | trading_bot.broker.ibkr | Contract qualification failed for SGLY: This event loop is already running
2026-08-18 09:43:04 | ERROR    | trading_bot.engine   | IBKR close order FAILED for SGLY
2026-08-18 09:43:04 | ERROR    | trading_bot.engine   | CLOSE FAILED for SGLY — position stays tracked for retry next cycle. original_broker=IBKR
2026-08-18 09:43:04 | WARNING  | trading_bot.broker.ibkr | Order 1518675 not found
2026-08-18 09:43:04 | INFO     | trading_bot.engine   | Cancelled broker stop order for SGLY
2026-08-18 09:43:04 | WARNING  | trading_bot.broker.ibkr | Order 1518675 not found
2026-08-18 09:43:04 | ERROR    | trading_bot.broker.ibkr | Contract qualification failed for SGLY: This event loop is already running
2026-08-18 09:43:04 | ERROR    | trading_bot.engine   | IBKR close order FAILED for SGLY
2026-08-18 09:43:04 | ERROR    | trading_bot.engine   | CLOSE FAILED for SGLY — position stays tracked for retry next cycle. original_broker=IBKR
2026-08-18 09:43:07 | WARNING  | trading_bot.broker.ibkr | Order 1518675 not found
2026-08-18 09:43:07 | INFO     | trading_bot.engine   | Cancelled broker stop order for SGLY
2026-08-18 09:43:07 | WARNING  | trading_bot.broker.ibkr | Order 1518675 not found
2026-08-18 09:43:07 | ERROR    | trading_bot.broker.ibkr | Contract qualification failed for SGLY: This event loop is already running
2026-08-18 09:43:07 | ERROR    | trading_bot.engine   | IBKR close order FAILED for SGLY
2026-08-18 09:43:07 | ERROR    | trading_bot.engine   | CLOSE FAILED for SGLY — position stays tracked for retry next cycle. original_broker=IBKR
2026-08-18 09:43:09 | WARNING  | trading_bot.broker.ibkr | Order 1518675 not found
2026-08-18 09:43:09 | INFO     | trading_bot.engine   | Cancelled broker stop order for SGLY
2026-08-18 09:43:09 | WARNING  | trading_bot.broker.ibkr | Order 1518675 not found
2026-08-18 09:43:09 | ERROR    | trading_bot.broker.ibkr | Contract qualification failed for SGLY: This event loop is already running
2026-08-18 09:43:09 | ERROR    | trading_bot.engine   | IBKR close order FAILED for SGLY
2026-08-18 09:43:09 | ERROR    | trading_bot.engine   | CLOSE FAILED for SGLY — position stays tracked for retry next cycle. original_broker=IBKR
2026-08-18 09:43:10 | WARNING  | trading_bot.broker.ibkr | Order 1518675 not found
2026-08-18 09:43:10 | INFO     | trading_bot.engine   | Cancelled broker stop order for SGLY
2026-08-18 09:43:10 | WARNING  | trading_bot.broker.ibkr | Order 1518675 not found
2026-08-18 09:43:10 | ERROR    | trading_bot.broker.ibkr | Contract qualification failed for SGLY: This event loop is already running
2026-08-18 09:43:10 | ERROR    | trading_bot.engine   | IBKR close order FAILED for SGLY
2026-08-18 09:43:10 | ERROR    | trading_bot.engine   | CLOSE FAILED for SGLY — position stays tracked for retry next cycle. original_broker=IBKR
2026-08-18 09:43:11 | WARNING  | trading_bot.broker.ibkr | Order 1518675 not found
2026-08-18 09:43:11 | INFO     | trading_bot.engine   | Cancelled broker stop order for SGLY
2026-08-18 09:43:11 | WARNING  | trading_bot.broker.ibkr | Order 1518675 not found
2026-08-18 09:43:11 | ERROR    | trading_bot.broker.ibkr | Contract qualification failed for SGLY: This event loop is already running
2026-08-18 09:43:11 | ERROR    | trading_bot.engine   | IBKR close order FAILED for SGLY
2026-08-18 09:43:11 | ERROR    | trading_bot.engine   | CLOSE FAILED for SGLY — position stays tracked for retry next cycle. original_broker=IBKR
2026-08-18 09:43:11 | WARNING  | trading_bot.broker.ibkr | Order 1518675 not found
2026-08-18 09:43:11 | INFO     | trading_bot.engine   | Cancelled broker stop order for SGLY
2026-08-18 09:43:11 | WARNING  | trading_bot.broker.ibkr | Order 1518675 not found
2026-08-18 09:43:11 | ERROR    | trading_bot.broker.ibkr | Contract qualification failed for SGLY: This event loop is already running
2026-08-18 09:43:11 | ERROR    | trading_bot.engine   | IBKR close order FAILED for SGLY
2026-08-18 09:43:11 | ERROR    | trading_bot.engine   | CLOSE FAILED for SGLY — position stays tracked for retry next cycle. original_broker=IBKR
2026-08-18 09:43:12 | WARNING  | trading_bot.broker.ibkr | Order 1518675 not found
2026-08-18 09:43:12 | INFO     | trading_bot.engine   | Cancelled broker stop order for SGLY
2026-08-18 09:43:12 | WARNING  | trading_bot.broker.ibkr | Order 1518675 not found
2026-08-18 09:43:12 | ERROR    | trading_bot.broker.ibkr | Contract qualification failed for SGLY: This event loop is already running
2026-08-18 09:43:12 | ERROR    | trading_bot.engine   | IBKR close order FAILED for SGLY
2026-08-18 09:43:12 | ERROR    | trading_bot.engine   | CLOSE FAILED for SGLY — position stays tracked for retry next cycle. original_broker=IBKR
2026-08-18 09:43:12 | WARNING  | trading_bot.broker.ibkr | Order 1518675 not found
2026-08-18 09:43:12 | INFO     | trading_bot.engine   | Cancelled broker stop order for SGLY
2026-08-18 09:43:12 | WARNING  | trading_bot.broker.ibkr | Order 1518675 not found
2026-08-18 09:43:12 | ERROR    | trading_bot.broker.ibkr | Contract qualification failed for SGLY: This event loop is already running
2026-08-18 09:43:12 | ERROR    | trading_bot.engine   | IBKR close order FAILED for SGLY
2026-08-18 09:43:12 | ERROR    | trading_bot.engine   | CLOSE FAILED for SGLY — position stays tracked for retry next cycle. original_broker=IBKR
2026-08-18 09:43:13 | WARNING  | trading_bot.broker.ibkr | Order 1518675 not found
2026-08-18 09:43:13 | INFO     | trading_bot.engine   | Cancelled broker stop order for SGLY
2026-08-18 09:43:13 | WARNING  | trading_bot.broker.ibkr | Order 1518675 not found
2026-08-18 09:43:13 | ERROR    | trading_bot.broker.ibkr | Contract qualification failed for SGLY: This event loop is already running
2026-08-18 09:43:13 | ERROR    | trading_bot.engine   | IBKR close order FAILED for SGLY
2026-08-18 09:43:13 | ERROR    | trading_bot.engine   | CLOSE FAILED for SGLY — position stays tracked for retry next cycle. original_broker=IBKR
2026-08-18 09:43:13 | WARNING  | trading_bot.broker.ibkr | Order 1518675 not found
2026-08-18 09:43:13 | INFO     | trading_bot.engine   | Cancelled broker stop order for SGLY
2026-08-18 09:43:13 | WARNING  | trading_bot.broker.ibkr | Order 1518675 not found
2026-08-18 09:43:13 | ERROR    | trading_bot.broker.ibkr | Contract qualification failed for SGLY: This event loop is already running
2026-08-18 09:43:13 | ERROR    | trading_bot.engine   | IBKR close order FAILED for SGLY
2026-08-18 09:43:13 | ERROR    | trading_bot.engine   | CLOSE FAILED for SGLY — position stays tracked for retry next cycle. original_broker=IBKR
2026-08-18 09:43:13 | WARNING  | trading_bot.broker.ibkr | Order 1518675 not found
2026-08-18 09:43:13 | INFO     | trading_bot.engine   | Cancelled broker stop order for SGLY
2026-08-18 09:43:13 | WARNING  | trading_bot.broker.ibkr | Order 1518675 not found
2026-08-18 09:43:13 | ERROR    | trading_bot.broker.ibkr | Contract qualification failed for SGLY: This event loop is already running
2026-08-18 09:43:13 | ERROR    | trading_bot.engine   | IBKR close order FAILED for SGLY
2026-08-18 09:43:13 | ERROR    | trading_bot.engine   | CLOSE FAILED for SGLY — position stays tracked for retry next cycle. original_broker=IBKR
2026-08-18 09:43:14 | WARNING  | trading_bot.broker.ibkr | Order 1518675 not found
2026-08-18 09:43:14 | INFO     | trading_bot.engine   | Cancelled broker stop order for SGLY
2026-08-18 09:43:14 | WARNING  | trading_bot.broker.ibkr | Order 1518675 not found
2026-08-18 09:43:14 | ERROR    | trading_bot.broker.ibkr | Contract qualification failed for SGLY: This event loop is already running
2026-08-18 09:43:14 | ERROR    | trading_bot.engine   | IBKR close order FAILED for SGLY
2026-08-18 09:43:14 | ERROR    | trading_bot.engine   | CLOSE FAILED for SGLY — position stays tracked for retry next cycle. original_broker=IBKR
2026-08-18 09:43:14 | WARNING  | trading_bot.broker.ibkr | Order 1518675 not found
2026-08-18 09:43:14 | INFO     | trading_bot.engine   | Cancelled broker stop order for SGLY
2026-08-18 09:43:14 | WARNING  | trading_bot.broker.ibkr | Order 1518675 not found
2026-08-18 09:43:14 | ERROR    | trading_bot.broker.ibkr | Contract qualification failed for SGLY: This event loop is already running
2026-08-18 09:43:14 | ERROR    | trading_bot.engine   | IBKR close order FAILED for SGLY
2026-08-18 09:43:14 | ERROR    | trading_bot.engine   | CLOSE FAILED for SGLY — position stays tracked for retry next cycle. original_broker=IBKR
2026-08-18 09:43:15 | WARNING  | trading_bot.broker.ibkr | Order 1518675 not found
2026-08-18 09:43:15 | INFO     | trading_bot.engine   | Cancelled broker stop order for SGLY
2026-08-18 09:43:15 | WARNING  | trading_bot.broker.ibkr | Order 1518675 not found
2026-08-18 09:43:15 | ERROR    | trading_bot.broker.ibkr | Contract qualification failed for SGLY: This event loop is already running
2026-08-18 09:43:15 | ERROR    | trading_bot.engine   | IBKR close order FAILED for SGLY
2026-08-18 09:43:15 | ERROR    | trading_bot.engine   | CLOSE FAILED for SGLY — position stays tracked for retry next cycle. original_broker=IBKR
2026-08-18 09:43:16 | WARNING  | trading_bot.broker.ibkr | Order 1518675 not found
2026-08-18 09:43:16 | INFO     | trading_bot.engine   | Cancelled broker stop order for SGLY
2026-08-18 09:43:16 | WARNING  | trading_bot.broker.ibkr | Order 1518675 not found
2026-08-18 09:43:16 | ERROR    | trading_bot.broker.ibkr | Contract qualification failed for SGLY: This event loop is already running
2026-08-18 09:43:16 | ERROR    | trading_bot.engine   | IBKR close order FAILED for SGLY
2026-08-18 09:43:16 | ERROR    | trading_bot.engine   | CLOSE FAILED for SGLY — position stays tracked for retry next cycle. original_broker=IBKR
2026-08-18 09:43:18 | WARNING  | trading_bot.broker.ibkr | Order 1518675 not found
2026-08-18 09:43:18 | INFO     | trading_bot.engine   | Cancelled broker stop order for SGLY
2026-08-18 09:43:18 | WARNING  | trading_bot.broker.ibkr | Order 1518675 not found
2026-08-18 09:43:18 | ERROR    | trading_bot.broker.ibkr | Contract qualification failed for SGLY: This event loop is already running
2026-08-18 09:43:18 | ERROR    | trading_bot.engine   | IBKR close order FAILED for SGLY
2026-08-18 09:43:18 | ERROR    | trading_bot.engine   | CLOSE FAILED for SGLY — position stays tracked for retry next cycle. original_broker=IBKR
2026-08-18 09:43:19 | WARNING  | trading_bot.broker.ibkr | Order 1518675 not found
2026-08-18 09:43:19 | INFO     | trading_bot.engine   | Cancelled broker stop order for SGLY
2026-08-18 09:43:19 | WARNING  | trading_bot.broker.ibkr | Order 1518675 not found
2026-08-18 09:43:19 | ERROR    | trading_bot.broker.ibkr | Contract qualification failed for SGLY: This event loop is already running
2026-08-18 09:43:19 | ERROR    | trading_bot.engine   | IBKR close order FAILED for SGLY
2026-08-18 09:43:19 | ERROR    | trading_bot.engine   | CLOSE FAILED for SGLY — position stays tracked for retry next cycle. original_broker=IBKR
2026-08-18 09:43:20 | WARNING  | trading_bot.broker.ibkr | Order 1518675 not found
2026-08-18 09:43:20 | INFO     | trading_bot.engine   | Cancelled broker stop order for SGLY
2026-08-18 09:43:20 | WARNING  | trading_bot.broker.ibkr | Order 1518675 not found
2026-08-18 09:43:20 | ERROR    | trading_bot.broker.ibkr | Contract qualification failed for SGLY: This event loop is already running
2026-08-18 09:43:20 | ERROR    | trading_bot.engine   | IBKR close order FAILED for SGLY
2026-08-18 09:43:20 | ERROR    | trading_bot.engine   | CLOSE FAILED for SGLY — position stays tracked for retry next cycle. original_broker=IBKR
2026-08-18 09:43:26 | WARNING  | trading_bot.broker.ibkr | Order 1518675 not found
2026-08-18 09:43:26 | INFO     | trading_bot.engine   | Cancelled broker stop order for SGLY
2026-08-18 09:43:26 | WARNING  | trading_bot.broker.ibkr | Order 1518675 not found
2026-08-18 09:43:26 | ERROR    | trading_bot.broker.ibkr | Contract qualification failed for SGLY: This event loop is already running
2026-08-18 09:43:26 | ERROR    | trading_bot.engine   | IBKR close order FAILED for SGLY
2026-08-18 09:43:26 | ERROR    | trading_bot.engine   | CLOSE FAILED for SGLY — position stays tracked for retry next cycle. original_broker=IBKR
2026-08-18 09:43:26 | WARNING  | trading_bot.broker.ibkr | Order 1518675 not found
2026-08-18 09:43:26 | INFO     | trading_bot.engine   | Cancelled broker stop order for SGLY
2026-08-18 09:43:26 | WARNING  | trading_bot.broker.ibkr | Order 1518675 not found
2026-08-18 09:43:26 | ERROR    | trading_bot.broker.ibkr | Contract qualification failed for SGLY: This event loop is already running
2026-08-18 09:43:26 | ERROR    | trading_bot.engine   | IBKR close order FAILED for SGLY
2026-08-18 09:43:26 | ERROR    | trading_bot.engine   | CLOSE FAILED for SGLY — position stays tracked for retry next cycle. original_broker=IBKR
2026-08-18 09:43:27 | WARNING  | trading_bot.broker.ibkr | Order 1518675 not found
2026-08-18 09:43:27 | INFO     | trading_bot.engine   | Cancelled broker stop order for SGLY
2026-08-18 09:43:27 | WARNING  | trading_bot.broker.ibkr | Order 1518675 not found
2026-08-18 09:43:27 | ERROR    | trading_bot.broker.ibkr | Contract qualification failed for SGLY: This event loop is already running
2026-08-18 09:43:27 | ERROR    | trading_bot.engine   | IBKR close order FAILED for SGLY
2026-08-18 09:43:27 | ERROR    | trading_bot.engine   | CLOSE FAILED for SGLY — position stays tracked for retry next cycle. original_broker=IBKR
2026-08-18 09:43:27 | WARNING  | trading_bot.broker.ibkr | Order 1518675 not found
2026-08-18 09:43:27 | INFO     | trading_bot.engine   | Cancelled broker stop order for SGLY
2026-08-18 09:43:27 | WARNING  | trading_bot.broker.ibkr | Order 1518675 not found
2026-08-18 09:43:27 | ERROR    | trading_bot.broker.ibkr | Contract qualification failed for SGLY: This event loop is already running
2026-08-18 09:43:27 | ERROR    | trading_bot.engine   | IBKR close order FAILED for SGLY
2026-08-18 09:43:27 | ERROR    | trading_bot.engine   | CLOSE FAILED for SGLY — position stays tracked for retry next cycle. original_broker=IBKR
2026-08-18 09:43:28 | WARNING  | trading_bot.broker.ibkr | Order 1518675 not found
2026-08-18 09:43:28 | INFO     | trading_bot.engine   | Cancelled broker stop order for SGLY
2026-08-18 09:43:28 | WARNING  | trading_bot.broker.ibkr | Order 1518675 not found
2026-08-18 09:43:28 | ERROR    | trading_bot.broker.ibkr | Contract qualification failed for SGLY: This event loop is already running
2026-08-18 09:43:28 | ERROR    | trading_bot.engine   | IBKR close order FAILED for SGLY
2026-08-18 09:43:28 | ERROR    | trading_bot.engine   | CLOSE FAILED for SGLY — position stays tracked for retry next cycle. original_broker=IBKR
2026-08-18 09:43:29 | WARNING  | trading_bot.broker.ibkr | Order 1518675 not found
2026-08-18 09:43:29 | INFO     | trading_bot.engine   | Cancelled broker stop order for SGLY
2026-08-18 09:43:29 | WARNING  | trading_bot.broker.ibkr | Order 1518675 not found
2026-08-18 09:43:29 | ERROR    | trading_bot.broker.ibkr | Contract qualification failed for SGLY: This event loop is already running
2026-08-18 09:43:29 | ERROR    | trading_bot.engine   | IBKR close order FAILED for SGLY
2026-08-18 09:43:29 | ERROR    | trading_bot.engine   | CLOSE FAILED for SGLY — position stays tracked for retry next cycle. original_broker=IBKR
2026-08-18 09:43:29 | WARNING  | trading_bot.broker.ibkr | Order 1518675 not found
2026-08-18 09:43:29 | INFO     | trading_bot.engine   | Cancelled broker stop order for SGLY
2026-08-18 09:43:29 | WARNING  | trading_bot.broker.ibkr | Order 1518675 not found
2026-08-18 09:43:29 | ERROR    | trading_bot.broker.ibkr | Contract qualification failed for SGLY: This event loop is already running
2026-08-18 09:43:29 | ERROR    | trading_bot.engine   | IBKR close order FAILED for SGLY
2026-08-18 09:43:29 | ERROR    | trading_bot.engine   | CLOSE FAILED for SGLY — position stays tracked for retry next cycle. original_broker=IBKR
2026-08-18 09:43:29 | WARNING  | trading_bot.broker.ibkr | Order 1518675 not found
2026-08-18 09:43:29 | INFO     | trading_bot.engine   | Cancelled broker stop order for SGLY
2026-08-18 09:43:29 | WARNING  | trading_bot.broker.ibkr | Order 1518675 not found
2026-08-18 09:43:29 | ERROR    | trading_bot.broker.ibkr | Contract qualification failed for SGLY: This event loop is already running
2026-08-18 09:43:29 | ERROR    | trading_bot.engine   | IBKR close order FAILED for SGLY
2026-08-18 09:43:29 | ERROR    | trading_bot.engine   | CLOSE FAILED for SGLY — position stays tracked for retry next cycle. original_broker=IBKR
2026-08-18 09:43:29 | WARNING  | trading_bot.broker.ibkr | Order 1518675 not found
2026-08-18 09:43:29 | INFO     | trading_bot.engine   | Cancelled broker stop order for SGLY
2026-08-18 09:43:29 | WARNING  | trading_bot.broker.ibkr | Order 1518675 not found
2026-08-18 09:43:29 | ERROR    | trading_bot.broker.ibkr | Contract qualification failed for SGLY: This event loop is already running
2026-08-18 09:43:29 | ERROR    | trading_bot.engine   | IBKR close order FAILED for SGLY
2026-08-18 09:43:29 | ERROR    | trading_bot.engine   | CLOSE FAILED for SGLY — position stays tracked for retry next cycle. original_broker=IBKR
2026-08-18 09:43:30 | WARNING  | trading_bot.broker.ibkr | Order 1518675 not found
2026-08-18 09:43:30 | INFO     | trading_bot.engine   | Cancelled broker stop order for SGLY
2026-08-18 09:43:30 | WARNING  | trading_bot.broker.ibkr | Order 1518675 not found
2026-08-18 09:43:30 | ERROR    | trading_bot.broker.ibkr | Contract qualification failed for SGLY: This event loop is already running
2026-08-18 09:43:30 | ERROR    | trading_bot.engine   | IBKR close order FAILED for SGLY
2026-08-18 09:43:30 | ERROR    | trading_bot.engine   | CLOSE FAILED for SGLY — position stays tracked for retry next cycle. original_broker=IBKR
2026-08-18 09:43:30 | WARNING  | trading_bot.broker.ibkr | Order 1518675 not found
2026-08-18 09:43:30 | INFO     | trading_bot.engine   | Cancelled broker stop order for SGLY
2026-08-18 09:43:30 | WARNING  | trading_bot.broker.ibkr | Order 1518675 not found
2026-08-18 09:43:30 | ERROR    | trading_bot.broker.ibkr | Contract qualification failed for SGLY: This event loop is already running
2026-08-18 09:43:30 | ERROR    | trading_bot.engine   | IBKR close order FAILED for SGLY
2026-08-18 09:43:30 | ERROR    | trading_bot.engine   | CLOSE FAILED for SGLY — position stays tracked for retry next cycle. original_broker=IBKR
2026-08-18 09:43:31 | WARNING  | trading_bot.broker.ibkr | Order 1518675 not found
2026-08-18 09:43:31 | INFO     | trading_bot.engine   | Cancelled broker stop order for SGLY
2026-08-18 09:43:31 | WARNING  | trading_bot.broker.ibkr | Order 1518675 not found
2026-08-18 09:43:31 | ERROR    | trading_bot.broker.ibkr | Contract qualification failed for SGLY: This event loop is already running
2026-08-18 09:43:31 | ERROR    | trading_bot.engine   | IBKR close order FAILED for SGLY
2026-08-18 09:43:31 | ERROR    | trading_bot.engine   | CLOSE FAILED for SGLY — position stays tracked for retry next cycle. original_broker=IBKR
2026-08-18 09:43:31 | WARNING  | trading_bot.broker.ibkr | Order 1518675 not found
2026-08-18 09:43:31 | INFO     | trading_bot.engine   | Cancelled broker stop order for SGLY
2026-08-18 09:43:31 | WARNING  | trading_bot.broker.ibkr | Order 1518675 not found
2026-08-18 09:43:31 | ERROR    | trading_bot.broker.ibkr | Contract qualification failed for SGLY: This event loop is already running
2026-08-18 09:43:31 | ERROR    | trading_bot.engine   | IBKR close order FAILED for SGLY
2026-08-18 09:43:31 | ERROR    | trading_bot.engine   | CLOSE FAILED for SGLY — position stays tracked for retry next cycle. original_broker=IBKR
2026-08-18 09:43:32 | WARNING  | trading_bot.broker.ibkr | Order 1518675 not found
2026-08-18 09:43:32 | INFO     | trading_bot.engine   | Cancelled broker stop order for SGLY
2026-08-18 09:43:32 | WARNING  | trading_bot.broker.ibkr | Order 1518675 not found
2026-08-18 09:43:32 | ERROR    | trading_bot.broker.ibkr | Contract qualification failed for SGLY: This event loop is already running
2026-08-18 09:43:32 | ERROR    | trading_bot.engine   | IBKR close order FAILED for SGLY
2026-08-18 09:43:32 | ERROR    | trading_bot.engine   | CLOSE FAILED for SGLY — position stays tracked for retry next cycle. original_broker=IBKR
2026-08-18 09:43:32 | WARNING  | trading_bot.broker.ibkr | Order 1518675 not found
2026-08-18 09:43:32 | INFO     | trading_bot.engine   | Cancelled broker stop order for SGLY
2026-08-18 09:43:32 | WARNING  | trading_bot.broker.ibkr | Order 1518675 not found
2026-08-18 09:43:32 | ERROR    | trading_bot.broker.ibkr | Contract qualification failed for SGLY: This event loop is already running
2026-08-18 09:43:32 | ERROR    | trading_bot.engine   | IBKR close order FAILED for SGLY
2026-08-18 09:43:32 | ERROR    | trading_bot.engine   | CLOSE FAILED for SGLY — position stays tracked for retry next cycle. original_broker=IBKR
2026-08-18 09:43:33 | WARNING  | trading_bot.broker.ibkr | Order 1518675 not found
2026-08-18 09:43:33 | INFO     | trading_bot.engine   | Cancelled broker stop order for SGLY
2026-08-18 09:43:33 | WARNING  | trading_bot.broker.ibkr | Order 1518675 not found
2026-08-18 09:43:33 | ERROR    | trading_bot.broker.ibkr | Contract qualification failed for SGLY: This event loop is already running
2026-08-18 09:43:33 | ERROR    | trading_bot.engine   | IBKR close order FAILED for SGLY
2026-08-18 09:43:33 | ERROR    | trading_bot.engine   | CLOSE FAILED for SGLY — position stays tracked for retry next cycle. original_broker=IBKR
2026-08-18 09:43:33 | WARNING  | trading_bot.broker.ibkr | Order 1518675 not found
2026-08-18 09:43:33 | INFO     | trading_bot.engine   | Cancelled broker stop order for SGLY
2026-08-18 09:43:33 | WARNING  | trading_bot.broker.ibkr | Order 1518675 not found
2026-08-18 09:43:33 | ERROR    | trading_bot.broker.ibkr | Contract qualification failed for SGLY: This event loop is already running
2026-08-18 09:43:33 | ERROR    | trading_bot.engine   | IBKR close order FAILED for SGLY
2026-08-18 09:43:33 | ERROR    | trading_bot.engine   | CLOSE FAILED for SGLY — position stays tracked for retry next cycle. original_broker=IBKR
2026-08-18 09:43:34 | WARNING  | trading_bot.broker.ibkr | Order 1518675 not found
2026-08-18 09:43:34 | INFO     | trading_bot.engine   | Cancelled broker stop order for SGLY
2026-08-18 09:43:34 | WARNING  | trading_bot.broker.ibkr | Order 1518675 not found
2026-08-18 09:43:34 | ERROR    | trading_bot.broker.ibkr | Contract qualification failed for SGLY: This event loop is already running
2026-08-18 09:43:34 | ERROR    | trading_bot.engine   | IBKR close order FAILED for SGLY
2026-08-18 09:43:34 | ERROR    | trading_bot.engine   | CLOSE FAILED for SGLY — position stays tracked for retry next cycle. original_broker=IBKR
2026-08-18 09:43:34 | WARNING  | trading_bot.broker.ibkr | Order 1518675 not found
2026-08-18 09:43:34 | INFO     | trading_bot.engine   | Cancelled broker stop order for SGLY
2026-08-18 09:43:34 | WARNING  | trading_bot.broker.ibkr | Order 1518675 not found
2026-08-18 09:43:34 | ERROR    | trading_bot.broker.ibkr | Contract qualification failed for SGLY: This event loop is already running
2026-08-18 09:43:34 | ERROR    | trading_bot.engine   | IBKR close order FAILED for SGLY
2026-08-18 09:43:34 | ERROR    | trading_bot.engine   | CLOSE FAILED for SGLY — position stays tracked for retry next cycle. original_broker=IBKR
2026-08-18 09:43:36 | WARNING  | trading_bot.broker.ibkr | Order 1518675 not found
2026-08-18 09:43:36 | INFO     | trading_bot.engine   | Cancelled broker stop order for SGLY
2026-08-18 09:43:36 | WARNING  | trading_bot.broker.ibkr | Order 1518675 not found
2026-08-18 09:43:36 | ERROR    | trading_bot.broker.ibkr | Contract qualification failed for SGLY: This event loop is already running
2026-08-18 09:43:36 | ERROR    | trading_bot.engine   | IBKR close order FAILED for SGLY
2026-08-18 09:43:36 | ERROR    | trading_bot.engine   | CLOSE FAILED for SGLY — position stays tracked for retry next cycle. original_broker=IBKR
2026-08-18 09:43:36 | WARNING  | trading_bot.broker.ibkr | Order 1518675 not found
2026-08-18 09:43:36 | INFO     | trading_bot.engine   | Cancelled broker stop order for SGLY
2026-08-18 09:43:36 | WARNING  | trading_bot.broker.ibkr | Order 1518675 not found
2026-08-18 09:43:36 | ERROR    | trading_bot.broker.ibkr | Contract qualification failed for SGLY: This event loop is already running
2026-08-18 09:43:36 | ERROR    | trading_bot.engine   | IBKR close order FAILED for SGLY
2026-08-18 09:43:36 | ERROR    | trading_bot.engine   | CLOSE FAILED for SGLY — position stays tracked for retry next cycle. original_broker=IBKR
2026-08-18 09:43:36 | WARNING  | trading_bot.broker.ibkr | Order 1518675 not found
2026-08-18 09:43:36 | INFO     | trading_bot.engine   | Cancelled broker stop order for SGLY
2026-08-18 09:43:36 | WARNING  | trading_bot.broker.ibkr | Order 1518675 not found
2026-08-18 09:43:36 | ERROR    | trading_bot.broker.ibkr | Contract qualification failed for SGLY: This event loop is already running
2026-08-18 09:43:36 | ERROR    | trading_bot.engine   | IBKR close order FAILED for SGLY
2026-08-18 09:43:36 | ERROR    | trading_bot.engine   | CLOSE FAILED for SGLY — position stays tracked for retry next cycle. original_broker=IBKR
2026-08-18 09:43:37 | WARNING  | trading_bot.broker.ibkr | Order 1518675 not found
2026-08-18 09:43:37 | INFO     | trading_bot.engine   | Cancelled broker stop order for SGLY
2026-08-18 09:43:37 | WARNING  | trading_bot.broker.ibkr | Order 1518675 not found
2026-08-18 09:43:37 | ERROR    | trading_bot.broker.ibkr | Contract qualification failed for SGLY: This event loop is already running
2026-08-18 09:43:37 | ERROR    | trading_bot.engine   | IBKR close order FAILED for SGLY
2026-08-18 09:43:37 | ERROR    | trading_bot.engine   | CLOSE FAILED for SGLY — position stays tracked for retry next cycle. original_broker=IBKR
2026-08-18 09:43:37 | WARNING  | trading_bot.broker.ibkr | Order 1518675 not found
2026-08-18 09:43:37 | INFO     | trading_bot.engine   | Cancelled broker stop order for SGLY
2026-08-18 09:43:37 | WARNING  | trading_bot.broker.ibkr | Order 1518675 not found
2026-08-18 09:43:37 | ERROR    | trading_bot.broker.ibkr | Contract qualification failed for SGLY: This event loop is already running
2026-08-18 09:43:37 | ERROR    | trading_bot.engine   | IBKR close order FAILED for SGLY
2026-08-18 09:43:37 | ERROR    | trading_bot.engine   | CLOSE FAILED for SGLY — position stays tracked for retry next cycle. original_broker=IBKR
2026-08-18 09:43:38 | WARNING  | trading_bot.broker.ibkr | Order 1518675 not found
2026-08-18 09:43:38 | INFO     | trading_bot.engine   | Cancelled broker stop order for SGLY
2026-08-18 09:43:38 | WARNING  | trading_bot.broker.ibkr | Order 1518675 not found
2026-08-18 09:43:38 | ERROR    | trading_bot.broker.ibkr | Contract qualification failed for SGLY: This event loop is already running
2026-08-18 09:43:38 | ERROR    | trading_bot.engine   | IBKR close order FAILED for SGLY
2026-08-18 09:43:38 | ERROR    | trading_bot.engine   | CLOSE FAILED for SGLY — position stays tracked for retry next cycle. original_broker=IBKR
2026-08-18 09:43:38 | WARNING  | trading_bot.broker.ibkr | Order 1518675 not found
2026-08-18 09:43:38 | INFO     | trading_bot.engine   | Cancelled broker stop order for SGLY
2026-08-18 09:43:38 | WARNING  | trading_bot.broker.ibkr | Order 1518675 not found
2026-08-18 09:43:38 | ERROR    | trading_bot.broker.ibkr | Contract qualification failed for SGLY: This event loop is already running
2026-08-18 09:43:38 | ERROR    | trading_bot.engine   | IBKR close order FAILED for SGLY
2026-08-18 09:43:38 | ERROR    | trading_bot.engine   | CLOSE FAILED for SGLY — position stays tracked for retry next cycle. original_broker=IBKR
2026-08-18 09:43:39 | WARNING  | trading_bot.broker.ibkr | Order 1518675 not found
2026-08-18 09:43:39 | INFO     | trading_bot.engine   | Cancelled broker stop order for SGLY
2026-08-18 09:43:39 | WARNING  | trading_bot.broker.ibkr | Order 1518675 not found
2026-08-18 09:43:39 | ERROR    | trading_bot.broker.ibkr | Contract qualification failed for SGLY: This event loop is already running
2026-08-18 09:43:39 | ERROR    | trading_bot.engine   | IBKR close order FAILED for SGLY
2026-08-18 09:43:39 | ERROR    | trading_bot.engine   | CLOSE FAILED for SGLY — position stays tracked for retry next cycle. original_broker=IBKR
2026-08-18 09:43:39 | WARNING  | trading_bot.broker.ibkr | Order 1518675 not found
2026-08-18 09:43:39 | INFO     | trading_bot.engine   | Cancelled broker stop order for SGLY
2026-08-18 09:43:39 | WARNING  | trading_bot.broker.ibkr | Order 1518675 not found
2026-08-18 09:43:39 | ERROR    | trading_bot.broker.ibkr | Contract qualification failed for SGLY: This event loop is already running
2026-08-18 09:43:39 | ERROR    | trading_bot.engine   | IBKR close order FAILED for SGLY
2026-08-18 09:43:39 | ERROR    | trading_bot.engine   | CLOSE FAILED for SGLY — position stays tracked for retry next cycle. original_broker=IBKR
2026-08-18 09:43:40 | WARNING  | trading_bot.broker.ibkr | Order 1518675 not found
2026-08-18 09:43:40 | INFO     | trading_bot.engine   | Cancelled broker stop order for SGLY
2026-08-18 09:43:40 | WARNING  | trading_bot.broker.ibkr | Order 1518675 not found
2026-08-18 09:43:40 | ERROR    | trading_bot.broker.ibkr | Contract qualification failed for SGLY: This event loop is already running
2026-08-18 09:43:40 | ERROR    | trading_bot.engine   | IBKR close order FAILED for SGLY
2026-08-18 09:43:40 | ERROR    | trading_bot.engine   | CLOSE FAILED for SGLY — position stays tracked for retry next cycle. original_broker=IBKR
2026-08-18 09:43:40 | WARNING  | trading_bot.broker.ibkr | Order 1518675 not found
2026-08-18 09:43:40 | INFO     | trading_bot.engine   | Cancelled broker stop order for SGLY
2026-08-18 09:43:40 | WARNING  | trading_bot.broker.ibkr | Order 1518675 not found
2026-08-18 09:43:40 | ERROR    | trading_bot.broker.ibkr | Contract qualification failed for SGLY: This event loop is already running
2026-08-18 09:43:40 | ERROR    | trading_bot.engine   | IBKR close order FAILED for SGLY
2026-08-18 09:43:40 | ERROR    | trading_bot.engine   | CLOSE FAILED for SGLY — position stays tracked for retry next cycle. original_broker=IBKR
2026-08-18 09:43:41 | WARNING  | trading_bot.broker.ibkr | Order 1518675 not found
2026-08-18 09:43:41 | INFO     | trading_bot.engine   | Cancelled broker stop order for SGLY
2026-08-18 09:43:41 | WARNING  | trading_bot.broker.ibkr | Order 1518675 not found
2026-08-18 09:43:41 | ERROR    | trading_bot.broker.ibkr | Contract qualification failed for SGLY: This event loop is already running
2026-08-18 09:43:41 | ERROR    | trading_bot.engine   | IBKR close order FAILED for SGLY
2026-08-18 09:43:41 | ERROR    | trading_bot.engine   | CLOSE FAILED for SGLY — position stays tracked for retry next cycle. original_broker=IBKR
2026-08-18 09:43:41 | WARNING  | trading_bot.broker.ibkr | Order 1518675 not found
2026-08-18 09:43:41 | INFO     | trading_bot.engine   | Cancelled broker stop order for SGLY
2026-08-18 09:43:41 | WARNING  | trading_bot.broker.ibkr | Order 1518675 not found
2026-08-18 09:43:41 | ERROR    | trading_bot.broker.ibkr | Contract qualification failed for SGLY: This event loop is already running
2026-08-18 09:43:41 | ERROR    | trading_bot.engine   | IBKR close order FAILED for SGLY
2026-08-18 09:43:41 | ERROR    | trading_bot.engine   | CLOSE FAILED for SGLY — position stays tracked for retry next cycle. original_broker=IBKR
2026-08-18 09:43:42 | WARNING  | trading_bot.broker.ibkr | Order 1518675 not found
2026-08-18 09:43:42 | INFO     | trading_bot.engine   | Cancelled broker stop order for SGLY
2026-08-18 09:43:42 | WARNING  | trading_bot.broker.ibkr | Order 1518675 not found
2026-08-18 09:43:42 | ERROR    | trading_bot.broker.ibkr | Contract qualification failed for SGLY: This event loop is already running
2026-08-18 09:43:42 | ERROR    | trading_bot.engine   | IBKR close order FAILED for SGLY
2026-08-18 09:43:42 | ERROR    | trading_bot.engine   | CLOSE FAILED for SGLY — position stays tracked for retry next cycle. original_broker=IBKR
2026-08-18 09:43:42 | WARNING  | trading_bot.broker.ibkr | Order 1518675 not found
2026-08-18 09:43:42 | INFO     | trading_bot.engine   | Cancelled broker stop order for SGLY
2026-08-18 09:43:42 | WARNING  | trading_bot.broker.ibkr | Order 1518675 not found
2026-08-18 09:43:42 | ERROR    | trading_bot.broker.ibkr | Contract qualification failed for SGLY: This event loop is already running
2026-08-18 09:43:42 | ERROR    | trading_bot.engine   | IBKR close order FAILED for SGLY
2026-08-18 09:43:42 | ERROR    | trading_bot.engine   | CLOSE FAILED for SGLY — position stays tracked for retry next cycle. original_broker=IBKR
2026-08-18 09:43:43 | WARNING  | trading_bot.broker.ibkr | Order 1518675 not found
2026-08-18 09:43:43 | INFO     | trading_bot.engine   | Cancelled broker stop order for SGLY
2026-08-18 09:43:43 | WARNING  | trading_bot.broker.ibkr | Order 1518675 not found
2026-08-18 09:43:43 | ERROR    | trading_bot.broker.ibkr | Contract qualification failed for SGLY: This event loop is already running
2026-08-18 09:43:43 | ERROR    | trading_bot.engine   | IBKR close order FAILED for SGLY
2026-08-18 09:43:43 | ERROR    | trading_bot.engine   | CLOSE FAILED for SGLY — position stays tracked for retry next cycle. original_broker=IBKR
2026-08-18 09:43:43 | WARNING  | trading_bot.broker.ibkr | Order 1518675 not found
2026-08-18 09:43:43 | INFO     | trading_bot.engine   | Cancelled broker stop order for SGLY
2026-08-18 09:43:43 | WARNING  | trading_bot.broker.ibkr | Order 1518675 not found
2026-08-18 09:43:43 | ERROR    | trading_bot.broker.ibkr | Contract qualification failed for SGLY: This event loop is already running
2026-08-18 09:43:43 | ERROR    | trading_bot.engine   | IBKR close order FAILED for SGLY
2026-08-18 09:43:43 | ERROR    | trading_bot.engine   | CLOSE FAILED for SGLY — position stays tracked for retry next cycle. original_broker=IBKR
2026-08-18 09:43:44 | WARNING  | trading_bot.broker.ibkr | Order 1518675 not found
2026-08-18 09:43:44 | INFO     | trading_bot.engine   | Cancelled broker stop order for SGLY
2026-08-18 09:43:44 | WARNING  | trading_bot.broker.ibkr | Order 1518675 not found
2026-08-18 09:43:44 | ERROR    | trading_bot.broker.ibkr | Contract qualification failed for SGLY: This event loop is already running
2026-08-18 09:43:44 | ERROR    | trading_bot.engine   | IBKR close order FAILED for SGLY
2026-08-18 09:43:44 | ERROR    | trading_bot.engine   | CLOSE FAILED for SGLY — position stays tracked for retry next cycle. original_broker=IBKR
2026-08-18 09:43:44 | WARNING  | trading_bot.broker.ibkr | Order 1518675 not found
2026-08-18 09:43:44 | INFO     | trading_bot.engine   | Cancelled broker stop order for SGLY
2026-08-18 09:43:44 | WARNING  | trading_bot.broker.ibkr | Order 1518675 not found
2026-08-18 09:43:44 | ERROR    | trading_bot.broker.ibkr | Contract qualification failed for SGLY: This event loop is already running
2026-08-18 09:43:44 | ERROR    | trading_bot.engine   | IBKR close order FAILED for SGLY
2026-08-18 09:43:44 | ERROR    | trading_bot.engine   | CLOSE FAILED for SGLY — position stays tracked for retry next cycle. original_broker=IBKR
2026-08-18 09:43:45 | WARNING  | trading_bot.broker.ibkr | Order 1518675 not found
2026-08-18 09:43:45 | INFO     | trading_bot.engine   | Cancelled broker stop order for SGLY
2026-08-18 09:43:45 | WARNING  | trading_bot.broker.ibkr | Order 1518675 not found
2026-08-18 09:43:45 | ERROR    | trading_bot.broker.ibkr | Contract qualification failed for SGLY: This event loop is already running
2026-08-18 09:43:45 | ERROR    | trading_bot.engine   | IBKR close order FAILED for SGLY
2026-08-18 09:43:45 | ERROR    | trading_bot.engine   | CLOSE FAILED for SGLY — position stays tracked for retry next cycle. original_broker=IBKR
2026-08-18 09:43:45 | WARNING  | trading_bot.broker.ibkr | Order 1518675 not found
2026-08-18 09:43:45 | INFO     | trading_bot.engine   | Cancelled broker stop order for SGLY
2026-08-18 09:43:45 | WARNING  | trading_bot.broker.ibkr | Order 1518675 not found
2026-08-18 09:43:45 | ERROR    | trading_bot.broker.ibkr | Contract qualification failed for SGLY: This event loop is already running
2026-08-18 09:43:45 | ERROR    | trading_bot.engine   | IBKR close order FAILED for SGLY
2026-08-18 09:43:45 | ERROR    | trading_bot.engine   | CLOSE FAILED for SGLY — position stays tracked for retry next cycle. original_broker=IBKR
2026-08-18 09:43:47 | WARNING  | trading_bot.broker.ibkr | Order 1518675 not found
2026-08-18 09:43:47 | INFO     | trading_bot.engine   | Cancelled broker stop order for SGLY
2026-08-18 09:43:47 | WARNING  | trading_bot.broker.ibkr | Order 1518675 not found
2026-08-18 09:43:47 | ERROR    | trading_bot.broker.ibkr | Contract qualification failed for SGLY: This event loop is already running
2026-08-18 09:43:47 | ERROR    | trading_bot.engine   | IBKR close order FAILED for SGLY
2026-08-18 09:43:47 | ERROR    | trading_bot.engine   | CLOSE FAILED for SGLY — position stays tracked for retry next cycle. original_broker=IBKR
2026-08-18 09:43:48 | WARNING  | trading_bot.broker.ibkr | Order 1518675 not found
2026-08-18 09:43:48 | INFO     | trading_bot.engine   | Cancelled broker stop order for SGLY
2026-08-18 09:43:48 | WARNING  | trading_bot.broker.ibkr | Order 1518675 not found
2026-08-18 09:43:48 | ERROR    | trading_bot.broker.ibkr | Contract qualification failed for SGLY: This event loop is already running
2026-08-18 09:43:48 | ERROR    | trading_bot.engine   | IBKR close order FAILED for SGLY
2026-08-18 09:43:48 | ERROR    | trading_bot.engine   | CLOSE FAILED for SGLY — position stays tracked for retry next cycle. original_broker=IBKR
2026-08-18 09:44:02 | WARNING  | trading_bot.broker.ibkr | Order 1518675 not found
2026-08-18 09:44:02 | INFO     | trading_bot.engine   | Cancelled broker stop order for SGLY
2026-08-18 09:44:02 | WARNING  | trading_bot.broker.ibkr | Order 1518675 not found
2026-08-18 09:44:02 | ERROR    | trading_bot.broker.ibkr | Contract qualification failed for SGLY: This event loop is already running
2026-08-18 09:44:02 | ERROR    | trading_bot.engine   | IBKR close order FAILED for SGLY
2026-08-18 09:44:02 | ERROR    | trading_bot.engine   | CLOSE FAILED for SGLY — position stays tracked for retry next cycle. original_broker=IBKR
2026-08-18 09:44:11 | WARNING  | trading_bot.broker.ibkr | Order 1518675 not found
2026-08-18 09:44:11 | INFO     | trading_bot.engine   | Cancelled broker stop order for SGLY
2026-08-18 09:44:11 | WARNING  | trading_bot.broker.ibkr | Order 1518675 not found
2026-08-18 09:44:11 | ERROR    | trading_bot.broker.ibkr | Contract qualification failed for SGLY: This event loop is already running
2026-08-18 09:44:11 | ERROR    | trading_bot.engine   | IBKR close order FAILED for SGLY
2026-08-18 09:44:11 | ERROR    | trading_bot.engine   | CLOSE FAILED for SGLY — position stays tracked for retry next cycle. original_broker=IBKR
2026-08-18 09:44:14 | WARNING  | trading_bot.broker.ibkr | Order 1518675 not found
2026-08-18 09:44:14 | INFO     | trading_bot.engine   | Cancelled broker stop order for SGLY
2026-08-18 09:44:14 | WARNING  | trading_bot.broker.ibkr | Order 1518675 not found
2026-08-18 09:44:14 | ERROR    | trading_bot.broker.ibkr | Contract qualification failed for SGLY: This event loop is already running
2026-08-18 09:44:14 | ERROR    | trading_bot.engine   | IBKR close order FAILED for SGLY
2026-08-18 09:44:14 | ERROR    | trading_bot.engine   | CLOSE FAILED for SGLY — position stays tracked for retry next cycle. original_broker=IBKR
2026-08-18 09:44:17 | WARNING  | trading_bot.broker.ibkr | IBKR Error 2108: Market data farm connection is inactive but should be available upon demand.usfarm.nj
2026-08-18 09:44:17 | WARNING  | trading_bot.broker.ibkr | IBKR Error 2108: Market data farm connection is inactive but should be available upon demand.usfarm.nj
2026-08-18 09:44:17 | WARNING  | trading_bot.broker.ibkr | Order 1518675 not found
2026-08-18 09:44:17 | INFO     | trading_bot.engine   | Cancelled broker stop order for SGLY
2026-08-18 09:44:17 | WARNING  | trading_bot.broker.ibkr | Order 1518675 not found
2026-08-18 09:44:17 | ERROR    | trading_bot.broker.ibkr | Contract qualification failed for SGLY: This event loop is already running
2026-08-18 09:44:17 | ERROR    | trading_bot.engine   | IBKR close order FAILED for SGLY
2026-08-18 09:44:17 | ERROR    | trading_bot.engine   | CLOSE FAILED for SGLY — position stays tracked for retry next cycle. original_broker=IBKR
2026-08-18 09:44:18 | WARNING  | trading_bot.broker.ibkr | Order 1518675 not found
2026-08-18 09:44:18 | INFO     | trading_bot.engine   | Cancelled broker stop order for SGLY
2026-08-18 09:44:18 | WARNING  | trading_bot.broker.ibkr | Order 1518675 not found
2026-08-18 09:44:18 | INFO     | trading_bot.broker.ibkr | ORDER ROUTING: SGLY → IEX (SMART bypass for Error 2152 / PendingSubmit lock)
2026-08-18 09:44:18 | INFO     | trading_bot.broker.ibkr | Order update: SGLY | Status: PreSubmitted | Filled: 0.0/98.0
2026-08-18 09:44:18 | INFO     | trading_bot.broker.ibkr | Order update: SGLY | Status: Submitted | Filled: 0.0/98.0
2026-08-18 09:44:18 | INFO     | trading_bot.broker.ibkr | Order update: SGLY | Status: Filled | Filled: 98.0/98.0 | AvgPrice: $5.83
2026-08-18 09:44:19 | INFO     | trading_bot.broker.ibkr | Order placed: SELL 98 SGLY @ MARKET MKT | Order ID: 1519217
2026-08-18 09:44:19 | INFO     | trading_bot.broker.ibkr | Order FILLED: SELL 98/98 SGLY @ $5.83 | Order ID: 1519217
2026-08-18 09:44:19 | INFO     | trading_bot.engine   | CLOSED SGLY via IBKR | stop_loss | P&L: $-32.34 | Stop hit at $5.83
2026-08-18 09:44:19 | INFO     | trading_bot.broker.traderspost | TP MIRROR: EXIT SGLY qty=98 @ $5.83 → primary webhook (200)
2026-08-18 09:44:19 | INFO     | trading_bot.notifications | [ALERT] Trade Exit: 💸 **<<< CLOSED: SGLY** (stop_loss)
```
  Entry: $6.16 → Exit: $5.83
  P&L: $-32.34 (-5.36%)
  Shares: 98 | Value: $571.34
  Hold: 7m
```
Strategy: **momentum** | Stop hit at $5.83
Via: IBKR | 09:44:19
2026-08-18 09:44:20 | INFO     | trading_bot.learning.trade_analyzer | Trade persisted: SGLY -32.34 (500 total in history)
2026-08-18 09:44:25 | INFO     | trading_bot.engine   | POST-TRADE LEARNING [SGLY]: **AVOID:momentum_SGLY-type** — Low-priced volatile stock ($6), 5.4% stop hit in 7min = noise, not signal. 53% win rate borderline. Skip momentum on sub-$10 erratic movers.
2026-08-18 09:44:25 | WARNING  | trading_bot.engine   | LEARNING: Avoiding strategy 'momentum_sgly' (total avoids: 1)
2026-08-18 09:44:25 | INFO     | trading_bot.strategy.momentum | SIGNAL: Momentum BUY: pullback entry, ADX=50, Vol=2.9x | SGLY @ $5.82
2026-08-18 09:44:25 | INFO     | trading_bot.strategy.momentum | SIGNAL: Momentum BUY: EMA cross, ADX=57, breakout>4.22, Vol=5.0x | SXTC @ $4.44
2026-08-18 09:44:25 | INFO     | trading_bot.engine   | SIGNALS GENERATED: 2 signals from strategies
2026-08-18 09:44:25 | INFO     | trading_bot.engine   |   -> momentum: buy SGLY @ $5.82 conf=0.80
2026-08-18 09:44:25 | INFO     | trading_bot.engine   |   -> momentum: buy SXTC @ $4.44 conf=0.95
2026-08-18 09:44:25 | INFO     | trading_bot.risk.manager | APPROVED: buy SGLY | Momentum BUY: pullback entry, ADX=50, Vol=2.9x
2026-08-18 09:44:25 | INFO     | trading_bot.risk.manager | APPROVED: buy SXTC | Momentum BUY: EMA cross, ADX=57, breakout>4.22, Vol=5.0x
2026-08-18 09:44:25 | INFO     | trading_bot.notifications | [ALERT] Scanner Cycle: 📡 **[SCANNER]** Scanning 802 symbols
Market: 🟡 SIDEWAYS 
Signals found: 2
  ✅ SGLY: score 80/100 — Momentum BUY: pullback entry, ADX=50, Vol=2.9x
  ✅ SXTC: score 95/100 — Momentum BUY: EMA cross, ADX=
2026-08-18 09:44:26 | WARNING  | trading_bot.engine   | SLOW CYCLE (173.9s total): update_data=160.6s, monitor_positions=7.6s, discover=5.4s
2026-08-18 09:44:26 | WARNING  | trading_bot.broker.ibkr | IBKR Error 2119: Market data farm is connecting:usfarm.nj
2026-08-18 09:44:28 | INFO     | trading_bot.engine   | QUALITY GATE SKIP: SGLY — wide spread 2.1% (>2% for $5.82)
2026-08-18 09:44:29 | WARNING  | trading_bot.broker.ibkr | IBKR Error 2152: Exchanges - Depth: IEX; Top: BYX; PEARL; AMEX; T24X; MEMX; OVERNIGHT; EDGEA; TXSE; CHX; IBEOS; NYSENAT; PSX; LTSE; ISE; DRCTEDGE; Need additional market data permissions - Depth: NASDAQ; BATS; ARCA; BEX; NYSE; 
2026-08-18 09:44:31 | INFO     | trading_bot.engine   | SPREAD SIZE-DOWN: SXTC spread 2.0% (price $4.44, tier max 3%) → size 1.00 × 0.99 = 0.99
2026-08-18 09:44:31 | INFO     | trading_bot.engine   | VOL REGIME: SXTC short=0.0521 long=0.0247 ratio=2.11x → sizing mult 0.80x
2026-08-18 09:44:31 | INFO     | trading_bot.engine   | SLIPPAGE DAMPENER: momentum avg=0.499% over 20 fills → sizing mult 0.67x
2026-08-18 09:44:31 | INFO     | trading_bot.risk.position_sizer | ADAPTIVE SIZING: base=1.00% → Kelly[momentum] 0.25x × DD 1.00x × Session 1.00x × Conf 1.50x × Regime 1.00x × Vol 0.80x × Slip 0.67x = 0.25% risk
2026-08-18 09:44:31 | INFO     | trading_bot.risk.position_sizer | Position size: 150 shares @ $4.45 = $667.50 | Risk: $48.56 (0.2% of account) [tier: 10-2000 shares]
2026-08-18 09:44:31 | INFO     | trading_bot.engine   | RUNNER SIZING: SXTC size_mult=99% — reduced from 150 to 149 shares (entry_type=n/a)
2026-08-18 09:44:31 | INFO     | trading_bot.engine   | Executing SXTC via IBKR...
2026-08-18 09:44:31 | INFO     | trading_bot.broker.ibkr | ORDER ROUTING: SXTC → IEX (SMART bypass for Error 2152 / PendingSubmit lock)
2026-08-18 09:44:31 | INFO     | trading_bot.broker.ibkr | BRACKET PARENT → MARKET: SXTC (Error 2152 bypass — will fill at live ask, not LIMIT validation)
2026-08-18 09:44:31 | INFO     | trading_bot.broker.ibkr | Order update: SXTC | Status: Inactive | Filled: 0.0/149.0
2026-08-18 09:44:31 | INFO     | trading_bot.broker.ibkr | Order update: SXTC | Status: Inactive | Filled: 0.0/149.0
2026-08-18 09:44:31 | WARNING  | trading_bot.broker.ibkr | IBKR Error 201: Order rejected - reason:No Trading Permission, Customer Ineligible; Ineligibility reasons:  Other regulatory requirements: Due to regulatory requirements, this product is in closing-only status. You may close existing positions but not open new ones.
2026-08-18 09:44:31 | INFO     | trading_bot.broker.ibkr | Order update: SXTC | Status: Inactive | Filled: 0.0/149.0
2026-08-18 09:44:31 | WARNING  | trading_bot.broker.ibkr | IBKR Error 201: Order rejected - reason:No Trading Permission, Customer Ineligible; Ineligibility reasons:  Other regulatory requirements: Due to regulatory requirements, this product is in closing-only status. You may close existing positions but not open new ones.
2026-08-18 09:44:31 | WARNING  | trading_bot.broker.ibkr | IBKR Error 201: Order rejected - reason:No Trading Permission, Customer Ineligible; Ineligibility reasons:  Other regulatory requirements: Due to regulatory requirements, this product is in closing-only status. You may close existing positions but not open new ones.
2026-08-18 09:44:32 | INFO     | trading_bot.broker.ibkr | BRACKET ORDER placed: BUY 149 SXTC @ LIMIT $4.54 | TP: $5.16 | SL: $4.13 | Parent ID: 1519231
2026-08-18 09:44:33 | WARNING  | trading_bot.broker.ibkr | Bracket order Inactive: SXTC
2026-08-18 09:44:33 | WARNING  | trading_bot.engine   | IBKR order failed for SXTC.
2026-08-18 09:44:33 | ERROR    | trading_bot.engine   | NO EXECUTION PATH AVAILABLE — cannot execute BUY SXTC. Set TRADERSPOST_WEBHOOK_URL in .env (primary execution path), or ensure IBKR is connected (legacy fallback).
2026-08-18 09:44:36 | INFO     | trading_bot.engine   | CRYPTO FAST LANE HEARTBEAT (mean_reversion): universe=42 | WAIT[32]: ADA-USD(weak 3d trend (-2.3%)), ALGO-USD(weak 3d trend (-2.6%)), APT-USD(weak 3d trend (-2.4%)), ARB-USD(weak 3d trend (+0.5%)), ATOM-USD(weak 3d trend (-6.1%)), AVAX-USD(weak 3d trend (-3.4%)), BONK-USD(weak 3d trend (-2.5%)), DOGE-USD(weak 3d trend (-0.4%)), DOT-USD(weak 3d trend (-6.1%)), ETC-USD(weak 3d trend (-4.0%)), ETH-USD(weak 3d trend (+0.8%)), FET-USD(weak 3d trend (-7.9%)), FLOKI-USD(weak 3d trend (-3.5%)), GRT-USD(weak 3d trend (-5.1%)), HBAR-USD(weak 3d trend (+0.3%)), ICP-USD(weak 3d trend (-1.0%)), IMX-USD(weak 3d trend (-12.0%)), JUP-USD(weak 3d trend (+0.4%)), LINK-USD(weak 3d trend (-0.2%)), LTC-USD(weak 3d trend (+0.8%)), NEAR-USD(weak 3d trend (-2.7%)), OP-USD(weak 3d trend (-4.7%)), PEPE-USD(weak 3d trend (-2.7%)), RNDR-USD(weak 3d trend (-0.2%)), SEI-USD(weak 3d trend (-7.8%)), SHIB-USD(weak 3d trend (-2.6%)), SNX-USD(weak 3d trend (+0.0%)), SOL-USD(weak 3d trend (+0.7%)), SUI-USD(weak 3d trend (-4.5%)), UNI-USD(weak 3d trend (+0.4%)), XLM-USD(weak 3d trend (-2.8%)), XRP-USD(weak 3d trend (-0.5%)) | warming=4 | neutral=3 | no_data=3
2026-08-18 09:44:36 | WARNING  | trading_bot.broker.ibkr | IBKR Error 2152: Exchanges - Depth: IEX; Top: BYX; AMEX; PEARL; T24X; MEMX; EDGEA; TXSE; CHX; NYSENAT; PSX; LTSE; ISE; DRCTEDGE; Need additional market data permissions - Depth: NASDAQ; BATS; ARCA; BEX; NYSE; Unknown market data permissions - Top: IBEOS; OVERNIGHT; 
2026-08-18 09:44:37 | WARNING  | trading_bot.broker.ibkr | IBKR Error 2152: Exchanges - Top: BYX; AMEX; PEARL; T24X; MEMX; OVERNIGHT; EDGEA; TXSE; CHX; IBEOS; NYSENAT; PSX; LTSE; ISE; DRCTEDGE; Unknown market data permissions - Depth: NASDAQ; BATS; ARCA; BEX; NYSE; IEX; 
2026-08-18 09:44:38 | WARNING  | trading_bot.broker.ibkr | IBKR Error 2152: Exchanges - Top: BYX; AMEX; PEARL; T24X; MEMX; OVERNIGHT; EDGEA; TXSE; CHX; IBEOS; NYSENAT; PSX; LTSE; ISE; DRCTEDGE; Unknown market data permissions - Depth: NASDAQ; BATS; ARCA; BEX; NYSE; IEX; 
2026-08-18 09:44:39 | WARNING  | trading_bot.broker.ibkr | IBKR Error 2152: Exchanges - Top: BYX; PEARL; AMEX; T24X; MEMX; OVERNIGHT; EDGEA; TXSE; CHX; IBEOS; NYSENAT; PSX; LTSE; ISE; DRCTEDGE; Unknown market data permissions - Depth: NASDAQ; BATS; ARCA; BEX; NYSE; IEX; 
2026-08-18 09:44:41 | WARNING  | trading_bot.broker.ibkr | IBKR Error 2152: Exchanges - Top: BYX; PEARL; AMEX; T24X; MEMX; OVERNIGHT; EDGEA; TXSE; CHX; IBEOS; NYSENAT; PSX; LTSE; ISE; DRCTEDGE; Unknown market data permissions - Depth: NASDAQ; BATS; ARCA; BEX; NYSE; IEX; 
2026-08-18 09:44:43 | INFO     | trading_bot.broker.ibkr | IBKR scanner [TOP_PERC_GAIN]: 49 results
2026-08-18 09:44:45 | INFO     | trading_bot.broker.ibkr | IBKR scanner [MOST_ACTIVE]: 30 results
2026-08-18 09:44:45 | INFO     | trading_bot.broker.ibkr | IBKR scanner [HOT_BY_VOLUME]: 30 results
2026-08-18 09:44:46 | INFO     | trading_bot.broker.ibkr | IBKR scanner [HIGH_OPEN_GAP]: 30 results
2026-08-18 09:44:47 | INFO     | trading_bot.broker.ibkr | IBKR scanner [TOP_PERC_LOSE]: 20 results
2026-08-18 09:44:47 | INFO     | trading_bot.engine   | IBKR scanner: 108 unique symbols discovered | 49 gainers, 6 gaps, 20 losers
2026-08-18 09:44:47 | INFO     | trading_bot.engine   | Injected 1 runners into all strategies
2026-08-18 09:44:47 | INFO     | trading_bot.engine   | SYMBOL PRUNE: removed 9 stale symbols across strategies
2026-08-18 09:44:47 | INFO     | trading_bot.engine   | UNIVERSE CAP: working set 90 symbols (trimmed 185 low-priority equity names; max 90)
2026-08-18 09:44:47 | INFO     | trading_bot.data.market_data | Pruned 1 stale IBKR streams — now 47/95
2026-08-18 09:44:47 | INFO     | trading_bot.broker.ibkr | Subscribed to 1 live market data streams
2026-08-18 09:44:47 | INFO     | trading_bot.data.market_data | IBKR streaming active for 48 symbols
2026-08-18 09:47:29 | INFO     | trading_bot.strategy.momentum | SIGNAL: Momentum BUY: EMA cross, ADX=57, breakout>4.22, Vol=5.0x | SXTC @ $4.54
2026-08-18 09:47:30 | INFO     | trading_bot.engine   | SIGNALS GENERATED: 1 signals from strategies
2026-08-18 09:47:30 | INFO     | trading_bot.engine   |   -> momentum: buy SXTC @ $4.54 conf=0.95
2026-08-18 09:47:30 | INFO     | trading_bot.risk.manager | APPROVED: buy SXTC | Momentum BUY: EMA cross, ADX=57, breakout>4.22, Vol=5.0x
2026-08-18 09:47:30 | INFO     | trading_bot.notifications | [ALERT] Scanner Cycle: 📡 **[SCANNER]** Scanning 802 symbols
Market: 🟡 SIDEWAYS 
Signals found: 1
  ✅ SXTC: score 95/100 — Momentum BUY: EMA cross, ADX=57, breakout>4.22, Vol=5.0x
Approved: 1 trades
2026-08-18 09:47:30 | WARNING  | trading_bot.engine   | SLOW CYCLE (167.9s total): update_data=162.3s, discover=5.2s
2026-08-18 09:47:30 | WARNING  | trading_bot.broker.ibkr | IBKR Error 2152: Exchanges - Depth: IEX; Top: BYX; PEARL; AMEX; T24X; MEMX; OVERNIGHT; EDGEA; TXSE; CHX; IBEOS; NYSENAT; PSX; LTSE; ISE; DRCTEDGE; Need additional market data permissions - Depth: NASDAQ; BATS; ARCA; BEX; NYSE; 
2026-08-18 09:47:32 | INFO     | trading_bot.engine   | VOL REGIME: SXTC short=0.0521 long=0.0247 ratio=2.11x → sizing mult 0.80x
2026-08-18 09:47:32 | INFO     | trading_bot.engine   | SLIPPAGE DAMPENER: momentum avg=0.499% over 20 fills → sizing mult 0.67x
2026-08-18 09:47:32 | INFO     | trading_bot.risk.position_sizer | ADAPTIVE SIZING: base=1.00% → Kelly[momentum] 0.25x × DD 1.00x × Session 1.00x × Conf 1.50x × Regime 1.00x × Vol 0.80x × Slip 0.67x = 0.25% risk
2026-08-18 09:47:32 | INFO     | trading_bot.risk.position_sizer | Position size: 156 shares @ $4.54 = $708.24 | Risk: $48.94 (0.2% of account) [tier: 10-2000 shares]
2026-08-18 09:47:32 | INFO     | trading_bot.engine   | Executing SXTC via IBKR...
2026-08-18 09:47:32 | INFO     | trading_bot.broker.ibkr | ORDER ROUTING: SXTC → IEX (SMART bypass for Error 2152 / PendingSubmit lock)
2026-08-18 09:47:32 | INFO     | trading_bot.broker.ibkr | BRACKET PARENT → MARKET: SXTC (Error 2152 bypass — will fill at live ask, not LIMIT validation)
2026-08-18 09:47:33 | INFO     | trading_bot.broker.ibkr | Order update: SXTC | Status: Inactive | Filled: 0.0/156.0
2026-08-18 09:47:33 | INFO     | trading_bot.broker.ibkr | Order update: SXTC | Status: Inactive | Filled: 0.0/156.0
2026-08-18 09:47:33 | WARNING  | trading_bot.broker.ibkr | IBKR Error 201: Order rejected - reason:No Trading Permission, Customer Ineligible; Ineligibility reasons:  Other regulatory requirements: Due to regulatory requirements, this product is in closing-only status. You may close existing positions but not open new ones.
2026-08-18 09:47:33 | INFO     | trading_bot.broker.ibkr | Order update: SXTC | Status: Inactive | Filled: 0.0/156.0
2026-08-18 09:47:33 | WARNING  | trading_bot.broker.ibkr | IBKR Error 201: Order rejected - reason:No Trading Permission, Customer Ineligible; Ineligibility reasons:  Other regulatory requirements: Due to regulatory requirements, this product is in closing-only status. You may close existing positions but not open new ones.
2026-08-18 09:47:33 | WARNING  | trading_bot.broker.ibkr | IBKR Error 201: Order rejected - reason:No Trading Permission, Customer Ineligible; Ineligibility reasons:  Other regulatory requirements: Due to regulatory requirements, this product is in closing-only status. You may close existing positions but not open new ones.
2026-08-18 09:47:33 | INFO     | trading_bot.broker.ibkr | BRACKET ORDER placed: BUY 156 SXTC @ LIMIT $4.63 | TP: $5.26 | SL: $4.23 | Parent ID: 1519268
2026-08-18 09:47:34 | WARNING  | trading_bot.broker.ibkr | Bracket order Inactive: SXTC
2026-08-18 09:47:34 | WARNING  | trading_bot.engine   | IBKR order failed for SXTC.
2026-08-18 09:47:34 | ERROR    | trading_bot.engine   | NO EXECUTION PATH AVAILABLE — cannot execute BUY SXTC. Set TRADERSPOST_WEBHOOK_URL in .env (primary execution path), or ensure IBKR is connected (legacy fallback).
2026-08-18 09:47:37 | INFO     | trading_bot.engine   | CRYPTO FAST LANE HEARTBEAT (mean_reversion): universe=42 | WAIT[32]: ADA-USD(weak 3d trend (-2.2%)), ALGO-USD(weak 3d trend (-2.6%)), APT-USD(weak 3d trend (-2.4%)), ARB-USD(weak 3d trend (+0.5%)), ATOM-USD(weak 3d trend (-6.1%)), AVAX-USD(weak 3d trend (-3.4%)), BONK-USD(weak 3d trend (-2.5%)), DOGE-USD(weak 3d trend (-0.4%)), DOT-USD(weak 3d trend (-6.1%)), ETC-USD(weak 3d trend (-4.0%)), ETH-USD(weak 3d trend (+0.7%)), FET-USD(weak 3d trend (-7.9%)), FLOKI-USD(weak 3d trend (-3.5%)), GRT-USD(weak 3d trend (-5.1%)), HBAR-USD(weak 3d trend (+0.3%)), ICP-USD(weak 3d trend (-1.0%)), IMX-USD(weak 3d trend (-12.0%)), JUP-USD(weak 3d trend (+0.4%)), LINK-USD(weak 3d trend (-0.2%)), LTC-USD(weak 3d trend (+0.8%)), NEAR-USD(weak 3d trend (-2.7%)), OP-USD(weak 3d trend (-4.7%)), PEPE-USD(weak 3d trend (-2.7%)), RNDR-USD(weak 3d trend (-0.2%)), SEI-USD(weak 3d trend (-7.8%)), SHIB-USD(weak 3d trend (-2.6%)), SNX-USD(weak 3d trend (+0.0%)), SOL-USD(weak 3d trend (+0.7%)), SUI-USD(weak 3d trend (-4.5%)), UNI-USD(weak 3d trend (+0.4%)), XLM-USD(weak 3d trend (-2.8%)), XRP-USD(weak 3d trend (-0.3%)) | warming=5 | neutral=2 | no_data=3
2026-08-18 09:47:40 | WARNING  | trading_bot.broker.ibkr | IBKR Error 2152: Exchanges - Top: BYX; PEARL; AMEX; T24X; MEMX; OVERNIGHT; EDGEA; TXSE; CHX; IBEOS; NYSENAT; PSX; LTSE; ISE; DRCTEDGE; Unknown market data permissions - Depth: NASDAQ; BATS; ARCA; BEX; NYSE; IEX; 
2026-08-18 09:47:42 | WARNING  | trading_bot.broker.ibkr | IBKR Error 2152: Exchanges - Top: BYX; PEARL; AMEX; T24X; MEMX; OVERNIGHT; EDGEA; TXSE; CHX; IBEOS; NYSENAT; PSX; LTSE; ISE; DRCTEDGE; Unknown market data permissions - Depth: NASDAQ; BATS; ARCA; BEX; NYSE; IEX; 
2026-08-18 09:47:44 | INFO     | trading_bot.broker.ibkr | IBKR scanner [TOP_PERC_GAIN]: 49 results
2026-08-18 09:47:45 | INFO     | trading_bot.broker.ibkr | IBKR scanner [MOST_ACTIVE]: 30 results
2026-08-18 09:47:46 | INFO     | trading_bot.broker.ibkr | IBKR scanner [HOT_BY_VOLUME]: 30 results
2026-08-18 09:47:47 | INFO     | trading_bot.broker.ibkr | IBKR scanner [HIGH_OPEN_GAP]: 30 results
2026-08-18 09:47:48 | INFO     | trading_bot.broker.ibkr | IBKR scanner [TOP_PERC_LOSE]: 20 results
2026-08-18 09:47:48 | INFO     | trading_bot.engine   | IBKR scanner: 108 unique symbols discovered | 49 gainers, 6 gaps, 20 losers
2026-08-18 09:47:48 | INFO     | trading_bot.engine   | Injected 1 runners into all strategies
2026-08-18 09:47:48 | INFO     | trading_bot.engine   | SYMBOL PRUNE: removed 9 stale symbols across strategies
2026-08-18 09:47:48 | INFO     | trading_bot.engine   | UNIVERSE CAP: working set 90 symbols (trimmed 188 low-priority equity names; max 90)
2026-08-18 09:47:48 | INFO     | trading_bot.data.market_data | Pruned 1 stale IBKR streams — now 47/95
2026-08-18 09:47:48 | INFO     | trading_bot.broker.ibkr | Subscribed to 1 live market data streams
2026-08-18 09:47:48 | INFO     | trading_bot.data.market_data | IBKR streaming active for 48 symbols
2026-08-18 09:50:41 | INFO     | trading_bot.engine   | DATA COVERAGE: 82/90 symbols have bars, 90/90 have prices | IBKR blacklisted: 42
2026-08-18 09:50:41 | INFO     | trading_bot.strategy.momentum | SIGNAL: Momentum BUY: EMA cross, ADX=57, breakout>4.22, Vol=5.0x | SXTC @ $4.51
2026-08-18 09:50:42 | INFO     | trading_bot.engine   | SIGNALS GENERATED: 1 signals from strategies
2026-08-18 09:50:42 | INFO     | trading_bot.engine   |   -> momentum: buy SXTC @ $4.51 conf=0.95
2026-08-18 09:50:42 | INFO     | trading_bot.risk.manager | APPROVED: buy SXTC | Momentum BUY: EMA cross, ADX=57, breakout>4.22, Vol=5.0x
2026-08-18 09:50:42 | INFO     | trading_bot.notifications | [ALERT] Scanner Cycle: 📡 **[SCANNER]** Scanning 811 symbols
Market: 🟡 SIDEWAYS 
Signals found: 1
  ✅ SXTC: score 95/100 — Momentum BUY: EMA cross, ADX=57, breakout>4.22, Vol=5.0x
Approved: 1 trades
2026-08-18 09:50:42 | WARNING  | trading_bot.engine   | SLOW CYCLE (178.9s total): update_data=173.4s, discover=5.1s
2026-08-18 09:50:44 | INFO     | trading_bot.signals.politician_tracker | Checking for new politician trade disclosures...
2026-08-18 09:50:44 | INFO     | trading_bot.engine   | QUALITY GATE SKIP: SXTC — wide spread 3.1% (>3% for $4.51)
2026-08-18 09:50:47 | INFO     | trading_bot.engine   | CRYPTO FAST LANE HEARTBEAT (mean_reversion): universe=42 | WAIT[33]: ADA-USD(weak 3d trend (-2.2%)), ALGO-USD(weak 3d trend (-2.6%)), APT-USD(weak 3d trend (-2.4%)), ARB-USD(weak 3d trend (+0.5%)), ATOM-USD(weak 3d trend (-6.1%)), AVAX-USD(weak 3d trend (-3.4%)), BONK-USD(weak 3d trend (-2.5%)), DOGE-USD(weak 3d trend (-0.4%)), DOT-USD(weak 3d trend (-6.1%)), ETC-USD(weak 3d trend (-4.0%)), ETH-USD(weak 3d trend (+0.7%)), FET-USD(weak 3d trend (-7.9%)), FLOKI-USD(weak 3d trend (-3.5%)), GRT-USD(weak 3d trend (-5.1%)), HBAR-USD(weak 3d trend (+0.3%)), ICP-USD(weak 3d trend (-1.0%)), IMX-USD(weak 3d trend (-12.0%)), JUP-USD(weak 3d trend (+0.4%)), LINK-USD(weak 3d trend (-0.2%)), LTC-USD(weak 3d trend (+0.8%)), NEAR-USD(weak 3d trend (-1.2%)), OP-USD(weak 3d trend (-4.7%)), PEPE-USD(weak 3d trend (-2.7%)), RNDR-USD(weak 3d trend (-0.2%)), SEI-USD(weak 3d trend (-7.8%)), SHIB-USD(weak 3d trend (-2.6%)), SNX-USD(weak 3d trend (+0.0%)), SOL-USD(weak 3d trend (+0.7%)), SUI-USD(weak 3d trend (-4.5%)), TRX-USD(weak 3d trend (+0.3%)), UNI-USD(weak 3d trend (+0.3%)), XLM-USD(weak 3d trend (-2.8%)), XRP-USD(weak 3d trend (-0.3%)) | warming=3 | neutral=3 | no_data=3
2026-08-18 09:50:52 | WARNING  | trading_bot.broker.ibkr | IBKR Error 2152: Exchanges - Depth: IEX; Top: BYX; TXSE; CHX; PSX; MEMX; ISE; Need additional market data permissions - Depth: BATS; NASDAQ; ARCA; NYSE; Unknown market data permissions - Depth: BEX; Top: AMEX; PEARL; NYSENAT; IBEOS; T24X; EDGEA; OVERNIGHT; LTSE; DRCTEDGE; 
2026-08-18 09:50:53 | WARNING  | trading_bot.broker.ibkr | IBKR Error 2152: Exchanges - Top: BYX; AMEX; PEARL; T24X; MEMX; OVERNIGHT; EDGEA; TXSE; CHX; IBEOS; NYSENAT; PSX; LTSE; ISE; DRCTEDGE; Need additional market data permissions - Depth: BEX; Unknown market data permissions - Depth: BATS; NASDAQ; ARCA; NYSE; IEX; 
2026-08-18 09:50:54 | WARNING  | trading_bot.broker.ibkr | IBKR Error 2152: Exchanges - Top: BYX; AMEX; PEARL; T24X; MEMX; OVERNIGHT; EDGEA; TXSE; CHX; IBEOS; NYSENAT; PSX; LTSE; ISE; DRCTEDGE; Need additional market data permissions - Depth: BEX; Unknown market data permissions - Depth: BATS; NASDAQ; ARCA; NYSE; IEX; 
2026-08-18 09:50:54 | INFO     | trading_bot.broker.ibkr | IBKR scanner [TOP_PERC_GAIN]: 49 results
2026-08-18 09:50:55 | INFO     | trading_bot.broker.ibkr | IBKR scanner [MOST_ACTIVE]: 30 results
2026-08-18 09:50:56 | INFO     | trading_bot.broker.ibkr | IBKR scanner [HOT_BY_VOLUME]: 30 results
2026-08-18 09:50:57 | INFO     | trading_bot.broker.ibkr | IBKR scanner [HIGH_OPEN_GAP]: 30 results
2026-08-18 09:50:58 | INFO     | trading_bot.broker.ibkr | IBKR scanner [TOP_PERC_LOSE]: 20 results
2026-08-18 09:50:58 | INFO     | trading_bot.engine   | IBKR scanner: 108 unique symbols discovered | 49 gainers, 6 gaps, 20 losers
2026-08-18 09:50:58 | INFO     | trading_bot.engine   | Injected 1 runners into all strategies
2026-08-18 09:50:58 | INFO     | trading_bot.engine   | SYMBOL PRUNE: removed 3 stale symbols across strategies
2026-08-18 09:50:58 | INFO     | trading_bot.engine   | UNIVERSE CAP: working set 90 symbols (trimmed 190 low-priority equity names; max 90)
2026-08-18 09:50:58 | INFO     | trading_bot.data.market_data | Pruned 1 stale IBKR streams — now 47/95
2026-08-18 09:50:58 | INFO     | trading_bot.broker.ibkr | Subscribed to 1 live market data streams
2026-08-18 09:50:58 | INFO     | trading_bot.data.market_data | IBKR streaming active for 48 symbols
2026-08-18 09:54:18 | INFO     | trading_bot.strategy.momentum | SIGNAL: Momentum BUY: EMA cross, ADX=57, breakout>4.22, Vol=5.0x | SXTC @ $4.48
2026-08-18 09:54:18 | INFO     | trading_bot.engine   | SIGNALS GENERATED: 1 signals from strategies
2026-08-18 09:54:18 | INFO     | trading_bot.engine   |   -> momentum: buy SXTC @ $4.48 conf=0.95
2026-08-18 09:54:18 | INFO     | trading_bot.risk.manager | APPROVED: buy SXTC | Momentum BUY: EMA cross, ADX=57, breakout>4.22, Vol=5.0x
2026-08-18 09:54:18 | INFO     | trading_bot.notifications | [ALERT] Scanner Cycle: 📡 **[SCANNER]** Scanning 817 symbols
Market: 🟡 SIDEWAYS 
Signals found: 1
  ✅ SXTC: score 95/100 — Momentum BUY: EMA cross, ADX=57, breakout>4.22, Vol=5.0x
Approved: 1 trades
2026-08-18 09:54:18 | WARNING  | trading_bot.engine   | SLOW CYCLE (204.5s total): update_data=199.5s
2026-08-18 09:54:18 | WARNING  | trading_bot.broker.ibkr | IBKR Error 2152: Exchanges - Depth: IEX; Top: BYX; AMEX; PEARL; T24X; MEMX; OVERNIGHT; EDGEA; TXSE; CHX; IBEOS; NYSENAT; PSX; LTSE; ISE; DRCTEDGE; Need additional market data permissions - Depth: BATS; NASDAQ; ARCA; BEX; NYSE; 
2026-08-18 09:54:20 | INFO     | trading_bot.engine   | SPREAD SIZE-DOWN: SXTC spread 2.9% (price $4.48, tier max 3%) → size 1.00 × 0.53 = 0.53
2026-08-18 09:54:20 | INFO     | trading_bot.engine   | QUALITY GATE SKIP: SXTC — bearish EMA imbalance -0.36
2026-08-18 09:54:23 | INFO     | trading_bot.engine   | CRYPTO FAST LANE HEARTBEAT (mean_reversion): universe=42 | WAIT[33]: ADA-USD(weak 3d trend (-2.2%)), ALGO-USD(weak 3d trend (-2.6%)), APT-USD(weak 3d trend (-2.4%)), ARB-USD(weak 3d trend (+0.5%)), ATOM-USD(weak 3d trend (-6.1%)), AVAX-USD(weak 3d trend (-3.4%)), BONK-USD(weak 3d trend (-2.5%)), DOGE-USD(weak 3d trend (-0.4%)), DOT-USD(weak 3d trend (-6.1%)), ETC-USD(weak 3d trend (-4.0%)), ETH-USD(weak 3d trend (+0.9%)), FET-USD(weak 3d trend (-7.9%)), FLOKI-USD(weak 3d trend (-3.5%)), GRT-USD(weak 3d trend (-5.1%)), HBAR-USD(weak 3d trend (+0.3%)), ICP-USD(weak 3d trend (-1.0%)), IMX-USD(weak 3d trend (-12.0%)), JUP-USD(weak 3d trend (+0.4%)), LINK-USD(weak 3d trend (-0.2%)), LTC-USD(weak 3d trend (+0.8%)), NEAR-USD(weak 3d trend (-1.2%)), OP-USD(weak 3d trend (-4.7%)), PEPE-USD(weak 3d trend (-3.0%)), RNDR-USD(weak 3d trend (-0.2%)), SEI-USD(weak 3d trend (-7.8%)), SHIB-USD(weak 3d trend (-2.6%)), SNX-USD(weak 3d trend (+0.0%)), SOL-USD(weak 3d trend (+0.9%)), SUI-USD(weak 3d trend (-4.5%)), TRX-USD(weak 3d trend (+0.3%)), UNI-USD(weak 3d trend (+0.3%)), XLM-USD(weak 3d trend (-2.8%)), XRP-USD(weak 3d trend (-0.3%)) | warming=3 | neutral=3 | no_data=3
2026-08-18 09:54:29 | WARNING  | trading_bot.broker.ibkr | IBKR Error 2152: Exchanges - Top: BYX; AMEX; PEARL; T24X; MEMX; OVERNIGHT; EDGEA; TXSE; CHX; IBEOS; NYSENAT; PSX; LTSE; ISE; DRCTEDGE; Need additional market data permissions - Depth: BEX; Unknown market data permissions - Depth: BATS; NASDAQ; ARCA; NYSE; IEX; 
2026-08-18 09:54:30 | WARNING  | trading_bot.broker.ibkr | IBKR Error 2152: Exchanges - Top: BYX; AMEX; PEARL; T24X; MEMX; OVERNIGHT; EDGEA; TXSE; CHX; IBEOS; NYSENAT; PSX; LTSE; ISE; DRCTEDGE; Need additional market data permissions - Depth: BEX; Unknown market data permissions - Depth: BATS; NASDAQ; ARCA; NYSE; IEX; 
2026-08-18 09:54:30 | INFO     | trading_bot.broker.ibkr | IBKR scanner [TOP_PERC_GAIN]: 49 results
2026-08-18 09:54:31 | INFO     | trading_bot.broker.ibkr | IBKR scanner [MOST_ACTIVE]: 30 results
2026-08-18 09:54:32 | INFO     | trading_bot.broker.ibkr | IBKR scanner [HOT_BY_VOLUME]: 30 results
2026-08-18 09:54:33 | INFO     | trading_bot.broker.ibkr | IBKR scanner [HIGH_OPEN_GAP]: 30 results
2026-08-18 09:54:34 | INFO     | trading_bot.broker.ibkr | IBKR scanner [TOP_PERC_LOSE]: 20 results
2026-08-18 09:54:34 | INFO     | trading_bot.engine   | IBKR scanner: 112 unique symbols discovered | 49 gainers, 4 gaps, 20 losers
2026-08-18 09:54:34 | INFO     | trading_bot.engine   | Injected 1 runners into all strategies
2026-08-18 09:54:34 | INFO     | trading_bot.engine   | SYMBOL PRUNE: removed 12 stale symbols across strategies
2026-08-18 09:54:34 | INFO     | trading_bot.engine   | UNIVERSE CAP: working set 90 symbols (trimmed 194 low-priority equity names; max 90)
2026-08-18 09:54:34 | INFO     | trading_bot.data.market_data | Pruned 3 stale IBKR streams — now 45/95
2026-08-18 09:54:35 | INFO     | trading_bot.broker.ibkr | Subscribed to 3 live market data streams
2026-08-18 09:54:35 | INFO     | trading_bot.data.market_data | IBKR streaming active for 48 symbols
2026-08-18 09:57:18 | INFO     | trading_bot.strategy.momentum | SIGNAL: Momentum BUY: EMA cross, ADX=57, breakout>4.22, Vol=5.0x | SXTC @ $4.41
2026-08-18 09:57:18 | INFO     | trading_bot.engine   | SIGNALS GENERATED: 1 signals from strategies
2026-08-18 09:57:18 | INFO     | trading_bot.engine   |   -> momentum: buy SXTC @ $4.41 conf=0.95
2026-08-18 09:57:18 | INFO     | trading_bot.risk.manager | APPROVED: buy SXTC | Momentum BUY: EMA cross, ADX=57, breakout>4.22, Vol=5.0x
2026-08-18 09:57:18 | INFO     | trading_bot.notifications | [ALERT] Scanner Cycle: 📡 **[SCANNER]** Scanning 831 symbols
Market: 🟡 SIDEWAYS 
Signals found: 1
  ✅ SXTC: score 95/100 — Momentum BUY: EMA cross, ADX=57, breakout>4.22, Vol=5.0x
Approved: 1 trades
2026-08-18 09:57:18 | WARNING  | trading_bot.engine   | SLOW CYCLE (168.9s total): update_data=163.7s
2026-08-18 09:57:18 | INFO     | trading_bot.engine   | CYCLE #181: regime=sideways | signals=1->approved=1 | positions=0/15 | bars_warm=175/175 | equity_open=True | pm=False pwr_hr=False
2026-08-18 09:57:18 | WARNING  | trading_bot.broker.ibkr | IBKR Error 2152: Exchanges - Depth: IEX; Top: BYX; PEARL; AMEX; T24X; MEMX; OVERNIGHT; EDGEA; TXSE; CHX; IBEOS; NYSENAT; PSX; LTSE; ISE; DRCTEDGE; Need additional market data permissions - Depth: BATS; NASDAQ; ARCA; BEX; NYSE; 
2026-08-18 09:57:21 | INFO     | trading_bot.engine   | VOL REGIME: SXTC short=0.0521 long=0.0247 ratio=2.11x → sizing mult 0.80x
2026-08-18 09:57:21 | INFO     | trading_bot.engine   | SLIPPAGE DAMPENER: momentum avg=0.499% over 20 fills → sizing mult 0.67x
2026-08-18 09:57:21 | INFO     | trading_bot.risk.position_sizer | ADAPTIVE SIZING: base=1.00% → Kelly[momentum] 0.25x × DD 1.00x × Session 1.00x × Conf 1.50x × Regime 1.00x × Vol 0.80x × Slip 0.67x = 0.25% risk
2026-08-18 09:57:21 | INFO     | trading_bot.risk.position_sizer | Position size: 155 shares @ $4.41 = $683.55 | Risk: $48.63 (0.2% of account) [tier: 10-2000 shares]
2026-08-18 09:57:21 | INFO     | trading_bot.engine   | Executing SXTC via IBKR...
2026-08-18 09:57:21 | INFO     | trading_bot.broker.ibkr | ORDER ROUTING: SXTC → IEX (SMART bypass for Error 2152 / PendingSubmit lock)
2026-08-18 09:57:21 | INFO     | trading_bot.broker.ibkr | BRACKET PARENT → MARKET: SXTC (Error 2152 bypass — will fill at live ask, not LIMIT validation)
2026-08-18 09:57:21 | INFO     | trading_bot.broker.ibkr | Order update: SXTC | Status: Inactive | Filled: 0.0/155.0
2026-08-18 09:57:21 | WARNING  | trading_bot.broker.ibkr | IBKR Error 201: Order rejected - reason:No Trading Permission, Customer Ineligible; Ineligibility reasons:  Other regulatory requirements: Due to regulatory requirements, this product is in closing-only status. You may close existing positions but not open new ones.
2026-08-18 09:57:21 | INFO     | trading_bot.broker.ibkr | Order update: SXTC | Status: Inactive | Filled: 0.0/155.0
2026-08-18 09:57:21 | INFO     | trading_bot.broker.ibkr | Order update: SXTC | Status: Inactive | Filled: 0.0/155.0
2026-08-18 09:57:21 | WARNING  | trading_bot.broker.ibkr | IBKR Error 201: Order rejected - reason:No Trading Permission, Customer Ineligible; Ineligibility reasons:  Other regulatory requirements: Due to regulatory requirements, this product is in closing-only status. You may close existing positions but not open new ones.
2026-08-18 09:57:21 | WARNING  | trading_bot.broker.ibkr | IBKR Error 201: Order rejected - reason:No Trading Permission, Customer Ineligible; Ineligibility reasons:  Other regulatory requirements: Due to regulatory requirements, this product is in closing-only status. You may close existing positions but not open new ones.
2026-08-18 09:57:22 | INFO     | trading_bot.broker.ibkr | BRACKET ORDER placed: BUY 155 SXTC @ LIMIT $4.50 | TP: $5.13 | SL: $4.10 | Parent ID: 1519376
2026-08-18 09:57:22 | WARNING  | trading_bot.broker.ibkr | Bracket order Inactive: SXTC
2026-08-18 09:57:22 | WARNING  | trading_bot.engine   | IBKR order failed for SXTC.
2026-08-18 09:57:22 | ERROR    | trading_bot.engine   | NO EXECUTION PATH AVAILABLE — cannot execute BUY SXTC. Set TRADERSPOST_WEBHOOK_URL in .env (primary execution path), or ensure IBKR is connected (legacy fallback).
2026-08-18 09:57:25 | INFO     | trading_bot.engine   | CRYPTO FAST LANE HEARTBEAT (mean_reversion): universe=42 | WAIT[33]: ADA-USD(weak 3d trend (-2.2%)), ALGO-USD(weak 3d trend (-2.6%)), APT-USD(weak 3d trend (-2.4%)), ARB-USD(weak 3d trend (+0.5%)), ATOM-USD(weak 3d trend (-6.1%)), AVAX-USD(weak 3d trend (-3.4%)), BONK-USD(weak 3d trend (-2.5%)), DOGE-USD(weak 3d trend (-0.4%)), DOT-USD(weak 3d trend (-6.1%)), ETC-USD(weak 3d trend (-4.0%)), ETH-USD(weak 3d trend (+0.7%)), FET-USD(weak 3d trend (-7.9%)), FLOKI-USD(weak 3d trend (-3.5%)), GRT-USD(weak 3d trend (-5.1%)), HBAR-USD(weak 3d trend (+0.3%)), ICP-USD(weak 3d trend (-1.0%)), IMX-USD(weak 3d trend (-12.0%)), JUP-USD(weak 3d trend (+0.4%)), LINK-USD(weak 3d trend (-0.2%)), LTC-USD(weak 3d trend (+0.8%)), NEAR-USD(weak 3d trend (-1.2%)), OP-USD(weak 3d trend (-4.7%)), PEPE-USD(weak 3d trend (-3.0%)), RNDR-USD(weak 3d trend (-0.2%)), SEI-USD(weak 3d trend (-7.8%)), SHIB-USD(weak 3d trend (-2.6%)), SNX-USD(weak 3d trend (+0.0%)), SOL-USD(weak 3d trend (+0.8%)), SUI-USD(weak 3d trend (-4.7%)), TRX-USD(weak 3d trend (+0.3%)), UNI-USD(weak 3d trend (+0.1%)), XLM-USD(weak 3d trend (-2.8%)), XRP-USD(weak 3d trend (-0.4%)) | warming=3 | neutral=3 | no_data=3
2026-08-18 09:57:29 | WARNING  | trading_bot.broker.ibkr | IBKR Error 2152: Exchanges - Top: BYX; PEARL; AMEX; T24X; MEMX; OVERNIGHT; EDGEA; TXSE; CHX; IBEOS; NYSENAT; PSX; LTSE; ISE; DRCTEDGE; Unknown market data permissions - Depth: BATS; NASDAQ; ARCA; BEX; NYSE; IEX; 
2026-08-18 09:57:30 | WARNING  | trading_bot.broker.ibkr | IBKR Error 2152: Exchanges - Top: BYX; PEARL; AMEX; T24X; MEMX; OVERNIGHT; EDGEA; TXSE; CHX; IBEOS; NYSENAT; PSX; LTSE; ISE; DRCTEDGE; Unknown market data permissions - Depth: BATS; NASDAQ; ARCA; BEX; NYSE; IEX; 
2026-08-18 09:57:33 | INFO     | trading_bot.broker.ibkr | IBKR scanner [TOP_PERC_GAIN]: 49 results
2026-08-18 09:57:34 | INFO     | trading_bot.broker.ibkr | IBKR scanner [MOST_ACTIVE]: 30 results
2026-08-18 09:57:35 | INFO     | trading_bot.broker.ibkr | IBKR scanner [HOT_BY_VOLUME]: 30 results
2026-08-18 09:57:36 | INFO     | trading_bot.broker.ibkr | IBKR scanner [HIGH_OPEN_GAP]: 30 results
2026-08-18 09:57:37 | INFO     | trading_bot.broker.ibkr | IBKR scanner [TOP_PERC_LOSE]: 20 results
2026-08-18 09:57:37 | INFO     | trading_bot.engine   | IBKR scanner: 112 unique symbols discovered | 49 gainers, 5 gaps, 20 losers
2026-08-18 09:57:37 | INFO     | trading_bot.engine   | Injected 1 runners into all strategies
2026-08-18 09:57:37 | INFO     | trading_bot.engine   | SYMBOL PRUNE: removed 24 stale symbols across strategies
2026-08-18 09:57:37 | INFO     | trading_bot.engine   | UNIVERSE CAP: working set 90 symbols (trimmed 190 low-priority equity names; max 90)
2026-08-18 09:57:37 | INFO     | trading_bot.data.market_data | Pruned 2 stale IBKR streams — now 46/95
2026-08-18 09:57:37 | INFO     | trading_bot.broker.ibkr | Subscribed to 2 live market data streams
2026-08-18 09:57:37 | INFO     | trading_bot.data.market_data | IBKR streaming active for 48 symbols
2026-08-18 10:00:29 | INFO     | trading_bot.strategy.momentum | SIGNAL: Momentum BUY: EMA cross, ADX=57, breakout>4.22, Vol=5.0x | SXTC @ $4.45
2026-08-18 10:00:30 | INFO     | trading_bot.engine   | SIGNALS GENERATED: 1 signals from strategies
2026-08-18 10:00:30 | INFO     | trading_bot.engine   |   -> momentum: buy SXTC @ $4.45 conf=0.95
2026-08-18 10:00:30 | INFO     | trading_bot.risk.manager | APPROVED: buy SXTC | Momentum BUY: EMA cross, ADX=57, breakout>4.22, Vol=5.0x
2026-08-18 10:00:30 | INFO     | trading_bot.notifications | [ALERT] Scanner Cycle: 📡 **[SCANNER]** Scanning 819 symbols
Market: 🟡 SIDEWAYS 
Signals found: 1
  ✅ SXTC: score 95/100 — Momentum BUY: EMA cross, ADX=57, breakout>4.22, Vol=5.0x
Approved: 1 trades
2026-08-18 10:00:30 | WARNING  | trading_bot.engine   | SLOW CYCLE (178.7s total): update_data=172.7s, discover=5.5s
2026-08-18 10:00:30 | WARNING  | trading_bot.broker.ibkr | IBKR Error 2152: Exchanges - Depth: IEX; Top: BYX; PEARL; AMEX; T24X; MEMX; OVERNIGHT; EDGEA; TXSE; CHX; IBEOS; NYSENAT; PSX; LTSE; ISE; DRCTEDGE; Need additional market data permissions - Depth: BATS; NASDAQ; ARCA; BEX; NYSE; 
2026-08-18 10:00:32 | INFO     | trading_bot.engine   | QUALITY GATE SKIP: SXTC — wide spread 3.1% (>3% for $4.45)
2026-08-18 10:00:35 | INFO     | trading_bot.engine   | CRYPTO FAST LANE HEARTBEAT (mean_reversion): universe=42 | WAIT[33]: ADA-USD(weak 3d trend (-2.2%)), ALGO-USD(weak 3d trend (-2.6%)), APT-USD(weak 3d trend (-2.4%)), ARB-USD(weak 3d trend (+0.5%)), ATOM-USD(weak 3d trend (-5.5%)), AVAX-USD(weak 3d trend (-3.4%)), BONK-USD(weak 3d trend (-2.5%)), CRV-USD(weak 3d trend (+0.0%)), DOGE-USD(weak 3d trend (-0.5%)), DOT-USD(weak 3d trend (-6.1%)), ETH-USD(weak 3d trend (+0.8%)), FET-USD(weak 3d trend (-7.9%)), FLOKI-USD(weak 3d trend (-3.5%)), GRT-USD(weak 3d trend (-5.1%)), HBAR-USD(weak 3d trend (-0.0%)), ICP-USD(weak 3d trend (-0.3%)), IMX-USD(weak 3d trend (-12.0%)), JUP-USD(weak 3d trend (+0.4%)), LINK-USD(weak 3d trend (-0.2%)), LTC-USD(weak 3d trend (+0.7%)), NEAR-USD(weak 3d trend (-1.2%)), OP-USD(weak 3d trend (-4.7%)), PEPE-USD(weak 3d trend (-3.0%)), RNDR-USD(weak 3d trend (-0.2%)), SEI-USD(weak 3d trend (-7.8%)), SHIB-USD(weak 3d trend (-2.6%)), SNX-USD(weak 3d trend (+0.0%)), SOL-USD(weak 3d trend (+0.7%)), SUI-USD(weak 3d trend (-4.7%)), TRX-USD(weak 3d trend (+0.3%)), UNI-USD(weak 3d trend (+0.1%)), XLM-USD(weak 3d trend (-2.8%)), XRP-USD(weak 3d trend (-0.4%)) | warming=3 | neutral=3 | no_data=3
2026-08-18 10:00:41 | WARNING  | trading_bot.broker.ibkr | IBKR Error 2152: Exchanges - Top: BYX; PEARL; AMEX; T24X; MEMX; OVERNIGHT; EDGEA; TXSE; CHX; IBEOS; NYSENAT; PSX; LTSE; ISE; DRCTEDGE; Unknown market data permissions - Depth: BATS; NASDAQ; ARCA; BEX; NYSE; IEX; 
2026-08-18 10:00:42 | WARNING  | trading_bot.broker.ibkr | IBKR Error 2152: Exchanges - Top: BYX; PEARL; AMEX; T24X; MEMX; OVERNIGHT; EDGEA; TXSE; CHX; IBEOS; NYSENAT; PSX; LTSE; ISE; DRCTEDGE; Unknown market data permissions - Depth: BATS; NASDAQ; ARCA; BEX; NYSE; IEX; 
2026-08-18 10:00:43 | INFO     | trading_bot.broker.ibkr | IBKR scanner [TOP_PERC_GAIN]: 49 results
2026-08-18 10:00:44 | INFO     | trading_bot.broker.ibkr | IBKR scanner [MOST_ACTIVE]: 30 results
2026-08-18 10:00:45 | INFO     | trading_bot.broker.ibkr | IBKR scanner [HOT_BY_VOLUME]: 30 results
2026-08-18 10:00:46 | INFO     | trading_bot.broker.ibkr | IBKR scanner [HIGH_OPEN_GAP]: 30 results
2026-08-18 10:00:47 | INFO     | trading_bot.broker.ibkr | IBKR scanner [TOP_PERC_LOSE]: 20 results
2026-08-18 10:00:47 | INFO     | trading_bot.engine   | IBKR scanner: 113 unique symbols discovered | 49 gainers, 5 gaps, 20 losers
2026-08-18 10:00:47 | INFO     | trading_bot.engine   | Injected 1 runners into all strategies
2026-08-18 10:00:47 | INFO     | trading_bot.engine   | SYMBOL PRUNE: removed 151 stale symbols across strategies
2026-08-18 10:00:47 | INFO     | trading_bot.engine   | UNIVERSE CAP: working set 90 symbols (trimmed 144 low-priority equity names; max 90)
2026-08-18 10:00:47 | INFO     | trading_bot.data.market_data | Pruned 9 stale IBKR streams — now 39/95
2026-08-18 10:00:48 | INFO     | trading_bot.broker.ibkr | Subscribed to 9 live market data streams
2026-08-18 10:00:48 | INFO     | trading_bot.data.market_data | IBKR streaming active for 48 symbols
2026-08-18 10:03:42 | WARNING  | trading_bot.engine   | SLOW CYCLE (180.0s total): update_data=174.5s, discover=5.5s
2026-08-18 10:03:45 | INFO     | trading_bot.engine   | CRYPTO FAST LANE HEARTBEAT (mean_reversion): universe=42 | WAIT[33]: ADA-USD(weak 3d trend (-2.2%)), ALGO-USD(weak 3d trend (-2.6%)), APT-USD(weak 3d trend (-2.4%)), ARB-USD(weak 3d trend (+0.5%)), ATOM-USD(weak 3d trend (-5.5%)), AVAX-USD(weak 3d trend (-3.4%)), BONK-USD(weak 3d trend (-2.5%)), CRV-USD(weak 3d trend (+0.0%)), DOGE-USD(weak 3d trend (-0.5%)), DOT-USD(weak 3d trend (-6.1%)), ETH-USD(weak 3d trend (+0.8%)), FET-USD(weak 3d trend (-7.9%)), FLOKI-USD(weak 3d trend (-3.5%)), GRT-USD(weak 3d trend (-5.1%)), HBAR-USD(weak 3d trend (+0.0%)), ICP-USD(weak 3d trend (-0.3%)), IMX-USD(weak 3d trend (-12.0%)), JUP-USD(weak 3d trend (+0.4%)), LINK-USD(weak 3d trend (-0.3%)), LTC-USD(weak 3d trend (+0.7%)), NEAR-USD(weak 3d trend (-1.2%)), OP-USD(weak 3d trend (-4.7%)), PEPE-USD(weak 3d trend (-3.4%)), RNDR-USD(weak 3d trend (-0.2%)), SEI-USD(weak 3d trend (-7.8%)), SHIB-USD(weak 3d trend (-2.6%)), SNX-USD(weak 3d trend (+0.0%)), SOL-USD(weak 3d trend (+0.7%)), SUI-USD(weak 3d trend (-4.7%)), TRX-USD(weak 3d trend (+0.3%)), UNI-USD(weak 3d trend (-0.9%)), XLM-USD(weak 3d trend (-2.8%)), XRP-USD(weak 3d trend (-0.5%)) | warming=3 | neutral=3 | no_data=3
2026-08-18 10:03:52 | INFO     | trading_bot.broker.ibkr | IBKR scanner [TOP_PERC_GAIN]: 50 results
2026-08-18 10:03:53 | INFO     | trading_bot.broker.ibkr | IBKR scanner [MOST_ACTIVE]: 30 results
2026-08-18 10:03:54 | INFO     | trading_bot.broker.ibkr | IBKR scanner [HOT_BY_VOLUME]: 30 results
2026-08-18 10:03:55 | INFO     | trading_bot.broker.ibkr | IBKR scanner [HIGH_OPEN_GAP]: 30 results
2026-08-18 10:03:56 | INFO     | trading_bot.broker.ibkr | IBKR scanner [TOP_PERC_LOSE]: 20 results
2026-08-18 10:03:56 | INFO     | trading_bot.engine   | IBKR scanner: 115 unique symbols discovered | 50 gainers, 5 gaps, 20 losers
2026-08-18 10:03:56 | INFO     | trading_bot.engine   | Injected 1 runners into all strategies
2026-08-18 10:03:56 | INFO     | trading_bot.engine   | SYMBOL PRUNE: removed 33 stale symbols across strategies
2026-08-18 10:03:56 | INFO     | trading_bot.engine   | UNIVERSE CAP: working set 90 symbols (trimmed 137 low-priority equity names; max 90)
2026-08-18 10:03:56 | INFO     | trading_bot.data.market_data | Pruned 2 stale IBKR streams — now 46/95
2026-08-18 10:03:56 | INFO     | trading_bot.broker.ibkr | Subscribed to 2 live market data streams
2026-08-18 10:03:56 | INFO     | trading_bot.data.market_data | IBKR streaming active for 48 symbols
2026-08-18 10:07:17 | INFO     | trading_bot.engine   | DATA COVERAGE: 77/90 symbols have bars, 90/90 have prices | IBKR blacklisted: 42
2026-08-18 10:08:24 | INFO     | trading_bot.strategy.daily_trend_rider | TREND RIDER: 1 candidates from 185 scanned — WETO
2026-08-18 10:08:24 | WARNING  | trading_bot.engine   | SLOW CYCLE (273.7s total): update_data=201.5s, run_strategies=66.8s, discover=5.3s
2026-08-18 10:08:27 | INFO     | trading_bot.engine   | CRYPTO FAST LANE HEARTBEAT (mean_reversion): universe=42 | WAIT[33]: ADA-USD(weak 3d trend (-2.2%)), ALGO-USD(weak 3d trend (-2.6%)), APT-USD(weak 3d trend (-2.4%)), ARB-USD(weak 3d trend (+0.5%)), ATOM-USD(weak 3d trend (-5.5%)), AVAX-USD(weak 3d trend (-3.4%)), BONK-USD(weak 3d trend (-2.5%)), CRV-USD(weak 3d trend (+0.0%)), DOGE-USD(weak 3d trend (-0.5%)), DOT-USD(weak 3d trend (-6.1%)), ETH-USD(weak 3d trend (+0.9%)), FET-USD(weak 3d trend (-7.9%)), FLOKI-USD(weak 3d trend (-3.5%)), GRT-USD(weak 3d trend (-5.1%)), HBAR-USD(weak 3d trend (+0.0%)), ICP-USD(weak 3d trend (-0.3%)), IMX-USD(weak 3d trend (-12.0%)), JUP-USD(weak 3d trend (+0.4%)), LINK-USD(weak 3d trend (-0.3%)), LTC-USD(weak 3d trend (+0.7%)), NEAR-USD(weak 3d trend (-1.2%)), OP-USD(weak 3d trend (-4.7%)), PEPE-USD(weak 3d trend (-3.4%)), RNDR-USD(weak 3d trend (-0.2%)), SEI-USD(weak 3d trend (-7.8%)), SHIB-USD(weak 3d trend (-2.6%)), SNX-USD(weak 3d trend (+0.0%)), SOL-USD(weak 3d trend (+0.9%)), SUI-USD(weak 3d trend (-4.7%)), TRX-USD(weak 3d trend (+0.3%)), UNI-USD(weak 3d trend (+0.3%)), XLM-USD(weak 3d trend (-2.8%)), XRP-USD(weak 3d trend (-0.3%)) | warming=3 | neutral=3 | no_data=3
2026-08-18 10:08:34 | INFO     | trading_bot.broker.ibkr | IBKR scanner [TOP_PERC_GAIN]: 50 results
2026-08-18 10:08:35 | INFO     | trading_bot.broker.ibkr | IBKR scanner [MOST_ACTIVE]: 30 results
2026-08-18 10:08:36 | INFO     | trading_bot.broker.ibkr | IBKR scanner [HOT_BY_VOLUME]: 30 results
2026-08-18 10:08:37 | INFO     | trading_bot.broker.ibkr | IBKR scanner [HIGH_OPEN_GAP]: 30 results
2026-08-18 10:08:38 | INFO     | trading_bot.broker.ibkr | IBKR scanner [TOP_PERC_LOSE]: 20 results
2026-08-18 10:08:38 | INFO     | trading_bot.engine   | IBKR scanner: 114 unique symbols discovered | 50 gainers, 5 gaps, 20 losers
2026-08-18 10:08:38 | INFO     | trading_bot.engine   | Injected 1 runners into all strategies
2026-08-18 10:08:38 | INFO     | trading_bot.engine   | SYMBOL PRUNE: removed 45 stale symbols across strategies
2026-08-18 10:08:38 | INFO     | trading_bot.engine   | UNIVERSE CAP: working set 90 symbols (trimmed 128 low-priority equity names; max 90)
2026-08-18 10:08:38 | INFO     | trading_bot.data.market_data | Pruned 4 stale IBKR streams — now 44/95
2026-08-18 10:08:39 | INFO     | trading_bot.broker.ibkr | Subscribed to 4 live market data streams
2026-08-18 10:08:39 | INFO     | trading_bot.data.market_data | IBKR streaming active for 48 symbols
2026-08-18 10:11:30 | WARNING  | trading_bot.engine   | SLOW CYCLE (176.2s total): update_data=171.5s
2026-08-18 10:11:33 | INFO     | trading_bot.engine   | CRYPTO FAST LANE HEARTBEAT (mean_reversion): universe=42 | WAIT[33]: ADA-USD(weak 3d trend (-2.0%)), ALGO-USD(weak 3d trend (-2.6%)), APT-USD(weak 3d trend (-2.4%)), ARB-USD(weak 3d trend (+0.5%)), ATOM-USD(weak 3d trend (-5.5%)), AVAX-USD(weak 3d trend (-3.4%)), BONK-USD(weak 3d trend (-2.5%)), CRV-USD(weak 3d trend (+0.0%)), DOGE-USD(weak 3d trend (-0.5%)), DOT-USD(weak 3d trend (-6.1%)), ETH-USD(weak 3d trend (+1.0%)), FET-USD(weak 3d trend (-7.9%)), FLOKI-USD(weak 3d trend (-2.7%)), GRT-USD(weak 3d trend (-5.1%)), HBAR-USD(weak 3d trend (+0.0%)), ICP-USD(weak 3d trend (-0.3%)), IMX-USD(weak 3d trend (-12.0%)), JUP-USD(weak 3d trend (+0.4%)), LINK-USD(weak 3d trend (-0.3%)), LTC-USD(weak 3d trend (+0.7%)), NEAR-USD(weak 3d trend (-1.2%)), OP-USD(weak 3d trend (-4.7%)), PEPE-USD(weak 3d trend (-3.4%)), RNDR-USD(weak 3d trend (-0.2%)), SEI-USD(weak 3d trend (-7.8%)), SHIB-USD(weak 3d trend (-2.6%)), SNX-USD(weak 3d trend (+0.0%)), SOL-USD(weak 3d trend (+1.0%)), SUI-USD(weak 3d trend (-4.7%)), TRX-USD(weak 3d trend (+0.3%)), UNI-USD(weak 3d trend (+0.4%)), XLM-USD(weak 3d trend (-2.8%)), XRP-USD(weak 3d trend (-0.2%)) | warming=3 | neutral=3 | no_data=3
2026-08-18 10:11:39 | INFO     | trading_bot.broker.ibkr | IBKR scanner [TOP_PERC_GAIN]: 50 results
2026-08-18 10:11:40 | INFO     | trading_bot.broker.ibkr | IBKR scanner [MOST_ACTIVE]: 30 results
2026-08-18 10:11:41 | INFO     | trading_bot.broker.ibkr | IBKR scanner [HOT_BY_VOLUME]: 30 results
2026-08-18 10:11:42 | INFO     | trading_bot.broker.ibkr | IBKR scanner [HIGH_OPEN_GAP]: 30 results
2026-08-18 10:11:43 | INFO     | trading_bot.broker.ibkr | IBKR scanner [TOP_PERC_LOSE]: 20 results
2026-08-18 10:11:43 | INFO     | trading_bot.engine   | IBKR scanner: 115 unique symbols discovered | 50 gainers, 5 gaps, 20 losers
2026-08-18 10:11:43 | INFO     | trading_bot.engine   | Injected 1 runners into all strategies
2026-08-18 10:11:43 | INFO     | trading_bot.engine   | SYMBOL PRUNE: removed 18 stale symbols across strategies
2026-08-18 10:11:43 | INFO     | trading_bot.engine   | UNIVERSE CAP: working set 90 symbols (trimmed 129 low-priority equity names; max 90)
2026-08-18 10:11:43 | INFO     | trading_bot.data.market_data | Pruned 2 stale IBKR streams — now 46/95
2026-08-18 10:11:44 | INFO     | trading_bot.broker.ibkr | Subscribed to 2 live market data streams
2026-08-18 10:11:44 | INFO     | trading_bot.data.market_data | IBKR streaming active for 48 symbols
2026-08-18 10:14:36 | WARNING  | trading_bot.engine   | SLOW CYCLE (176.9s total): update_data=172.2s
2026-08-18 10:14:39 | INFO     | trading_bot.engine   | CRYPTO FAST LANE HEARTBEAT (mean_reversion): universe=42 | WAIT[33]: ADA-USD(weak 3d trend (-2.8%)), ALGO-USD(weak 3d trend (-2.6%)), APT-USD(weak 3d trend (-2.4%)), ARB-USD(weak 3d trend (+0.5%)), ATOM-USD(weak 3d trend (-5.5%)), AVAX-USD(weak 3d trend (-3.7%)), BONK-USD(weak 3d trend (-2.5%)), CRV-USD(weak 3d trend (+0.0%)), DOGE-USD(weak 3d trend (-0.4%)), DOT-USD(weak 3d trend (-6.1%)), ETH-USD(weak 3d trend (+0.9%)), FET-USD(weak 3d trend (-7.6%)), FLOKI-USD(weak 3d trend (-2.7%)), GRT-USD(weak 3d trend (-5.1%)), HBAR-USD(weak 3d trend (+0.0%)), ICP-USD(weak 3d trend (-0.3%)), IMX-USD(weak 3d trend (-12.0%)), JUP-USD(weak 3d trend (+0.4%)), LINK-USD(weak 3d trend (-1.0%)), LTC-USD(weak 3d trend (+0.7%)), NEAR-USD(weak 3d trend (-1.2%)), OP-USD(weak 3d trend (-4.7%)), PEPE-USD(weak 3d trend (-3.4%)), RNDR-USD(weak 3d trend (-0.2%)), SEI-USD(weak 3d trend (-7.8%)), SHIB-USD(weak 3d trend (-2.6%)), SNX-USD(weak 3d trend (+0.0%)), SOL-USD(weak 3d trend (+0.9%)), SUI-USD(weak 3d trend (-4.7%)), TRX-USD(weak 3d trend (+0.4%)), UNI-USD(weak 3d trend (+0.2%)), XLM-USD(weak 3d trend (-2.8%)), XRP-USD(weak 3d trend (-0.2%)) | warming=3 | neutral=3 | no_data=3
2026-08-18 10:14:46 | INFO     | trading_bot.broker.ibkr | IBKR scanner [TOP_PERC_GAIN]: 50 results
2026-08-18 10:14:47 | INFO     | trading_bot.broker.ibkr | IBKR scanner [MOST_ACTIVE]: 30 results
2026-08-18 10:14:48 | INFO     | trading_bot.broker.ibkr | IBKR scanner [HOT_BY_VOLUME]: 30 results
2026-08-18 10:14:49 | INFO     | trading_bot.broker.ibkr | IBKR scanner [HIGH_OPEN_GAP]: 30 results
2026-08-18 10:14:49 | INFO     | trading_bot.broker.ibkr | IBKR scanner [TOP_PERC_LOSE]: 20 results
2026-08-18 10:14:49 | INFO     | trading_bot.engine   | IBKR scanner: 114 unique symbols discovered | 50 gainers, 6 gaps, 20 losers
2026-08-18 10:14:49 | INFO     | trading_bot.engine   | Injected 1 runners into all strategies
2026-08-18 10:14:49 | INFO     | trading_bot.engine   | SYMBOL PRUNE: removed 15 stale symbols across strategies
2026-08-18 10:14:49 | INFO     | trading_bot.engine   | UNIVERSE CAP: working set 90 symbols (trimmed 125 low-priority equity names; max 90)
2026-08-18 10:14:49 | INFO     | trading_bot.data.market_data | Pruned 4 stale IBKR streams — now 44/95
2026-08-18 10:14:50 | INFO     | trading_bot.broker.ibkr | Subscribed to 4 live market data streams
2026-08-18 10:14:50 | INFO     | trading_bot.data.market_data | IBKR streaming active for 48 symbols
2026-08-18 10:17:42 | WARNING  | trading_bot.engine   | SLOW CYCLE (177.0s total): update_data=172.2s
2026-08-18 10:17:42 | INFO     | trading_bot.engine   | CYCLE #187: regime=sideways | signals=0->approved=0 | positions=0/15 | bars_warm=181/181 | equity_open=True | pm=False pwr_hr=False
2026-08-18 10:17:45 | INFO     | trading_bot.engine   | CRYPTO FAST LANE HEARTBEAT (mean_reversion): universe=42 | WAIT[33]: ADA-USD(weak 3d trend (-2.8%)), ALGO-USD(weak 3d trend (-2.6%)), APT-USD(weak 3d trend (-2.4%)), ARB-USD(weak 3d trend (+0.5%)), ATOM-USD(weak 3d trend (-4.2%)), AVAX-USD(weak 3d trend (-3.7%)), BONK-USD(weak 3d trend (-2.5%)), CRV-USD(weak 3d trend (+0.0%)), DOGE-USD(weak 3d trend (-0.4%)), DOT-USD(weak 3d trend (-6.1%)), ETH-USD(weak 3d trend (+0.8%)), FET-USD(weak 3d trend (-7.6%)), FLOKI-USD(weak 3d trend (-2.7%)), GRT-USD(weak 3d trend (-5.1%)), HBAR-USD(weak 3d trend (+0.0%)), ICP-USD(weak 3d trend (-0.3%)), IMX-USD(weak 3d trend (-12.0%)), JUP-USD(weak 3d trend (+0.4%)), LINK-USD(weak 3d trend (-0.7%)), LTC-USD(weak 3d trend (+0.7%)), NEAR-USD(weak 3d trend (-1.2%)), OP-USD(weak 3d trend (-4.7%)), PEPE-USD(weak 3d trend (-3.4%)), RNDR-USD(weak 3d trend (-0.2%)), SEI-USD(weak 3d trend (-7.8%)), SHIB-USD(weak 3d trend (-3.1%)), SNX-USD(weak 3d trend (+0.0%)), SOL-USD(weak 3d trend (+0.8%)), SUI-USD(weak 3d trend (-4.7%)), TRX-USD(weak 3d trend (+0.4%)), UNI-USD(weak 3d trend (+0.0%)), XLM-USD(weak 3d trend (-2.8%)), XRP-USD(weak 3d trend (-0.4%)) | warming=3 | neutral=3 | no_data=3
2026-08-18 10:17:52 | INFO     | trading_bot.broker.ibkr | IBKR scanner [TOP_PERC_GAIN]: 50 results
2026-08-18 10:17:53 | INFO     | trading_bot.broker.ibkr | IBKR scanner [MOST_ACTIVE]: 30 results
2026-08-18 10:17:54 | INFO     | trading_bot.broker.ibkr | IBKR scanner [HOT_BY_VOLUME]: 30 results
2026-08-18 10:17:55 | INFO     | trading_bot.broker.ibkr | IBKR scanner [HIGH_OPEN_GAP]: 30 results
2026-08-18 10:17:56 | INFO     | trading_bot.broker.ibkr | IBKR scanner [TOP_PERC_LOSE]: 20 results
2026-08-18 10:17:56 | INFO     | trading_bot.engine   | IBKR scanner: 113 unique symbols discovered | 50 gainers, 6 gaps, 20 losers
2026-08-18 10:17:56 | INFO     | trading_bot.engine   | Injected 1 runners into all strategies
2026-08-18 10:17:56 | INFO     | trading_bot.engine   | SYMBOL PRUNE: removed 12 stale symbols across strategies
2026-08-18 10:17:56 | INFO     | trading_bot.engine   | UNIVERSE CAP: working set 90 symbols (trimmed 123 low-priority equity names; max 90)
2026-08-18 10:17:56 | INFO     | trading_bot.data.market_data | Pruned 3 stale IBKR streams — now 45/95
2026-08-18 10:17:57 | INFO     | trading_bot.broker.ibkr | Subscribed to 3 live market data streams
2026-08-18 10:17:57 | INFO     | trading_bot.data.market_data | IBKR streaming active for 48 symbols
2026-08-18 10:20:44 | INFO     | trading_bot.signals.politician_tracker | Checking for new politician trade disclosures...
2026-08-18 10:21:06 | WARNING  | trading_bot.engine   | SLOW CYCLE (194.8s total): update_data=189.2s, discover=5.5s
2026-08-18 10:21:09 | INFO     | trading_bot.engine   | CRYPTO FAST LANE HEARTBEAT (mean_reversion): universe=42 | WAIT[33]: ADA-USD(weak 3d trend (-2.7%)), ALGO-USD(weak 3d trend (-2.6%)), APT-USD(weak 3d trend (-2.4%)), ARB-USD(weak 3d trend (+0.5%)), ATOM-USD(weak 3d trend (-4.2%)), AVAX-USD(weak 3d trend (-3.7%)), BONK-USD(weak 3d trend (-2.5%)), CRV-USD(weak 3d trend (+0.0%)), DOGE-USD(weak 3d trend (-0.2%)), DOT-USD(weak 3d trend (-6.1%)), ETH-USD(weak 3d trend (+0.9%)), FET-USD(weak 3d trend (-7.5%)), FLOKI-USD(weak 3d trend (-2.7%)), GRT-USD(weak 3d trend (-5.1%)), HBAR-USD(weak 3d trend (+0.0%)), ICP-USD(weak 3d trend (-0.3%)), IMX-USD(weak 3d trend (-12.0%)), JUP-USD(weak 3d trend (+0.4%)), LINK-USD(weak 3d trend (-0.7%)), LTC-USD(weak 3d trend (+0.7%)), NEAR-USD(weak 3d trend (-1.2%)), OP-USD(weak 3d trend (-4.7%)), PEPE-USD(weak 3d trend (-3.4%)), RNDR-USD(weak 3d trend (-0.2%)), SEI-USD(weak 3d trend (-7.8%)), SHIB-USD(weak 3d trend (-3.1%)), SNX-USD(weak 3d trend (+0.0%)), SOL-USD(weak 3d trend (+0.9%)), SUI-USD(weak 3d trend (-4.7%)), TRX-USD(weak 3d trend (+0.5%)), UNI-USD(weak 3d trend (+0.1%)), XLM-USD(weak 3d trend (-2.8%)), XRP-USD(weak 3d trend (-0.3%)) | warming=3 | neutral=3 | no_data=3
2026-08-18 10:21:16 | INFO     | trading_bot.broker.ibkr | IBKR scanner [TOP_PERC_GAIN]: 50 results
2026-08-18 10:21:17 | INFO     | trading_bot.broker.ibkr | IBKR scanner [MOST_ACTIVE]: 30 results
2026-08-18 10:21:18 | INFO     | trading_bot.broker.ibkr | IBKR scanner [HOT_BY_VOLUME]: 30 results
2026-08-18 10:21:19 | INFO     | trading_bot.broker.ibkr | IBKR scanner [HIGH_OPEN_GAP]: 30 results
2026-08-18 10:21:20 | INFO     | trading_bot.broker.ibkr | IBKR scanner [TOP_PERC_LOSE]: 20 results
2026-08-18 10:21:20 | INFO     | trading_bot.engine   | IBKR scanner: 112 unique symbols discovered | 50 gainers, 5 gaps, 20 losers
2026-08-18 10:21:20 | INFO     | trading_bot.engine   | Injected 1 runners into all strategies
2026-08-18 10:21:20 | INFO     | trading_bot.engine   | SYMBOL PRUNE: removed 18 stale symbols across strategies
2026-08-18 10:21:20 | INFO     | trading_bot.engine   | UNIVERSE CAP: working set 90 symbols (trimmed 120 low-priority equity names; max 90)
2026-08-18 10:21:20 | INFO     | trading_bot.data.market_data | Pruned 3 stale IBKR streams — now 45/95
2026-08-18 10:21:21 | INFO     | trading_bot.broker.ibkr | Subscribed to 3 live market data streams
2026-08-18 10:21:21 | INFO     | trading_bot.data.market_data | IBKR streaming active for 48 symbols
2026-08-18 10:24:33 | INFO     | trading_bot.engine   | DATA COVERAGE: 75/90 symbols have bars, 90/90 have prices | IBKR blacklisted: 42
2026-08-18 10:24:33 | WARNING  | trading_bot.engine   | SLOW CYCLE (198.1s total): update_data=192.3s, discover=5.6s
2026-08-18 10:24:36 | INFO     | trading_bot.engine   | CRYPTO FAST LANE HEARTBEAT (mean_reversion): universe=42 | WAIT[31]: ADA-USD(weak 3d trend (-2.6%)), ALGO-USD(weak 3d trend (-2.6%)), APT-USD(weak 3d trend (-2.4%)), ARB-USD(weak 3d trend (+0.5%)), ATOM-USD(weak 3d trend (-5.0%)), AVAX-USD(weak 3d trend (-3.2%)), BONK-USD(weak 3d trend (-2.5%)), CRV-USD(weak 3d trend (+0.0%)), DOGE-USD(weak 3d trend (-0.2%)), DOT-USD(weak 3d trend (-6.1%)), FET-USD(weak 3d trend (-7.5%)), FLOKI-USD(weak 3d trend (-2.7%)), GRT-USD(weak 3d trend (-5.1%)), HBAR-USD(weak 3d trend (+0.0%)), ICP-USD(weak 3d trend (-0.3%)), IMX-USD(weak 3d trend (-12.0%)), JUP-USD(weak 3d trend (+0.4%)), LINK-USD(weak 3d trend (-0.7%)), LTC-USD(weak 3d trend (+0.7%)), NEAR-USD(weak 3d trend (-1.2%)), OP-USD(weak 3d trend (-4.7%)), PEPE-USD(weak 3d trend (-3.4%)), RNDR-USD(weak 3d trend (-0.2%)), SEI-USD(weak 3d trend (-7.8%)), SHIB-USD(weak 3d trend (-3.1%)), SNX-USD(weak 3d trend (+0.0%)), SUI-USD(weak 3d trend (-4.7%)), TRX-USD(weak 3d trend (+0.5%)), UNI-USD(weak 3d trend (+0.4%)), XLM-USD(weak 3d trend (-2.8%)), XRP-USD(weak 3d trend (-0.0%)) | warming=3 | neutral=5 | no_data=3
2026-08-18 10:24:43 | INFO     | trading_bot.broker.ibkr | IBKR scanner [TOP_PERC_GAIN]: 50 results
2026-08-18 10:24:43 | INFO     | trading_bot.broker.ibkr | IBKR scanner [MOST_ACTIVE]: 30 results
2026-08-18 10:24:45 | INFO     | trading_bot.broker.ibkr | IBKR scanner [HOT_BY_VOLUME]: 30 results
2026-08-18 10:24:46 | INFO     | trading_bot.broker.ibkr | IBKR scanner [HIGH_OPEN_GAP]: 30 results
2026-08-18 10:24:47 | INFO     | trading_bot.broker.ibkr | IBKR scanner [TOP_PERC_LOSE]: 20 results
2026-08-18 10:24:47 | INFO     | trading_bot.engine   | IBKR scanner: 112 unique symbols discovered | 50 gainers, 5 gaps, 20 losers
2026-08-18 10:24:47 | INFO     | trading_bot.engine   | Injected 1 runners into all strategies
2026-08-18 10:24:47 | INFO     | trading_bot.engine   | SYMBOL PRUNE: removed 15 stale symbols across strategies
2026-08-18 10:24:47 | INFO     | trading_bot.engine   | UNIVERSE CAP: working set 90 symbols (trimmed 115 low-priority equity names; max 90)
2026-08-18 10:24:47 | INFO     | trading_bot.data.market_data | Pruned 1 stale IBKR streams — now 47/95
2026-08-18 10:24:47 | INFO     | trading_bot.broker.ibkr | Subscribed to 1 live market data streams
2026-08-18 10:24:47 | INFO     | trading_bot.data.market_data | IBKR streaming active for 48 symbols
2026-08-18 10:27:39 | WARNING  | trading_bot.engine   | SLOW CYCLE (176.7s total): update_data=171.6s, discover=5.1s
2026-08-18 10:27:42 | INFO     | trading_bot.engine   | CRYPTO FAST LANE HEARTBEAT (mean_reversion): universe=42 | WAIT[31]: ADA-USD(weak 3d trend (-2.5%)), ALGO-USD(weak 3d trend (-2.6%)), APT-USD(weak 3d trend (-2.4%)), ARB-USD(weak 3d trend (+0.5%)), ATOM-USD(weak 3d trend (-5.0%)), AVAX-USD(weak 3d trend (-3.2%)), BONK-USD(weak 3d trend (-2.5%)), CRV-USD(weak 3d trend (+0.0%)), DOGE-USD(weak 3d trend (+0.1%)), DOT-USD(weak 3d trend (-6.1%)), FET-USD(weak 3d trend (-7.5%)), FLOKI-USD(weak 3d trend (-2.7%)), GRT-USD(weak 3d trend (-5.1%)), HBAR-USD(weak 3d trend (+0.0%)), ICP-USD(weak 3d trend (-0.3%)), IMX-USD(weak 3d trend (-12.0%)), JUP-USD(weak 3d trend (+0.4%)), LINK-USD(weak 3d trend (-0.7%)), LTC-USD(weak 3d trend (+0.7%)), NEAR-USD(weak 3d trend (-1.2%)), OP-USD(weak 3d trend (-4.7%)), PEPE-USD(weak 3d trend (-3.0%)), RNDR-USD(weak 3d trend (-0.2%)), SEI-USD(weak 3d trend (-7.8%)), SHIB-USD(weak 3d trend (-3.1%)), SNX-USD(weak 3d trend (+0.0%)), SUI-USD(weak 3d trend (-4.0%)), TRX-USD(weak 3d trend (+0.5%)), UNI-USD(weak 3d trend (+0.6%)), XLM-USD(weak 3d trend (-2.8%)), XRP-USD(weak 3d trend (+0.1%)) | warming=2 | neutral=6 | no_data=3
2026-08-18 10:27:48 | INFO     | trading_bot.broker.ibkr | IBKR scanner [TOP_PERC_GAIN]: 50 results
2026-08-18 10:27:49 | INFO     | trading_bot.broker.ibkr | IBKR scanner [MOST_ACTIVE]: 30 results
2026-08-18 10:27:50 | INFO     | trading_bot.broker.ibkr | IBKR scanner [HOT_BY_VOLUME]: 30 results
2026-08-18 10:27:51 | INFO     | trading_bot.broker.ibkr | IBKR scanner [HIGH_OPEN_GAP]: 30 results
2026-08-18 10:27:52 | INFO     | trading_bot.broker.ibkr | IBKR scanner [TOP_PERC_LOSE]: 20 results
2026-08-18 10:27:52 | INFO     | trading_bot.engine   | IBKR scanner: 114 unique symbols discovered | 50 gainers, 5 gaps, 20 losers
2026-08-18 10:27:52 | INFO     | trading_bot.engine   | Injected 1 runners into all strategies
2026-08-18 10:27:52 | INFO     | trading_bot.engine   | SYMBOL PRUNE: removed 12 stale symbols across strategies
2026-08-18 10:27:52 | INFO     | trading_bot.engine   | UNIVERSE CAP: working set 90 symbols (trimmed 116 low-priority equity names; max 90)
2026-08-18 10:27:52 | INFO     | trading_bot.data.market_data | Pruned 2 stale IBKR streams — now 46/95
2026-08-18 10:27:53 | INFO     | trading_bot.broker.ibkr | Subscribed to 2 live market data streams
2026-08-18 10:27:53 | INFO     | trading_bot.data.market_data | IBKR streaming active for 48 symbols
2026-08-18 10:30:51 | WARNING  | trading_bot.engine   | SLOW CYCLE (182.9s total): update_data=178.2s
2026-08-18 10:30:54 | INFO     | trading_bot.engine   | CRYPTO FAST LANE HEARTBEAT (mean_reversion): universe=42 | WAIT[30]: ADA-USD(weak 3d trend (-1.8%)), ALGO-USD(weak 3d trend (-2.6%)), APT-USD(weak 3d trend (-2.4%)), ARB-USD(weak 3d trend (+0.5%)), ATOM-USD(weak 3d trend (-5.0%)), AVAX-USD(weak 3d trend (-2.8%)), BONK-USD(weak 3d trend (-2.5%)), CRV-USD(weak 3d trend (+0.0%)), DOGE-USD(weak 3d trend (+0.4%)), DOT-USD(weak 3d trend (-4.7%)), FET-USD(weak 3d trend (-6.9%)), FLOKI-USD(weak 3d trend (-2.7%)), GRT-USD(weak 3d trend (-5.1%)), HBAR-USD(weak 3d trend (+0.7%)), ICP-USD(weak 3d trend (-0.3%)), IMX-USD(weak 3d trend (-12.0%)), JUP-USD(weak 3d trend (+0.4%)), LINK-USD(weak 3d trend (-0.2%)), NEAR-USD(weak 3d trend (-1.2%)), OP-USD(weak 3d trend (-4.7%)), PEPE-USD(weak 3d trend (-3.0%)), RNDR-USD(weak 3d trend (-0.2%)), SEI-USD(weak 3d trend (-7.8%)), SHIB-USD(weak 3d trend (-3.1%)), SNX-USD(weak 3d trend (+0.0%)), SUI-USD(weak 3d trend (-3.5%)), TRX-USD(weak 3d trend (+0.8%)), UNI-USD(weak 3d trend (+0.9%)), XLM-USD(weak 3d trend (-2.4%)), XRP-USD(weak 3d trend (+0.2%)) | warming=2 | neutral=7 | no_data=3
2026-08-18 10:31:00 | INFO     | trading_bot.broker.ibkr | IBKR scanner [TOP_PERC_GAIN]: 50 results
2026-08-18 10:31:02 | INFO     | trading_bot.broker.ibkr | IBKR scanner [MOST_ACTIVE]: 30 results
2026-08-18 10:31:02 | INFO     | trading_bot.broker.ibkr | IBKR scanner [HOT_BY_VOLUME]: 30 results
2026-08-18 10:31:03 | INFO     | trading_bot.broker.ibkr | IBKR scanner [HIGH_OPEN_GAP]: 30 results
2026-08-18 10:31:04 | INFO     | trading_bot.broker.ibkr | IBKR scanner [TOP_PERC_LOSE]: 20 results
2026-08-18 10:31:04 | INFO     | trading_bot.engine   | IBKR scanner: 114 unique symbols discovered | 50 gainers, 5 gaps, 20 losers
2026-08-18 10:31:05 | INFO     | trading_bot.engine   | Injected 1 runners into all strategies
2026-08-18 10:31:05 | INFO     | trading_bot.engine   | SYMBOL PRUNE: removed 3 stale symbols across strategies
2026-08-18 10:31:05 | INFO     | trading_bot.engine   | UNIVERSE CAP: working set 90 symbols (trimmed 119 low-priority equity names; max 90)
2026-08-18 10:31:05 | INFO     | trading_bot.data.market_data | Pruned 2 stale IBKR streams — now 46/95
2026-08-18 10:31:05 | INFO     | trading_bot.broker.ibkr | Subscribed to 2 live market data streams
2026-08-18 10:31:05 | INFO     | trading_bot.data.market_data | IBKR streaming active for 48 symbols
2026-08-18 10:34:15 | INFO     | trading_bot.strategy.momentum | SIGNAL: Momentum BUY: pullback entry, ADX=52, higher lows, Vol=5.0x | SXTC @ $4.77
2026-08-18 10:34:15 | INFO     | trading_bot.engine   | SIGNALS GENERATED: 1 signals from strategies
2026-08-18 10:34:15 | INFO     | trading_bot.engine   |   -> momentum: buy SXTC @ $4.77 conf=0.85
2026-08-18 10:34:15 | INFO     | trading_bot.risk.manager | APPROVED: buy SXTC | Momentum BUY: pullback entry, ADX=52, higher lows, Vol=5.0x
2026-08-18 10:34:15 | INFO     | trading_bot.notifications | [ALERT] Scanner Cycle: 📡 **[SCANNER]** Scanning 608 symbols
Market: 🟡 SIDEWAYS 
Signals found: 1
  ✅ SXTC: score 85/100 — Momentum BUY: pullback entry, ADX=52, higher lows, Vol=5.0x
Approved: 1 trades
2026-08-18 10:34:15 | WARNING  | trading_bot.engine   | SLOW CYCLE (195.3s total): update_data=189.9s
2026-08-18 10:34:17 | INFO     | trading_bot.engine   | QUALITY GATE SKIP: SXTC — wide spread 6.5% (>3% for $4.77)
2026-08-18 10:34:20 | INFO     | trading_bot.engine   | CRYPTO FAST LANE HEARTBEAT (mean_reversion): universe=42 | WAIT[29]: ADA-USD(weak 3d trend (-1.4%)), ALGO-USD(weak 3d trend (-2.6%)), APT-USD(weak 3d trend (-2.4%)), ARB-USD(weak 3d trend (+0.5%)), ATOM-USD(weak 3d trend (-5.0%)), AVAX-USD(weak 3d trend (-2.7%)), BONK-USD(weak 3d trend (-2.5%)), CRV-USD(weak 3d trend (+0.0%)), DOGE-USD(weak 3d trend (+0.4%)), DOT-USD(weak 3d trend (-4.7%)), FET-USD(weak 3d trend (-6.4%)), FLOKI-USD(weak 3d trend (-2.7%)), GRT-USD(weak 3d trend (-5.1%)), HBAR-USD(weak 3d trend (+0.8%)), ICP-USD(weak 3d trend (-0.3%)), IMX-USD(weak 3d trend (-12.0%)), JUP-USD(weak 3d trend (+0.4%)), LINK-USD(weak 3d trend (+0.2%)), NEAR-USD(weak 3d trend (+0.5%)), OP-USD(weak 3d trend (-4.7%)), PEPE-USD(weak 3d trend (-2.3%)), RNDR-USD(weak 3d trend (-0.2%)), SEI-USD(weak 3d trend (-7.8%)), SHIB-USD(weak 3d trend (-3.1%)), SNX-USD(weak 3d trend (+0.0%)), SUI-USD(weak 3d trend (-3.4%)), TRX-USD(weak 3d trend (+0.8%)), XLM-USD(weak 3d trend (-2.4%)), XRP-USD(weak 3d trend (+0.4%)) | warming=2 | neutral=8 | no_data=3
2026-08-18 10:34:25 | WARNING  | trading_bot.broker.ibkr | IBKR Error 2152: Exchanges - Depth: IEX; Top: TXSE; AMEX; CHX; NYSENAT; PSX; T24X; EDGEA; LTSE; Need additional market data permissions - Depth: NASDAQ; ARCA; BEX; Unknown market data permissions - Depth: BATS; NYSE; Top: BYX; PEARL; IBEOS; MEMX; OVERNIGHT; ISE; DRCTEDGE; 
2026-08-18 10:34:26 | WARNING  | trading_bot.broker.ibkr | IBKR Error 2152: Exchanges - Top: BYX; AMEX; PEARL; T24X; MEMX; OVERNIGHT; EDGEA; TXSE; CHX; IBEOS; NYSENAT; PSX; LTSE; ISE; DRCTEDGE; Need additional market data permissions - Depth: BATS; NYSE; Unknown market data permissions - Depth: NASDAQ; ARCA; BEX; IEX; 
2026-08-18 10:34:27 | WARNING  | trading_bot.broker.ibkr | IBKR Error 2152: Exchanges - Top: BYX; AMEX; PEARL; T24X; MEMX; OVERNIGHT; EDGEA; TXSE; CHX; IBEOS; NYSENAT; PSX; LTSE; ISE; DRCTEDGE; Need additional market data permissions - Depth: BATS; NYSE; Unknown market data permissions - Depth: NASDAQ; ARCA; BEX; IEX; 
2026-08-18 10:34:28 | INFO     | trading_bot.broker.ibkr | IBKR scanner [TOP_PERC_GAIN]: 50 results
2026-08-18 10:34:29 | INFO     | trading_bot.broker.ibkr | IBKR scanner [MOST_ACTIVE]: 30 results
2026-08-18 10:34:29 | INFO     | trading_bot.broker.ibkr | IBKR scanner [HOT_BY_VOLUME]: 30 results
2026-08-18 10:34:31 | INFO     | trading_bot.broker.ibkr | IBKR scanner [HIGH_OPEN_GAP]: 30 results
2026-08-18 10:34:31 | INFO     | trading_bot.broker.ibkr | IBKR scanner [TOP_PERC_LOSE]: 20 results
2026-08-18 10:34:31 | INFO     | trading_bot.engine   | IBKR scanner: 113 unique symbols discovered | 50 gainers, 5 gaps, 20 losers
2026-08-18 10:34:32 | INFO     | trading_bot.engine   | Injected 1 runners into all strategies
2026-08-18 10:34:32 | INFO     | trading_bot.engine   | SYMBOL PRUNE: removed 27 stale symbols across strategies
2026-08-18 10:34:32 | INFO     | trading_bot.engine   | UNIVERSE CAP: working set 90 symbols (trimmed 116 low-priority equity names; max 90)
2026-08-18 10:34:32 | INFO     | trading_bot.data.market_data | Pruned 4 stale IBKR streams — now 44/95
2026-08-18 10:34:32 | INFO     | trading_bot.broker.ibkr | Subscribed to 4 live market data streams
2026-08-18 10:34:32 | INFO     | trading_bot.data.market_data | IBKR streaming active for 48 symbols
2026-08-18 10:37:44 | WARNING  | trading_bot.engine   | SLOW CYCLE (197.9s total): update_data=192.8s
2026-08-18 10:37:44 | INFO     | trading_bot.engine   | CYCLE #193: regime=sideways | signals=0->approved=0 | positions=0/15 | bars_warm=185/185 | equity_open=True | pm=False pwr_hr=False
2026-08-18 10:37:47 | INFO     | trading_bot.engine   | CRYPTO FAST LANE HEARTBEAT (mean_reversion): universe=42 | WAIT[29]: ADA-USD(weak 3d trend (-1.2%)), ALGO-USD(weak 3d trend (-2.6%)), APT-USD(weak 3d trend (-2.4%)), ARB-USD(weak 3d trend (+0.5%)), ATOM-USD(weak 3d trend (-5.0%)), AVAX-USD(weak 3d trend (-2.7%)), BONK-USD(weak 3d trend (-2.5%)), CRV-USD(weak 3d trend (+0.0%)), DOGE-USD(weak 3d trend (+0.4%)), DOT-USD(weak 3d trend (-4.7%)), FET-USD(weak 3d trend (-6.4%)), FLOKI-USD(weak 3d trend (-2.7%)), GRT-USD(weak 3d trend (-5.1%)), HBAR-USD(weak 3d trend (+0.8%)), ICP-USD(weak 3d trend (-0.3%)), IMX-USD(weak 3d trend (-12.0%)), JUP-USD(weak 3d trend (+0.4%)), LINK-USD(weak 3d trend (+0.2%)), NEAR-USD(weak 3d trend (+0.5%)), OP-USD(weak 3d trend (-4.7%)), PEPE-USD(weak 3d trend (-2.3%)), RNDR-USD(weak 3d trend (-0.2%)), SEI-USD(weak 3d trend (-7.8%)), SHIB-USD(weak 3d trend (-3.1%)), SNX-USD(weak 3d trend (+0.0%)), SUI-USD(weak 3d trend (-3.4%)), TRX-USD(weak 3d trend (+0.8%)), XLM-USD(weak 3d trend (-2.4%)), XRP-USD(weak 3d trend (+0.2%)) | warming=2 | neutral=8 | no_data=3
2026-08-18 10:37:54 | INFO     | trading_bot.broker.ibkr | IBKR scanner [TOP_PERC_GAIN]: 50 results
2026-08-18 10:37:55 | INFO     | trading_bot.broker.ibkr | IBKR scanner [MOST_ACTIVE]: 30 results
2026-08-18 10:37:56 | INFO     | trading_bot.broker.ibkr | IBKR scanner [HOT_BY_VOLUME]: 30 results
2026-08-18 10:37:57 | INFO     | trading_bot.broker.ibkr | IBKR scanner [HIGH_OPEN_GAP]: 30 results
2026-08-18 10:37:58 | INFO     | trading_bot.broker.ibkr | IBKR scanner [TOP_PERC_LOSE]: 20 results
2026-08-18 10:37:58 | INFO     | trading_bot.engine   | IBKR scanner: 113 unique symbols discovered | 50 gainers, 5 gaps, 20 losers
2026-08-18 10:37:58 | INFO     | trading_bot.engine   | Injected 1 runners into all strategies
2026-08-18 10:37:58 | INFO     | trading_bot.engine   | UNIVERSE CAP: working set 90 symbols (trimmed 119 low-priority equity names; max 90)
2026-08-18 10:37:58 | INFO     | trading_bot.data.market_data | Pruned 2 stale IBKR streams — now 46/95
2026-08-18 10:37:59 | INFO     | trading_bot.broker.ibkr | Subscribed to 2 live market data streams
2026-08-18 10:37:59 | INFO     | trading_bot.data.market_data | IBKR streaming active for 48 symbols
2026-08-18 10:40:50 | INFO     | trading_bot.engine   | DATA COVERAGE: 75/90 symbols have bars, 90/90 have prices | IBKR blacklisted: 42
2026-08-18 10:40:50 | WARNING  | trading_bot.engine   | SLOW CYCLE (176.7s total): update_data=171.7s
2026-08-18 10:40:53 | INFO     | trading_bot.engine   | CRYPTO FAST LANE HEARTBEAT (mean_reversion): universe=42 | WAIT[31]: ADA-USD(weak 3d trend (-1.2%)), ALGO-USD(weak 3d trend (-2.6%)), APT-USD(weak 3d trend (-2.4%)), ARB-USD(weak 3d trend (+0.5%)), ATOM-USD(weak 3d trend (-5.0%)), AVAX-USD(weak 3d trend (-2.7%)), BONK-USD(weak 3d trend (-2.5%)), CRV-USD(weak 3d trend (+0.0%)), DOGE-USD(weak 3d trend (+0.4%)), DOT-USD(weak 3d trend (-4.6%)), FET-USD(weak 3d trend (-6.4%)), FLOKI-USD(weak 3d trend (-2.7%)), GRT-USD(weak 3d trend (-5.1%)), HBAR-USD(weak 3d trend (+0.7%)), ICP-USD(weak 3d trend (-0.3%)), IMX-USD(weak 3d trend (-12.0%)), JUP-USD(weak 3d trend (+0.4%)), LINK-USD(weak 3d trend (+0.2%)), NEAR-USD(weak 3d trend (+0.5%)), OP-USD(weak 3d trend (-4.7%)), PEPE-USD(weak 3d trend (-2.3%)), RNDR-USD(weak 3d trend (-0.2%)), SEI-USD(weak 3d trend (-7.8%)), SHIB-USD(weak 3d trend (-3.1%)), SNX-USD(weak 3d trend (+0.0%)), SUI-USD(weak 3d trend (-3.4%)), TON-USD(weak 3d trend (-5.1%)), TRX-USD(weak 3d trend (+0.8%)), UNI-USD(weak 3d trend (+0.8%)), XLM-USD(weak 3d trend (-2.4%)), XRP-USD(weak 3d trend (+0.2%)) | warming=2 | neutral=7 | no_data=2
2026-08-18 10:41:00 | INFO     | trading_bot.broker.ibkr | IBKR scanner [TOP_PERC_GAIN]: 50 results
2026-08-18 10:41:01 | INFO     | trading_bot.broker.ibkr | IBKR scanner [MOST_ACTIVE]: 30 results
2026-08-18 10:41:02 | INFO     | trading_bot.broker.ibkr | IBKR scanner [HOT_BY_VOLUME]: 30 results
2026-08-18 10:41:03 | INFO     | trading_bot.broker.ibkr | IBKR scanner [HIGH_OPEN_GAP]: 30 results
2026-08-18 10:41:04 | INFO     | trading_bot.broker.ibkr | IBKR scanner [TOP_PERC_LOSE]: 20 results
2026-08-18 10:41:04 | INFO     | trading_bot.engine   | IBKR scanner: 117 unique symbols discovered | 50 gainers, 7 gaps, 20 losers
2026-08-18 10:41:04 | INFO     | trading_bot.engine   | Injected 1 runners into all strategies
2026-08-18 10:41:04 | INFO     | trading_bot.engine   | SYMBOL PRUNE: removed 18 stale symbols across strategies
2026-08-18 10:41:04 | INFO     | trading_bot.engine   | UNIVERSE CAP: working set 90 symbols (trimmed 118 low-priority equity names; max 90)
2026-08-18 10:41:04 | INFO     | trading_bot.data.market_data | Pruned 2 stale IBKR streams — now 46/95
2026-08-18 10:41:04 | INFO     | trading_bot.broker.ibkr | Subscribed to 2 live market data streams
2026-08-18 10:41:04 | INFO     | trading_bot.data.market_data | IBKR streaming active for 48 symbols
2026-08-18 10:44:02 | WARNING  | trading_bot.engine   | SLOW CYCLE (183.0s total): update_data=178.2s
2026-08-18 10:44:05 | INFO     | trading_bot.engine   | CRYPTO FAST LANE HEARTBEAT (mean_reversion): universe=42 | WAIT[31]: ADA-USD(weak 3d trend (-1.2%)), ALGO-USD(weak 3d trend (-2.6%)), APT-USD(weak 3d trend (-2.4%)), ARB-USD(weak 3d trend (+0.5%)), ATOM-USD(weak 3d trend (-5.0%)), AVAX-USD(weak 3d trend (-2.7%)), BONK-USD(weak 3d trend (-2.5%)), CRV-USD(weak 3d trend (+0.0%)), DOGE-USD(weak 3d trend (+0.4%)), DOT-USD(weak 3d trend (-4.6%)), FET-USD(weak 3d trend (-6.4%)), FLOKI-USD(weak 3d trend (-2.7%)), GRT-USD(weak 3d trend (-5.1%)), HBAR-USD(weak 3d trend (+0.7%)), ICP-USD(weak 3d trend (-0.3%)), IMX-USD(weak 3d trend (-12.0%)), JUP-USD(weak 3d trend (+0.4%)), LINK-USD(weak 3d trend (+0.2%)), NEAR-USD(weak 3d trend (+0.5%)), OP-USD(weak 3d trend (-4.7%)), PEPE-USD(weak 3d trend (-2.3%)), RNDR-USD(weak 3d trend (-0.2%)), SEI-USD(weak 3d trend (-7.8%)), SHIB-USD(weak 3d trend (-3.1%)), SNX-USD(weak 3d trend (+0.0%)), SUI-USD(weak 3d trend (-3.4%)), TON-USD(weak 3d trend (-5.1%)), TRX-USD(weak 3d trend (+0.8%)), UNI-USD(weak 3d trend (+0.7%)), XLM-USD(weak 3d trend (-2.0%)), XRP-USD(weak 3d trend (-0.0%)) | warming=2 | neutral=7 | no_data=2
2026-08-18 10:44:12 | INFO     | trading_bot.broker.ibkr | IBKR scanner [TOP_PERC_GAIN]: 50 results
2026-08-18 10:44:13 | INFO     | trading_bot.broker.ibkr | IBKR scanner [MOST_ACTIVE]: 30 results
2026-08-18 10:44:14 | INFO     | trading_bot.broker.ibkr | IBKR scanner [HOT_BY_VOLUME]: 30 results
2026-08-18 10:44:15 | INFO     | trading_bot.broker.ibkr | IBKR scanner [HIGH_OPEN_GAP]: 30 results
2026-08-18 10:44:16 | INFO     | trading_bot.broker.ibkr | IBKR scanner [TOP_PERC_LOSE]: 20 results
2026-08-18 10:44:16 | INFO     | trading_bot.engine   | IBKR scanner: 116 unique symbols discovered | 50 gainers, 7 gaps, 20 losers
2026-08-18 10:44:16 | INFO     | trading_bot.engine   | Injected 1 runners into all strategies
2026-08-18 10:44:16 | INFO     | trading_bot.engine   | SYMBOL PRUNE: removed 3 stale symbols across strategies
2026-08-18 10:44:16 | INFO     | trading_bot.engine   | UNIVERSE CAP: working set 90 symbols (trimmed 125 low-priority equity names; max 90)
2026-08-18 10:47:26 | WARNING  | trading_bot.engine   | SLOW CYCLE (194.9s total): update_data=189.9s
2026-08-18 10:47:29 | INFO     | trading_bot.engine   | CRYPTO FAST LANE HEARTBEAT (mean_reversion): universe=42 | WAIT[31]: ADA-USD(weak 3d trend (-1.2%)), ALGO-USD(weak 3d trend (-2.6%)), APT-USD(weak 3d trend (-2.4%)), ARB-USD(weak 3d trend (+0.5%)), ATOM-USD(weak 3d trend (-5.0%)), AVAX-USD(weak 3d trend (-2.7%)), BONK-USD(weak 3d trend (-2.5%)), CRV-USD(weak 3d trend (+0.0%)), DOGE-USD(weak 3d trend (+0.4%)), DOT-USD(weak 3d trend (-4.6%)), FET-USD(weak 3d trend (-6.9%)), FLOKI-USD(weak 3d trend (-2.7%)), GRT-USD(weak 3d trend (-5.1%)), HBAR-USD(weak 3d trend (+0.7%)), ICP-USD(weak 3d trend (-0.3%)), IMX-USD(weak 3d trend (-12.0%)), JUP-USD(weak 3d trend (+0.4%)), LINK-USD(weak 3d trend (+0.2%)), NEAR-USD(weak 3d trend (+0.5%)), OP-USD(weak 3d trend (-4.7%)), PEPE-USD(weak 3d trend (-2.3%)), RNDR-USD(weak 3d trend (-0.2%)), SEI-USD(weak 3d trend (-7.8%)), SHIB-USD(weak 3d trend (-3.1%)), SNX-USD(weak 3d trend (+0.0%)), SUI-USD(weak 3d trend (-3.9%)), TON-USD(weak 3d trend (-5.1%)), TRX-USD(weak 3d trend (+0.8%)), UNI-USD(weak 3d trend (+0.8%)), XLM-USD(weak 3d trend (-2.0%)), XRP-USD(weak 3d trend (-0.0%)) | warming=2 | neutral=7 | no_data=2
2026-08-18 10:47:36 | INFO     | trading_bot.broker.ibkr | IBKR scanner [TOP_PERC_GAIN]: 50 results
2026-08-18 10:47:37 | INFO     | trading_bot.broker.ibkr | IBKR scanner [MOST_ACTIVE]: 30 results
2026-08-18 10:47:38 | INFO     | trading_bot.broker.ibkr | IBKR scanner [HOT_BY_VOLUME]: 30 results
2026-08-18 10:47:39 | INFO     | trading_bot.broker.ibkr | IBKR scanner [HIGH_OPEN_GAP]: 30 results
2026-08-18 10:47:40 | INFO     | trading_bot.broker.ibkr | IBKR scanner [TOP_PERC_LOSE]: 20 results
2026-08-18 10:47:40 | INFO     | trading_bot.engine   | IBKR scanner: 116 unique symbols discovered | 50 gainers, 7 gaps, 20 losers
2026-08-18 10:47:40 | INFO     | trading_bot.engine   | Injected 1 runners into all strategies
2026-08-18 10:47:40 | INFO     | trading_bot.engine   | SYMBOL PRUNE: removed 6 stale symbols across strategies
2026-08-18 10:47:40 | INFO     | trading_bot.engine   | UNIVERSE CAP: working set 90 symbols (trimmed 127 low-priority equity names; max 90)
2026-08-18 10:47:40 | INFO     | trading_bot.data.market_data | Pruned 1 stale IBKR streams — now 47/95
2026-08-18 10:47:40 | INFO     | trading_bot.broker.ibkr | Subscribed to 1 live market data streams
2026-08-18 10:47:40 | INFO     | trading_bot.data.market_data | IBKR streaming active for 48 symbols
2026-08-18 10:50:44 | INFO     | trading_bot.signals.politician_tracker | Checking for new politician trade disclosures...
2026-08-18 10:50:52 | WARNING  | trading_bot.engine   | SLOW CYCLE (196.9s total): update_data=192.2s
2026-08-18 10:50:55 | INFO     | trading_bot.engine   | CRYPTO FAST LANE HEARTBEAT (mean_reversion): universe=42 | WAIT[31]: ADA-USD(weak 3d trend (-1.2%)), ALGO-USD(weak 3d trend (-2.6%)), APT-USD(weak 3d trend (-2.4%)), ARB-USD(weak 3d trend (+0.5%)), ATOM-USD(weak 3d trend (-5.0%)), AVAX-USD(weak 3d trend (-2.7%)), BONK-USD(weak 3d trend (-2.5%)), CRV-USD(weak 3d trend (+0.0%)), DOGE-USD(weak 3d trend (+0.4%)), DOT-USD(weak 3d trend (-4.6%)), FET-USD(weak 3d trend (-6.9%)), FLOKI-USD(weak 3d trend (-2.7%)), GRT-USD(weak 3d trend (-5.1%)), HBAR-USD(weak 3d trend (+0.7%)), ICP-USD(weak 3d trend (-0.3%)), IMX-USD(weak 3d trend (-12.0%)), JUP-USD(weak 3d trend (+0.4%)), LINK-USD(weak 3d trend (+0.1%)), NEAR-USD(weak 3d trend (+0.5%)), OP-USD(weak 3d trend (-4.7%)), PEPE-USD(weak 3d trend (-2.3%)), RNDR-USD(weak 3d trend (-0.2%)), SEI-USD(weak 3d trend (-7.8%)), SHIB-USD(weak 3d trend (-3.5%)), SNX-USD(weak 3d trend (+0.0%)), SUI-USD(weak 3d trend (-3.9%)), TON-USD(weak 3d trend (-5.1%)), TRX-USD(weak 3d trend (+0.8%)), UNI-USD(weak 3d trend (+0.8%)), XLM-USD(weak 3d trend (-2.0%)), XRP-USD(weak 3d trend (-0.0%)) | warming=2 | neutral=7 | no_data=2
2026-08-18 10:51:02 | INFO     | trading_bot.broker.ibkr | IBKR scanner [TOP_PERC_GAIN]: 50 results
2026-08-18 10:51:04 | INFO     | trading_bot.broker.ibkr | IBKR scanner [MOST_ACTIVE]: 30 results
2026-08-18 10:51:05 | INFO     | trading_bot.broker.ibkr | IBKR scanner [HOT_BY_VOLUME]: 30 results
2026-08-18 10:51:05 | INFO     | trading_bot.broker.ibkr | IBKR scanner [HIGH_OPEN_GAP]: 30 results
2026-08-18 10:51:06 | INFO     | trading_bot.broker.ibkr | IBKR scanner [TOP_PERC_LOSE]: 20 results
2026-08-18 10:51:06 | INFO     | trading_bot.engine   | IBKR scanner: 115 unique symbols discovered | 50 gainers, 5 gaps, 20 losers
2026-08-18 10:51:07 | INFO     | trading_bot.engine   | Injected 1 runners into all strategies
2026-08-18 10:51:07 | INFO     | trading_bot.engine   | SYMBOL PRUNE: removed 3 stale symbols across strategies
2026-08-18 10:51:07 | INFO     | trading_bot.engine   | UNIVERSE CAP: working set 90 symbols (trimmed 129 low-priority equity names; max 90)
2026-08-18 10:53:58 | INFO     | trading_bot.strategy.momentum | SIGNAL: Momentum BUY: pullback entry, ADX=64, higher lows, Vol=2.7x | SXTC @ $5.21
2026-08-18 10:53:58 | INFO     | trading_bot.engine   | SIGNALS GENERATED: 1 signals from strategies
2026-08-18 10:53:58 | INFO     | trading_bot.engine   |   -> momentum: buy SXTC @ $5.21 conf=0.85
2026-08-18 10:53:58 | INFO     | trading_bot.risk.manager | APPROVED: buy SXTC | Momentum BUY: pullback entry, ADX=64, higher lows, Vol=2.7x
2026-08-18 10:53:58 | INFO     | trading_bot.notifications | [ALERT] Scanner Cycle: 📡 **[SCANNER]** Scanning 638 symbols
Market: 🟡 SIDEWAYS 
Signals found: 1
  ✅ SXTC: score 85/100 — Momentum BUY: pullback entry, ADX=64, higher lows, Vol=2.7x
Approved: 1 trades
2026-08-18 10:53:58 | WARNING  | trading_bot.engine   | SLOW CYCLE (177.0s total): update_data=171.2s, discover=5.3s
2026-08-18 10:54:01 | INFO     | trading_bot.engine   | QUALITY GATE SKIP: SXTC — wide spread 2.3% (>2% for $5.21)
2026-08-18 10:54:04 | INFO     | trading_bot.engine   | CRYPTO FAST LANE HEARTBEAT (mean_reversion): universe=42 | WAIT[31]: ADA-USD(weak 3d trend (-1.4%)), ALGO-USD(weak 3d trend (-2.6%)), APT-USD(weak 3d trend (-2.4%)), ARB-USD(weak 3d trend (+0.5%)), ATOM-USD(weak 3d trend (-5.0%)), AVAX-USD(weak 3d trend (-2.7%)), BONK-USD(weak 3d trend (-2.5%)), CRV-USD(weak 3d trend (+0.0%)), DOGE-USD(weak 3d trend (+0.4%)), DOT-USD(weak 3d trend (-4.6%)), FET-USD(weak 3d trend (-7.0%)), FLOKI-USD(weak 3d trend (-2.7%)), GRT-USD(weak 3d trend (-5.1%)), HBAR-USD(weak 3d trend (+0.7%)), ICP-USD(weak 3d trend (-0.3%)), IMX-USD(weak 3d trend (-12.0%)), JUP-USD(weak 3d trend (+0.4%)), LINK-USD(weak 3d trend (+0.1%)), NEAR-USD(weak 3d trend (+0.5%)), OP-USD(weak 3d trend (-4.7%)), PEPE-USD(weak 3d trend (-2.3%)), RNDR-USD(weak 3d trend (-0.2%)), SEI-USD(weak 3d trend (-7.8%)), SHIB-USD(weak 3d trend (-3.5%)), SNX-USD(weak 3d trend (+0.0%)), SUI-USD(weak 3d trend (-3.9%)), TON-USD(weak 3d trend (-5.1%)), TRX-USD(weak 3d trend (+0.8%)), UNI-USD(weak 3d trend (+0.8%)), XLM-USD(weak 3d trend (-2.0%)), XRP-USD(weak 3d trend (+0.0%)) | warming=2 | neutral=7 | no_data=2
2026-08-18 10:54:09 | WARNING  | trading_bot.broker.ibkr | IBKR Error 2152: Exchanges - Depth: IEX; Top: PSX; T24X; MEMX; LTSE; DRCTEDGE; Need additional market data permissions - Depth: BATS; NASDAQ; ARCA; BEX; NYSE; Unknown market data permissions - Top: BYX; TXSE; PEARL; AMEX; CHX; NYSENAT; IBEOS; OVERNIGHT; EDGEA; ISE; 
2026-08-18 10:54:09 | WARNING  | trading_bot.broker.ibkr | IBKR Error 2152: Exchanges - Top: BYX; PEARL; AMEX; T24X; MEMX; OVERNIGHT; EDGEA; TXSE; CHX; IBEOS; NYSENAT; PSX; LTSE; ISE; DRCTEDGE; Unknown market data permissions - Depth: BATS; NASDAQ; ARCA; BEX; NYSE; IEX; 
2026-08-18 10:54:10 | WARNING  | trading_bot.broker.ibkr | IBKR Error 2152: Exchanges - Top: BYX; PEARL; AMEX; T24X; MEMX; OVERNIGHT; EDGEA; TXSE; CHX; IBEOS; NYSENAT; PSX; LTSE; ISE; DRCTEDGE; Unknown market data permissions - Depth: BATS; NASDAQ; ARCA; BEX; NYSE; IEX; 
2026-08-18 10:54:11 | INFO     | trading_bot.broker.ibkr | IBKR scanner [TOP_PERC_GAIN]: 50 results
2026-08-18 10:54:12 | INFO     | trading_bot.broker.ibkr | IBKR scanner [MOST_ACTIVE]: 30 results
2026-08-18 10:54:13 | INFO     | trading_bot.broker.ibkr | IBKR scanner [HOT_BY_VOLUME]: 30 results
2026-08-18 10:54:14 | INFO     | trading_bot.broker.ibkr | IBKR scanner [HIGH_OPEN_GAP]: 30 results
2026-08-18 10:54:15 | INFO     | trading_bot.broker.ibkr | IBKR scanner [TOP_PERC_LOSE]: 20 results
2026-08-18 10:54:15 | INFO     | trading_bot.engine   | IBKR scanner: 115 unique symbols discovered | 50 gainers, 5 gaps, 20 losers
2026-08-18 10:54:15 | INFO     | trading_bot.engine   | Injected 1 runners into all strategies
2026-08-18 10:54:15 | INFO     | trading_bot.engine   | SYMBOL PRUNE: removed 9 stale symbols across strategies
2026-08-18 10:54:15 | INFO     | trading_bot.engine   | UNIVERSE CAP: working set 90 symbols (trimmed 129 low-priority equity names; max 90)
2026-08-18 10:54:15 | INFO     | trading_bot.data.market_data | Pruned 2 stale IBKR streams — now 46/95
2026-08-18 10:54:15 | INFO     | trading_bot.broker.ibkr | Subscribed to 2 live market data streams
2026-08-18 10:54:15 | INFO     | trading_bot.data.market_data | IBKR streaming active for 48 symbols
2026-08-18 10:57:10 | INFO     | trading_bot.engine   | DATA COVERAGE: 76/90 symbols have bars, 90/90 have prices | IBKR blacklisted: 42
2026-08-18 10:57:10 | WARNING  | trading_bot.engine   | SLOW CYCLE (180.1s total): update_data=175.3s
2026-08-18 10:57:10 | INFO     | trading_bot.engine   | CYCLE #199: regime=sideways | signals=0->approved=0 | positions=0/15 | bars_warm=186/186 | equity_open=True | pm=False pwr_hr=False
2026-08-18 10:57:13 | INFO     | trading_bot.engine   | CRYPTO FAST LANE HEARTBEAT (mean_reversion): universe=42 | WAIT[31]: ADA-USD(weak 3d trend (-1.6%)), ALGO-USD(weak 3d trend (-2.6%)), APT-USD(weak 3d trend (-2.4%)), ARB-USD(weak 3d trend (+0.5%)), ATOM-USD(weak 3d trend (-5.0%)), AVAX-USD(weak 3d trend (-3.2%)), BONK-USD(weak 3d trend (-2.5%)), CRV-USD(weak 3d trend (+0.0%)), DOGE-USD(weak 3d trend (+0.4%)), DOT-USD(weak 3d trend (-4.6%)), FET-USD(weak 3d trend (-7.0%)), FLOKI-USD(weak 3d trend (-2.7%)), GRT-USD(weak 3d trend (-5.1%)), HBAR-USD(weak 3d trend (+0.7%)), ICP-USD(weak 3d trend (-0.3%)), IMX-USD(weak 3d trend (-12.0%)), JUP-USD(weak 3d trend (+0.4%)), LINK-USD(weak 3d trend (-0.1%)), NEAR-USD(weak 3d trend (+0.5%)), OP-USD(weak 3d trend (-4.7%)), PEPE-USD(weak 3d trend (-2.3%)), RNDR-USD(weak 3d trend (-0.2%)), SEI-USD(weak 3d trend (-7.8%)), SHIB-USD(weak 3d trend (-3.5%)), SNX-USD(weak 3d trend (+0.0%)), SUI-USD(weak 3d trend (-3.9%)), TON-USD(weak 3d trend (-5.1%)), TRX-USD(weak 3d trend (+0.8%)), UNI-USD(weak 3d trend (+0.4%)), XLM-USD(weak 3d trend (-2.0%)), XRP-USD(weak 3d trend (+0.0%)) | warming=2 | neutral=7 | no_data=2
2026-08-18 10:57:19 | INFO     | trading_bot.engine   | CRYPTO INJECT: 42 symbols (AAVE-USD, ADA-USD, ALGO-USD, APT-USD, ARB-USD, ATOM-USD, AVAX-USD, BONK-USD, BTC-USD, COMP-USD, CRV-USD, DOGE-USD, DOT-USD, ETC-USD, ETH-USD, FET-USD, FLOKI-USD, GRT-USD, HBAR-USD, ICP-USD, IMX-USD, JUP-USD, LINK-USD, LTC-USD, MATIC-USD, MKR-USD, NEAR-USD, OP-USD, PEPE-USD, RNDR-USD, SEI-USD, SHIB-USD, SNX-USD, SOL-USD, SUI-USD, TIA-USD, TON-USD, TRX-USD, UNI-USD, WIF-USD, XLM-USD, XRP-USD) → mean_reversion(50 dyn), momentum(50 dyn), crypto_runner(42 dyn)
2026-08-18 10:57:21 | INFO     | trading_bot.broker.ibkr | IBKR scanner [TOP_PERC_GAIN]: 50 results
2026-08-18 10:57:22 | INFO     | trading_bot.broker.ibkr | IBKR scanner [MOST_ACTIVE]: 30 results
2026-08-18 10:57:22 | INFO     | trading_bot.broker.ibkr | IBKR scanner [HOT_BY_VOLUME]: 30 results
2026-08-18 10:57:23 | INFO     | trading_bot.broker.ibkr | IBKR scanner [HIGH_OPEN_GAP]: 30 results
2026-08-18 10:57:24 | INFO     | trading_bot.broker.ibkr | IBKR scanner [TOP_PERC_LOSE]: 20 results
2026-08-18 10:57:24 | INFO     | trading_bot.engine   | IBKR scanner: 116 unique symbols discovered | 50 gainers, 6 gaps, 20 losers
2026-08-18 10:57:24 | INFO     | trading_bot.engine   | Injected 1 runners into all strategies
2026-08-18 10:57:24 | INFO     | trading_bot.engine   | UNIVERSE CAP: working set 90 symbols (trimmed 131 low-priority equity names; max 90)
2026-08-18 11:00:22 | WARNING  | trading_bot.engine   | SLOW CYCLE (183.1s total): update_data=177.9s, discover=5.1s
2026-08-18 11:00:25 | INFO     | trading_bot.engine   | CRYPTO FAST LANE HEARTBEAT (mean_reversion): universe=42 | WAIT[31]: ADA-USD(weak 3d trend (-1.6%)), ALGO-USD(weak 3d trend (-2.6%)), APT-USD(weak 3d trend (-2.4%)), ARB-USD(weak 3d trend (+0.5%)), ATOM-USD(weak 3d trend (-5.0%)), AVAX-USD(weak 3d trend (-3.1%)), BONK-USD(weak 3d trend (-2.5%)), CRV-USD(weak 3d trend (+0.0%)), DOGE-USD(weak 3d trend (+0.1%)), DOT-USD(weak 3d trend (-4.6%)), FET-USD(weak 3d trend (-7.0%)), FLOKI-USD(weak 3d trend (-2.7%)), GRT-USD(weak 3d trend (-5.1%)), HBAR-USD(weak 3d trend (+0.6%)), ICP-USD(weak 3d trend (-0.3%)), IMX-USD(weak 3d trend (-12.0%)), JUP-USD(weak 3d trend (+0.4%)), LINK-USD(weak 3d trend (-0.2%)), NEAR-USD(weak 3d trend (+0.5%)), OP-USD(weak 3d trend (-4.7%)), PEPE-USD(weak 3d trend (-2.3%)), RNDR-USD(weak 3d trend (-0.2%)), SEI-USD(weak 3d trend (-7.8%)), SHIB-USD(weak 3d trend (-3.5%)), SNX-USD(weak 3d trend (+0.0%)), SUI-USD(weak 3d trend (-3.8%)), TON-USD(weak 3d trend (-5.1%)), TRX-USD(weak 3d trend (+0.8%)), UNI-USD(weak 3d trend (+0.4%)), XLM-USD(weak 3d trend (-2.3%)), XRP-USD(weak 3d trend (-0.0%)) | warming=2 | neutral=7 | no_data=2
2026-08-18 11:00:32 | INFO     | trading_bot.broker.ibkr | IBKR scanner [TOP_PERC_GAIN]: 50 results
2026-08-18 11:00:33 | INFO     | trading_bot.broker.ibkr | IBKR scanner [MOST_ACTIVE]: 30 results
2026-08-18 11:00:34 | INFO     | trading_bot.broker.ibkr | IBKR scanner [HOT_BY_VOLUME]: 30 results
2026-08-18 11:00:35 | INFO     | trading_bot.broker.ibkr | IBKR scanner [HIGH_OPEN_GAP]: 30 results
2026-08-18 11:00:36 | INFO     | trading_bot.broker.ibkr | IBKR scanner [TOP_PERC_LOSE]: 20 results
2026-08-18 11:00:36 | INFO     | trading_bot.engine   | IBKR scanner: 117 unique symbols discovered | 50 gainers, 6 gaps, 20 losers
2026-08-18 11:00:36 | INFO     | trading_bot.engine   | Injected 1 runners into all strategies
2026-08-18 11:00:36 | INFO     | trading_bot.engine   | SYMBOL PRUNE: removed 12 stale symbols across strategies
2026-08-18 11:00:36 | INFO     | trading_bot.engine   | UNIVERSE CAP: working set 90 symbols (trimmed 130 low-priority equity names; max 90)
2026-08-18 11:00:36 | INFO     | trading_bot.data.market_data | Pruned 2 stale IBKR streams — now 46/95
2026-08-18 11:00:37 | INFO     | trading_bot.broker.ibkr | Subscribed to 2 live market data streams
2026-08-18 11:00:37 | INFO     | trading_bot.data.market_data | IBKR streaming active for 48 symbols
2026-08-18 11:03:53 | WARNING  | trading_bot.engine   | SLOW CYCLE (201.8s total): update_data=196.8s
2026-08-18 11:03:56 | INFO     | trading_bot.engine   | CRYPTO FAST LANE HEARTBEAT (mean_reversion): universe=42 | WAIT[30]: ADA-USD(weak 3d trend (-1.6%)), ALGO-USD(weak 3d trend (-2.6%)), APT-USD(weak 3d trend (-2.4%)), ARB-USD(weak 3d trend (+0.5%)), ATOM-USD(weak 3d trend (-4.1%)), AVAX-USD(weak 3d trend (-3.0%)), BONK-USD(weak 3d trend (-2.5%)), CRV-USD(weak 3d trend (+0.0%)), DOGE-USD(weak 3d trend (+0.1%)), DOT-USD(weak 3d trend (-4.6%)), FET-USD(weak 3d trend (-7.0%)), FLOKI-USD(weak 3d trend (-2.7%)), GRT-USD(weak 3d trend (-5.1%)), HBAR-USD(weak 3d trend (+0.6%)), ICP-USD(weak 3d trend (-0.3%)), IMX-USD(weak 3d trend (-12.0%)), JUP-USD(weak 3d trend (+0.4%)), LINK-USD(weak 3d trend (+0.1%)), NEAR-USD(weak 3d trend (+0.5%)), OP-USD(weak 3d trend (-4.7%)), PEPE-USD(weak 3d trend (-1.9%)), RNDR-USD(weak 3d trend (-0.2%)), SEI-USD(weak 3d trend (-7.8%)), SHIB-USD(weak 3d trend (-3.5%)), SNX-USD(weak 3d trend (+0.0%)), SUI-USD(weak 3d trend (-3.8%)), TON-USD(weak 3d trend (-5.1%)), TRX-USD(weak 3d trend (+0.8%)), XLM-USD(weak 3d trend (-2.5%)), XRP-USD(weak 3d trend (+0.0%)) | warming=2 | neutral=8 | no_data=2
2026-08-18 11:04:03 | INFO     | trading_bot.broker.ibkr | IBKR scanner [TOP_PERC_GAIN]: 50 results
2026-08-18 11:04:04 | INFO     | trading_bot.broker.ibkr | IBKR scanner [MOST_ACTIVE]: 30 results
2026-08-18 11:04:05 | INFO     | trading_bot.broker.ibkr | IBKR scanner [HOT_BY_VOLUME]: 30 results
2026-08-18 11:04:06 | INFO     | trading_bot.broker.ibkr | IBKR scanner [HIGH_OPEN_GAP]: 30 results
2026-08-18 11:04:07 | INFO     | trading_bot.broker.ibkr | IBKR scanner [TOP_PERC_LOSE]: 20 results
2026-08-18 11:04:07 | INFO     | trading_bot.engine   | IBKR scanner: 117 unique symbols discovered | 50 gainers, 7 gaps, 20 losers
2026-08-18 11:04:07 | INFO     | trading_bot.engine   | Injected 1 runners into all strategies
2026-08-18 11:04:07 | INFO     | trading_bot.engine   | SYMBOL PRUNE: removed 15 stale symbols across strategies
2026-08-18 11:04:07 | INFO     | trading_bot.engine   | UNIVERSE CAP: working set 90 symbols (trimmed 129 low-priority equity names; max 90)
2026-08-18 11:04:07 | INFO     | trading_bot.data.market_data | Pruned 1 stale IBKR streams — now 47/95
2026-08-18 11:04:07 | INFO     | trading_bot.broker.ibkr | Subscribed to 1 live market data streams
2026-08-18 11:04:07 | INFO     | trading_bot.data.market_data | IBKR streaming active for 48 symbols
2026-08-18 11:06:59 | WARNING  | trading_bot.engine   | SLOW CYCLE (176.6s total): update_data=171.7s
2026-08-18 11:07:02 | INFO     | trading_bot.engine   | CRYPTO FAST LANE HEARTBEAT (mean_reversion): universe=42 | WAIT[30]: ADA-USD(weak 3d trend (-1.5%)), ALGO-USD(weak 3d trend (-2.6%)), APT-USD(weak 3d trend (-2.4%)), ARB-USD(weak 3d trend (+0.5%)), ATOM-USD(weak 3d trend (-4.1%)), AVAX-USD(weak 3d trend (-3.0%)), BONK-USD(weak 3d trend (-2.5%)), CRV-USD(weak 3d trend (+0.0%)), DOGE-USD(weak 3d trend (+0.1%)), DOT-USD(weak 3d trend (-4.7%)), FET-USD(weak 3d trend (-7.0%)), FLOKI-USD(weak 3d trend (-2.7%)), GRT-USD(weak 3d trend (-5.1%)), HBAR-USD(weak 3d trend (+0.6%)), ICP-USD(weak 3d trend (-0.3%)), IMX-USD(weak 3d trend (-12.0%)), JUP-USD(weak 3d trend (+0.4%)), LINK-USD(weak 3d trend (+0.1%)), NEAR-USD(weak 3d trend (+0.5%)), OP-USD(weak 3d trend (-4.7%)), PEPE-USD(weak 3d trend (-1.9%)), RNDR-USD(weak 3d trend (-0.2%)), SEI-USD(weak 3d trend (-7.8%)), SHIB-USD(weak 3d trend (-3.5%)), SNX-USD(weak 3d trend (+0.0%)), SUI-USD(weak 3d trend (-3.8%)), TON-USD(weak 3d trend (-5.1%)), TRX-USD(weak 3d trend (+0.8%)), XLM-USD(weak 3d trend (-2.5%)), XRP-USD(weak 3d trend (-0.0%)) | warming=2 | neutral=8 | no_data=2
2026-08-18 11:07:09 | INFO     | trading_bot.broker.ibkr | IBKR scanner [TOP_PERC_GAIN]: 50 results
2026-08-18 11:07:10 | INFO     | trading_bot.broker.ibkr | IBKR scanner [MOST_ACTIVE]: 30 results
2026-08-18 11:07:11 | INFO     | trading_bot.broker.ibkr | IBKR scanner [HOT_BY_VOLUME]: 30 results
2026-08-18 11:07:12 | INFO     | trading_bot.broker.ibkr | IBKR scanner [HIGH_OPEN_GAP]: 30 results
2026-08-18 11:07:13 | INFO     | trading_bot.broker.ibkr | IBKR scanner [TOP_PERC_LOSE]: 20 results
2026-08-18 11:07:13 | INFO     | trading_bot.engine   | IBKR scanner: 118 unique symbols discovered | 50 gainers, 7 gaps, 20 losers
2026-08-18 11:07:13 | INFO     | trading_bot.engine   | Injected 1 runners into all strategies
2026-08-18 11:07:13 | INFO     | trading_bot.engine   | SYMBOL PRUNE: removed 12 stale symbols across strategies
2026-08-18 11:07:13 | INFO     | trading_bot.engine   | UNIVERSE CAP: working set 90 symbols (trimmed 127 low-priority equity names; max 90)
2026-08-18 11:07:13 | INFO     | trading_bot.data.market_data | Pruned 2 stale IBKR streams — now 46/95
2026-08-18 11:07:13 | INFO     | trading_bot.broker.ibkr | Subscribed to 2 live market data streams
2026-08-18 11:07:13 | INFO     | trading_bot.data.market_data | IBKR streaming active for 48 symbols
2026-08-18 11:11:05 | INFO     | trading_bot.strategy.daily_trend_rider | TREND RIDER: 2 candidates from 175 scanned — IPST, WETO
2026-08-18 11:11:06 | WARNING  | trading_bot.engine   | SLOW CYCLE (237.7s total): update_data=171.9s, run_strategies=60.8s
2026-08-18 11:11:09 | INFO     | trading_bot.engine   | CRYPTO FAST LANE HEARTBEAT (mean_reversion): universe=42 | WAIT[30]: ADA-USD(weak 3d trend (-1.6%)), ALGO-USD(weak 3d trend (-2.6%)), APT-USD(weak 3d trend (-2.4%)), ARB-USD(weak 3d trend (+0.5%)), ATOM-USD(weak 3d trend (-4.1%)), AVAX-USD(weak 3d trend (-3.0%)), BONK-USD(weak 3d trend (-2.5%)), CRV-USD(weak 3d trend (+0.0%)), DOGE-USD(weak 3d trend (+0.1%)), DOT-USD(weak 3d trend (-4.7%)), FET-USD(weak 3d trend (-7.1%)), FLOKI-USD(weak 3d trend (-2.0%)), GRT-USD(weak 3d trend (-5.1%)), HBAR-USD(weak 3d trend (+0.7%)), ICP-USD(weak 3d trend (-2.2%)), IMX-USD(weak 3d trend (-12.0%)), JUP-USD(weak 3d trend (+0.4%)), LINK-USD(weak 3d trend (+0.3%)), NEAR-USD(weak 3d trend (-0.2%)), OP-USD(weak 3d trend (-4.7%)), PEPE-USD(weak 3d trend (-1.9%)), RNDR-USD(weak 3d trend (-0.2%)), SEI-USD(weak 3d trend (-7.8%)), SHIB-USD(weak 3d trend (-3.5%)), SNX-USD(weak 3d trend (+0.0%)), SUI-USD(weak 3d trend (-4.0%)), TON-USD(weak 3d trend (-5.1%)), TRX-USD(weak 3d trend (+0.8%)), XLM-USD(weak 3d trend (-2.5%)), XRP-USD(weak 3d trend (+0.0%)) | warming=2 | neutral=8 | no_data=2
2026-08-18 11:11:15 | INFO     | trading_bot.broker.ibkr | IBKR scanner [TOP_PERC_GAIN]: 50 results
2026-08-18 11:11:16 | INFO     | trading_bot.broker.ibkr | IBKR scanner [MOST_ACTIVE]: 30 results
2026-08-18 11:11:17 | INFO     | trading_bot.broker.ibkr | IBKR scanner [HOT_BY_VOLUME]: 30 results
2026-08-18 11:11:18 | INFO     | trading_bot.broker.ibkr | IBKR scanner [HIGH_OPEN_GAP]: 30 results
2026-08-18 11:11:19 | INFO     | trading_bot.broker.ibkr | IBKR scanner [TOP_PERC_LOSE]: 20 results
2026-08-18 11:11:19 | INFO     | trading_bot.engine   | IBKR scanner: 117 unique symbols discovered | 50 gainers, 6 gaps, 20 losers
2026-08-18 11:11:19 | INFO     | trading_bot.engine   | Injected 1 runners into all strategies
2026-08-18 11:11:19 | INFO     | trading_bot.engine   | SYMBOL PRUNE: removed 33 stale symbols across strategies
2026-08-18 11:11:19 | INFO     | trading_bot.engine   | UNIVERSE CAP: working set 90 symbols (trimmed 119 low-priority equity names; max 90)
2026-08-18 11:11:19 | INFO     | trading_bot.data.market_data | Pruned 5 stale IBKR streams — now 43/95
2026-08-18 11:11:20 | INFO     | trading_bot.broker.ibkr | Subscribed to 5 live market data streams
2026-08-18 11:11:20 | INFO     | trading_bot.data.market_data | IBKR streaming active for 48 symbols
2026-08-18 11:14:17 | INFO     | trading_bot.engine   | DATA COVERAGE: 76/90 symbols have bars, 90/90 have prices | IBKR blacklisted: 42
2026-08-18 11:14:17 | WARNING  | trading_bot.engine   | SLOW CYCLE (182.2s total): update_data=177.6s
2026-08-18 11:14:20 | INFO     | trading_bot.engine   | CRYPTO FAST LANE HEARTBEAT (mean_reversion): universe=42 | WAIT[31]: ADA-USD(weak 3d trend (-1.6%)), ALGO-USD(weak 3d trend (-2.4%)), APT-USD(weak 3d trend (-2.4%)), ARB-USD(weak 3d trend (+0.5%)), ATOM-USD(weak 3d trend (-4.1%)), AVAX-USD(weak 3d trend (-3.1%)), BONK-USD(weak 3d trend (-2.5%)), CRV-USD(weak 3d trend (+0.0%)), DOGE-USD(weak 3d trend (-0.0%)), DOT-USD(weak 3d trend (-4.7%)), FET-USD(weak 3d trend (-7.7%)), FLOKI-USD(weak 3d trend (-1.9%)), GRT-USD(weak 3d trend (-5.1%)), HBAR-USD(weak 3d trend (+0.5%)), ICP-USD(weak 3d trend (-2.6%)), IMX-USD(weak 3d trend (-12.0%)), JUP-USD(weak 3d trend (+0.4%)), LINK-USD(weak 3d trend (+0.3%)), LTC-USD(weak 3d trend (+0.4%)), NEAR-USD(weak 3d trend (+0.0%)), OP-USD(weak 3d trend (-4.7%)), PEPE-USD(weak 3d trend (-1.9%)), RNDR-USD(weak 3d trend (+0.2%)), SEI-USD(weak 3d trend (-7.8%)), SHIB-USD(weak 3d trend (-3.5%)), SNX-USD(weak 3d trend (+0.0%)), SUI-USD(weak 3d trend (-4.0%)), TON-USD(weak 3d trend (-5.1%)), TRX-USD(weak 3d trend (+0.8%)), XLM-USD(weak 3d trend (-2.5%)), XRP-USD(weak 3d trend (+0.0%)) | warming=2 | neutral=7 | no_data=2
2026-08-18 11:14:27 | INFO     | trading_bot.broker.ibkr | IBKR scanner [TOP_PERC_GAIN]: 50 results
2026-08-18 11:14:28 | INFO     | trading_bot.broker.ibkr | IBKR scanner [MOST_ACTIVE]: 30 results
2026-08-18 11:14:29 | INFO     | trading_bot.broker.ibkr | IBKR scanner [HOT_BY_VOLUME]: 30 results
2026-08-18 11:14:30 | INFO     | trading_bot.broker.ibkr | IBKR scanner [HIGH_OPEN_GAP]: 30 results
2026-08-18 11:14:30 | INFO     | trading_bot.broker.ibkr | IBKR scanner [TOP_PERC_LOSE]: 20 results
2026-08-18 11:14:30 | INFO     | trading_bot.engine   | IBKR scanner: 117 unique symbols discovered | 50 gainers, 6 gaps, 20 losers
2026-08-18 11:14:31 | INFO     | trading_bot.engine   | Injected 1 runners into all strategies
2026-08-18 11:14:31 | INFO     | trading_bot.engine   | SYMBOL PRUNE: removed 6 stale symbols across strategies
2026-08-18 11:14:31 | INFO     | trading_bot.engine   | UNIVERSE CAP: working set 90 symbols (trimmed 119 low-priority equity names; max 90)
2026-08-18 11:17:53 | WARNING  | trading_bot.engine   | SLOW CYCLE (206.9s total): update_data=202.0s
2026-08-18 11:17:53 | INFO     | trading_bot.engine   | CYCLE #205: regime=sideways | signals=0->approved=0 | positions=0/15 | bars_warm=186/186 | equity_open=True | pm=False pwr_hr=False
2026-08-18 11:17:56 | INFO     | trading_bot.engine   | CRYPTO FAST LANE HEARTBEAT (mean_reversion): universe=42 | WAIT[31]: ADA-USD(weak 3d trend (-1.6%)), ALGO-USD(weak 3d trend (-2.4%)), APT-USD(weak 3d trend (-2.4%)), ARB-USD(weak 3d trend (+0.5%)), ATOM-USD(weak 3d trend (-3.3%)), AVAX-USD(weak 3d trend (-3.1%)), BONK-USD(weak 3d trend (-2.5%)), CRV-USD(weak 3d trend (+0.0%)), DOGE-USD(weak 3d trend (+0.2%)), DOT-USD(weak 3d trend (-4.7%)), FET-USD(weak 3d trend (-7.7%)), FLOKI-USD(weak 3d trend (-1.9%)), GRT-USD(weak 3d trend (-5.1%)), HBAR-USD(weak 3d trend (+0.6%)), ICP-USD(weak 3d trend (-2.5%)), IMX-USD(weak 3d trend (-12.0%)), JUP-USD(weak 3d trend (+0.4%)), LINK-USD(weak 3d trend (+0.3%)), LTC-USD(weak 3d trend (+0.4%)), NEAR-USD(weak 3d trend (+0.1%)), OP-USD(weak 3d trend (-4.7%)), PEPE-USD(weak 3d trend (-1.9%)), RNDR-USD(weak 3d trend (+0.2%)), SEI-USD(weak 3d trend (-2.4%)), SHIB-USD(weak 3d trend (-3.5%)), SNX-USD(weak 3d trend (+0.0%)), SUI-USD(weak 3d trend (-4.2%)), TON-USD(weak 3d trend (-5.1%)), TRX-USD(weak 3d trend (+0.8%)), XLM-USD(weak 3d trend (-2.5%)), XRP-USD(weak 3d trend (-0.1%)) | warming=2 | neutral=7 | no_data=2
2026-08-18 11:18:03 | INFO     | trading_bot.broker.ibkr | IBKR scanner [TOP_PERC_GAIN]: 50 results
2026-08-18 11:18:04 | INFO     | trading_bot.broker.ibkr | IBKR scanner [MOST_ACTIVE]: 30 results
2026-08-18 11:18:05 | INFO     | trading_bot.broker.ibkr | IBKR scanner [HOT_BY_VOLUME]: 30 results
2026-08-18 11:18:05 | INFO     | trading_bot.broker.ibkr | IBKR scanner [HIGH_OPEN_GAP]: 30 results
2026-08-18 11:18:06 | INFO     | trading_bot.broker.ibkr | IBKR scanner [TOP_PERC_LOSE]: 20 results
2026-08-18 11:18:06 | INFO     | trading_bot.engine   | IBKR scanner: 119 unique symbols discovered | 50 gainers, 6 gaps, 20 losers
2026-08-18 11:18:06 | INFO     | trading_bot.engine   | Injected 1 runners into all strategies
2026-08-18 11:18:06 | INFO     | trading_bot.engine   | SYMBOL PRUNE: removed 12 stale symbols across strategies
2026-08-18 11:18:06 | INFO     | trading_bot.engine   | UNIVERSE CAP: working set 90 symbols (trimmed 115 low-priority equity names; max 90)
2026-08-18 11:18:06 | INFO     | trading_bot.data.market_data | Pruned 1 stale IBKR streams — now 47/95
2026-08-18 11:18:07 | INFO     | trading_bot.broker.ibkr | Subscribed to 1 live market data streams
2026-08-18 11:18:07 | INFO     | trading_bot.data.market_data | IBKR streaming active for 48 symbols
2026-08-18 11:20:45 | INFO     | trading_bot.signals.politician_tracker | Checking for new politician trade disclosures...
2026-08-18 11:20:53 | WARNING  | trading_bot.engine   | SLOW CYCLE (171.1s total): update_data=166.5s
2026-08-18 11:20:56 | INFO     | trading_bot.engine   | CRYPTO FAST LANE HEARTBEAT (mean_reversion): universe=42 | WAIT[30]: ADA-USD(weak 3d trend (-1.5%)), ALGO-USD(weak 3d trend (-2.2%)), APT-USD(weak 3d trend (-2.4%)), ARB-USD(weak 3d trend (+0.5%)), ATOM-USD(weak 3d trend (-3.3%)), AVAX-USD(weak 3d trend (-3.0%)), BONK-USD(weak 3d trend (-2.5%)), CRV-USD(weak 3d trend (+0.0%)), DOGE-USD(weak 3d trend (+0.4%)), DOT-USD(weak 3d trend (-4.7%)), FET-USD(weak 3d trend (-7.7%)), FLOKI-USD(weak 3d trend (-1.9%)), GRT-USD(weak 3d trend (-5.1%)), HBAR-USD(weak 3d trend (+0.6%)), ICP-USD(weak 3d trend (-2.5%)), IMX-USD(weak 3d trend (-12.0%)), JUP-USD(weak 3d trend (+0.4%)), LTC-USD(weak 3d trend (+0.4%)), NEAR-USD(weak 3d trend (+0.1%)), OP-USD(weak 3d trend (-4.7%)), PEPE-USD(weak 3d trend (-1.9%)), RNDR-USD(weak 3d trend (+0.2%)), SEI-USD(weak 3d trend (-2.4%)), SHIB-USD(weak 3d trend (-3.5%)), SNX-USD(weak 3d trend (+0.0%)), SUI-USD(weak 3d trend (-4.2%)), TON-USD(weak 3d trend (-5.1%)), TRX-USD(weak 3d trend (+0.8%)), XLM-USD(weak 3d trend (-2.5%)), XRP-USD(weak 3d trend (+0.0%)) | warming=2 | neutral=8 | no_data=2
2026-08-18 11:21:03 | INFO     | trading_bot.broker.ibkr | IBKR scanner [TOP_PERC_GAIN]: 50 results
2026-08-18 11:21:04 | INFO     | trading_bot.broker.ibkr | IBKR scanner [MOST_ACTIVE]: 30 results
2026-08-18 11:21:05 | INFO     | trading_bot.broker.ibkr | IBKR scanner [HOT_BY_VOLUME]: 30 results
2026-08-18 11:21:06 | INFO     | trading_bot.broker.ibkr | IBKR scanner [HIGH_OPEN_GAP]: 30 results
2026-08-18 11:21:07 | INFO     | trading_bot.broker.ibkr | IBKR scanner [TOP_PERC_LOSE]: 20 results
2026-08-18 11:21:07 | INFO     | trading_bot.engine   | IBKR scanner: 118 unique symbols discovered | 50 gainers, 6 gaps, 20 losers
2026-08-18 11:21:07 | INFO     | trading_bot.engine   | Injected 1 runners into all strategies
2026-08-18 11:21:07 | INFO     | trading_bot.engine   | SYMBOL PRUNE: removed 12 stale symbols across strategies
2026-08-18 11:21:07 | INFO     | trading_bot.engine   | UNIVERSE CAP: working set 90 symbols (trimmed 113 low-priority equity names; max 90)
2026-08-18 11:21:07 | INFO     | trading_bot.data.market_data | Pruned 1 stale IBKR streams — now 47/95
2026-08-18 11:21:07 | INFO     | trading_bot.broker.ibkr | Subscribed to 1 live market data streams
2026-08-18 11:21:07 | INFO     | trading_bot.data.market_data | IBKR streaming active for 48 symbols
2026-08-18 11:23:59 | WARNING  | trading_bot.engine   | SLOW CYCLE (176.7s total): update_data=171.6s, discover=5.1s
2026-08-18 11:24:02 | INFO     | trading_bot.engine   | CRYPTO FAST LANE HEARTBEAT (mean_reversion): universe=42 | WAIT[30]: ADA-USD(weak 3d trend (-1.5%)), ALGO-USD(weak 3d trend (-2.2%)), APT-USD(weak 3d trend (-2.4%)), ARB-USD(weak 3d trend (+0.5%)), ATOM-USD(weak 3d trend (-3.3%)), AVAX-USD(weak 3d trend (-3.0%)), BONK-USD(weak 3d trend (-2.5%)), CRV-USD(weak 3d trend (+0.0%)), DOGE-USD(weak 3d trend (+0.3%)), DOT-USD(weak 3d trend (-4.7%)), FET-USD(weak 3d trend (-7.7%)), FLOKI-USD(weak 3d trend (-1.9%)), GRT-USD(weak 3d trend (-5.1%)), HBAR-USD(weak 3d trend (+0.6%)), ICP-USD(weak 3d trend (-2.5%)), IMX-USD(weak 3d trend (-12.0%)), JUP-USD(weak 3d trend (+0.4%)), LTC-USD(weak 3d trend (+0.4%)), NEAR-USD(weak 3d trend (+0.1%)), OP-USD(weak 3d trend (-3.5%)), PEPE-USD(weak 3d trend (-1.9%)), RNDR-USD(weak 3d trend (+0.2%)), SEI-USD(weak 3d trend (-2.4%)), SHIB-USD(weak 3d trend (-3.5%)), SNX-USD(weak 3d trend (+0.0%)), SUI-USD(weak 3d trend (-4.2%)), TON-USD(weak 3d trend (-5.1%)), TRX-USD(weak 3d trend (+0.8%)), XLM-USD(weak 3d trend (-2.5%)), XRP-USD(weak 3d trend (+0.0%)) | warming=2 | neutral=8 | no_data=2
2026-08-18 11:24:09 | INFO     | trading_bot.broker.ibkr | IBKR scanner [TOP_PERC_GAIN]: 50 results
2026-08-18 11:24:10 | INFO     | trading_bot.broker.ibkr | IBKR scanner [MOST_ACTIVE]: 30 results
2026-08-18 11:24:11 | INFO     | trading_bot.broker.ibkr | IBKR scanner [HOT_BY_VOLUME]: 30 results
2026-08-18 11:24:12 | INFO     | trading_bot.broker.ibkr | IBKR scanner [HIGH_OPEN_GAP]: 30 results
2026-08-18 11:24:13 | INFO     | trading_bot.broker.ibkr | IBKR scanner [TOP_PERC_LOSE]: 20 results
2026-08-18 11:24:13 | INFO     | trading_bot.engine   | IBKR scanner: 118 unique symbols discovered | 50 gainers, 6 gaps, 20 losers
2026-08-18 11:24:13 | INFO     | trading_bot.engine   | Injected 1 runners into all strategies
2026-08-18 11:24:13 | INFO     | trading_bot.engine   | UNIVERSE CAP: working set 90 symbols (trimmed 114 low-priority equity names; max 90)
2026-08-18 11:27:05 | WARNING  | trading_bot.engine   | SLOW CYCLE (176.8s total): update_data=171.4s, discover=5.3s
2026-08-18 11:27:08 | INFO     | trading_bot.engine   | CRYPTO FAST LANE HEARTBEAT (mean_reversion): universe=42 | WAIT[30]: ADA-USD(weak 3d trend (-1.5%)), ALGO-USD(weak 3d trend (-2.2%)), APT-USD(weak 3d trend (-2.4%)), ARB-USD(weak 3d trend (+0.5%)), ATOM-USD(weak 3d trend (-3.3%)), AVAX-USD(weak 3d trend (-3.0%)), BONK-USD(weak 3d trend (-1.7%)), CRV-USD(weak 3d trend (+0.0%)), DOGE-USD(weak 3d trend (+0.3%)), DOT-USD(weak 3d trend (-4.7%)), FET-USD(weak 3d trend (-7.7%)), FLOKI-USD(weak 3d trend (-1.9%)), GRT-USD(weak 3d trend (-5.1%)), HBAR-USD(weak 3d trend (+0.6%)), ICP-USD(weak 3d trend (-2.5%)), IMX-USD(weak 3d trend (-12.0%)), JUP-USD(weak 3d trend (+0.4%)), LTC-USD(weak 3d trend (+0.4%)), NEAR-USD(weak 3d trend (+0.1%)), OP-USD(weak 3d trend (-3.5%)), PEPE-USD(weak 3d trend (-1.9%)), RNDR-USD(weak 3d trend (+0.2%)), SEI-USD(weak 3d trend (-2.4%)), SHIB-USD(weak 3d trend (-3.5%)), SNX-USD(weak 3d trend (+0.0%)), SUI-USD(weak 3d trend (-4.2%)), TON-USD(weak 3d trend (-5.1%)), TRX-USD(weak 3d trend (+0.8%)), XLM-USD(weak 3d trend (-2.1%)), XRP-USD(weak 3d trend (+0.1%)) | warming=2 | neutral=8 | no_data=2
2026-08-18 11:27:16 | INFO     | trading_bot.broker.ibkr | IBKR scanner [TOP_PERC_GAIN]: 50 results
2026-08-18 11:27:16 | INFO     | trading_bot.broker.ibkr | IBKR scanner [MOST_ACTIVE]: 30 results
2026-08-18 11:27:17 | INFO     | trading_bot.broker.ibkr | IBKR scanner [HOT_BY_VOLUME]: 30 results
2026-08-18 11:27:18 | INFO     | trading_bot.broker.ibkr | IBKR scanner [HIGH_OPEN_GAP]: 30 results
2026-08-18 11:27:19 | INFO     | trading_bot.broker.ibkr | IBKR scanner [TOP_PERC_LOSE]: 20 results
2026-08-18 11:27:19 | INFO     | trading_bot.engine   | IBKR scanner: 117 unique symbols discovered | 50 gainers, 6 gaps, 20 losers
2026-08-18 11:27:19 | INFO     | trading_bot.engine   | Injected 1 runners into all strategies
2026-08-18 11:27:19 | INFO     | trading_bot.engine   | SYMBOL PRUNE: removed 6 stale symbols across strategies
2026-08-18 11:27:19 | INFO     | trading_bot.engine   | UNIVERSE CAP: working set 90 symbols (trimmed 115 low-priority equity names; max 90)
2026-08-18 11:27:19 | INFO     | trading_bot.data.market_data | Pruned 1 stale IBKR streams — now 47/95
2026-08-18 11:27:20 | INFO     | trading_bot.broker.ibkr | Subscribed to 1 live market data streams
2026-08-18 11:27:20 | INFO     | trading_bot.data.market_data | IBKR streaming active for 48 symbols
2026-08-18 11:30:17 | INFO     | trading_bot.engine   | DATA COVERAGE: 75/90 symbols have bars, 90/90 have prices | IBKR blacklisted: 42
2026-08-18 11:30:17 | WARNING  | trading_bot.engine   | SLOW CYCLE (182.9s total): update_data=177.2s, discover=5.6s
2026-08-18 11:30:20 | INFO     | trading_bot.engine   | CRYPTO FAST LANE HEARTBEAT (mean_reversion): universe=42 | WAIT[30]: ADA-USD(weak 3d trend (-1.9%)), ALGO-USD(weak 3d trend (-2.2%)), APT-USD(weak 3d trend (-2.4%)), ARB-USD(weak 3d trend (+0.5%)), ATOM-USD(weak 3d trend (-3.3%)), AVAX-USD(weak 3d trend (-3.0%)), BONK-USD(weak 3d trend (-1.7%)), CRV-USD(weak 3d trend (+0.0%)), DOGE-USD(weak 3d trend (+0.3%)), DOT-USD(weak 3d trend (-4.7%)), FET-USD(weak 3d trend (-7.7%)), FLOKI-USD(weak 3d trend (-1.9%)), GRT-USD(weak 3d trend (-5.1%)), HBAR-USD(weak 3d trend (+0.6%)), ICP-USD(weak 3d trend (-2.5%)), IMX-USD(weak 3d trend (-15.2%)), JUP-USD(weak 3d trend (+0.4%)), LTC-USD(weak 3d trend (+0.4%)), NEAR-USD(weak 3d trend (+0.1%)), OP-USD(weak 3d trend (-3.5%)), PEPE-USD(weak 3d trend (-1.9%)), RNDR-USD(weak 3d trend (+0.2%)), SEI-USD(weak 3d trend (-2.4%)), SHIB-USD(weak 3d trend (-3.5%)), SNX-USD(weak 3d trend (+0.0%)), SUI-USD(weak 3d trend (-4.2%)), TON-USD(weak 3d trend (-5.1%)), TRX-USD(weak 3d trend (+0.3%)), XLM-USD(weak 3d trend (-2.1%)), XRP-USD(weak 3d trend (+0.1%)) | warming=2 | neutral=8 | no_data=2
2026-08-18 11:30:27 | INFO     | trading_bot.broker.ibkr | IBKR scanner [TOP_PERC_GAIN]: 50 results
2026-08-18 11:30:28 | INFO     | trading_bot.broker.ibkr | IBKR scanner [MOST_ACTIVE]: 30 results
2026-08-18 11:30:29 | INFO     | trading_bot.broker.ibkr | IBKR scanner [HOT_BY_VOLUME]: 30 results
2026-08-18 11:30:30 | INFO     | trading_bot.broker.ibkr | IBKR scanner [HIGH_OPEN_GAP]: 30 results
2026-08-18 11:30:30 | INFO     | trading_bot.broker.ibkr | IBKR scanner [TOP_PERC_LOSE]: 20 results
2026-08-18 11:30:30 | INFO     | trading_bot.engine   | IBKR scanner: 117 unique symbols discovered | 50 gainers, 6 gaps, 20 losers
2026-08-18 11:30:31 | INFO     | trading_bot.engine   | Injected 1 runners into all strategies
2026-08-18 11:30:31 | INFO     | trading_bot.engine   | SYMBOL PRUNE: removed 9 stale symbols across strategies
2026-08-18 11:30:31 | INFO     | trading_bot.engine   | UNIVERSE CAP: working set 90 symbols (trimmed 114 low-priority equity names; max 90)
2026-08-18 11:30:31 | INFO     | trading_bot.data.market_data | Pruned 1 stale IBKR streams — now 47/95
2026-08-18 11:30:31 | INFO     | trading_bot.broker.ibkr | Subscribed to 1 live market data streams
2026-08-18 11:30:31 | INFO     | trading_bot.data.market_data | IBKR streaming active for 48 symbols
2026-08-18 11:33:53 | WARNING  | trading_bot.engine   | SLOW CYCLE (207.1s total): update_data=202.0s
2026-08-18 11:33:56 | INFO     | trading_bot.engine   | CRYPTO FAST LANE HEARTBEAT (mean_reversion): universe=42 | WAIT[30]: ADA-USD(weak 3d trend (-1.9%)), ALGO-USD(weak 3d trend (-2.2%)), APT-USD(weak 3d trend (-2.4%)), ARB-USD(weak 3d trend (+0.5%)), ATOM-USD(weak 3d trend (-3.3%)), AVAX-USD(weak 3d trend (-3.0%)), BONK-USD(weak 3d trend (-1.7%)), CRV-USD(weak 3d trend (+0.0%)), DOGE-USD(weak 3d trend (+0.1%)), DOT-USD(weak 3d trend (-4.7%)), FET-USD(weak 3d trend (-7.7%)), FLOKI-USD(weak 3d trend (-1.9%)), GRT-USD(weak 3d trend (-5.1%)), HBAR-USD(weak 3d trend (+0.6%)), ICP-USD(weak 3d trend (-2.5%)), IMX-USD(weak 3d trend (-15.2%)), JUP-USD(weak 3d trend (+0.4%)), LTC-USD(weak 3d trend (+0.4%)), NEAR-USD(weak 3d trend (+0.1%)), OP-USD(weak 3d trend (-3.5%)), PEPE-USD(weak 3d trend (-1.9%)), RNDR-USD(weak 3d trend (+0.2%)), SEI-USD(weak 3d trend (-2.4%)), SHIB-USD(weak 3d trend (-3.5%)), SNX-USD(weak 3d trend (+0.0%)), SUI-USD(weak 3d trend (-4.2%)), TON-USD(weak 3d trend (-5.1%)), TRX-USD(weak 3d trend (+0.3%)), XLM-USD(weak 3d trend (-2.1%)), XRP-USD(weak 3d trend (+0.2%)) | warming=4 | neutral=6 | no_data=2
2026-08-18 11:34:03 | INFO     | trading_bot.broker.ibkr | IBKR scanner [TOP_PERC_GAIN]: 50 results
2026-08-18 11:34:04 | INFO     | trading_bot.broker.ibkr | IBKR scanner [MOST_ACTIVE]: 30 results
2026-08-18 11:34:05 | INFO     | trading_bot.broker.ibkr | IBKR scanner [HOT_BY_VOLUME]: 30 results
2026-08-18 11:34:06 | INFO     | trading_bot.broker.ibkr | IBKR scanner [HIGH_OPEN_GAP]: 30 results
2026-08-18 11:34:07 | INFO     | trading_bot.broker.ibkr | IBKR scanner [TOP_PERC_LOSE]: 20 results
2026-08-18 11:34:07 | INFO     | trading_bot.engine   | IBKR scanner: 116 unique symbols discovered | 50 gainers, 6 gaps, 20 losers
2026-08-18 11:34:07 | INFO     | trading_bot.engine   | Injected 1 runners into all strategies
2026-08-18 11:34:07 | INFO     | trading_bot.engine   | SYMBOL PRUNE: removed 18 stale symbols across strategies
2026-08-18 11:34:07 | INFO     | trading_bot.engine   | UNIVERSE CAP: working set 90 symbols (trimmed 110 low-priority equity names; max 90)
2026-08-18 11:34:07 | INFO     | trading_bot.data.market_data | Pruned 2 stale IBKR streams — now 46/95
2026-08-18 11:34:07 | INFO     | trading_bot.broker.ibkr | Subscribed to 2 live market data streams
2026-08-18 11:34:07 | INFO     | trading_bot.data.market_data | IBKR streaming active for 48 symbols
2026-08-18 11:36:53 | WARNING  | trading_bot.engine   | SLOW CYCLE (170.9s total): update_data=166.0s
2026-08-18 11:36:53 | INFO     | trading_bot.engine   | CYCLE #211: regime=sideways | signals=0->approved=0 | positions=0/15 | bars_warm=188/188 | equity_open=True | pm=False pwr_hr=False
2026-08-18 11:36:56 | INFO     | trading_bot.engine   | CRYPTO FAST LANE HEARTBEAT (mean_reversion): universe=42 | WAIT[30]: ADA-USD(weak 3d trend (-1.9%)), ALGO-USD(weak 3d trend (-2.2%)), APT-USD(weak 3d trend (-2.4%)), ARB-USD(weak 3d trend (+0.5%)), ATOM-USD(weak 3d trend (-3.3%)), AVAX-USD(weak 3d trend (-2.7%)), BONK-USD(weak 3d trend (-1.7%)), CRV-USD(weak 3d trend (+0.0%)), DOGE-USD(weak 3d trend (+0.1%)), DOT-USD(weak 3d trend (-4.7%)), FET-USD(weak 3d trend (-7.7%)), FLOKI-USD(weak 3d trend (-1.9%)), GRT-USD(weak 3d trend (-5.1%)), HBAR-USD(weak 3d trend (+0.6%)), ICP-USD(weak 3d trend (-2.5%)), IMX-USD(weak 3d trend (-15.2%)), JUP-USD(weak 3d trend (+0.4%)), LTC-USD(weak 3d trend (+0.4%)), NEAR-USD(weak 3d trend (+0.1%)), OP-USD(weak 3d trend (-3.5%)), PEPE-USD(weak 3d trend (-1.9%)), RNDR-USD(weak 3d trend (+0.2%)), SEI-USD(weak 3d trend (-2.4%)), SHIB-USD(weak 3d trend (-3.5%)), SNX-USD(weak 3d trend (+0.0%)), SUI-USD(weak 3d trend (-3.8%)), TON-USD(weak 3d trend (-5.1%)), TRX-USD(weak 3d trend (+0.3%)), XLM-USD(weak 3d trend (-2.1%)), XRP-USD(weak 3d trend (+0.3%)) | warming=4 | neutral=6 | no_data=2
2026-08-18 11:37:03 | INFO     | trading_bot.broker.ibkr | IBKR scanner [TOP_PERC_GAIN]: 50 results
2026-08-18 11:37:04 | INFO     | trading_bot.broker.ibkr | IBKR scanner [MOST_ACTIVE]: 30 results
2026-08-18 11:37:05 | INFO     | trading_bot.broker.ibkr | IBKR scanner [HOT_BY_VOLUME]: 30 results
2026-08-18 11:37:06 | INFO     | trading_bot.broker.ibkr | IBKR scanner [HIGH_OPEN_GAP]: 30 results
2026-08-18 11:37:07 | INFO     | trading_bot.broker.ibkr | IBKR scanner [TOP_PERC_LOSE]: 20 results
2026-08-18 11:37:07 | INFO     | trading_bot.engine   | IBKR scanner: 116 unique symbols discovered | 50 gainers, 5 gaps, 20 losers
2026-08-18 11:37:07 | INFO     | trading_bot.engine   | Injected 1 runners into all strategies
2026-08-18 11:37:07 | INFO     | trading_bot.engine   | UNIVERSE CAP: working set 90 symbols (trimmed 113 low-priority equity names; max 90)
2026-08-18 11:39:59 | WARNING  | trading_bot.engine   | SLOW CYCLE (176.7s total): update_data=172.0s
2026-08-18 11:40:02 | INFO     | trading_bot.engine   | CRYPTO FAST LANE HEARTBEAT (mean_reversion): universe=42 | WAIT[30]: ADA-USD(weak 3d trend (-1.9%)), ALGO-USD(weak 3d trend (-2.2%)), APT-USD(weak 3d trend (-2.4%)), ARB-USD(weak 3d trend (+0.5%)), ATOM-USD(weak 3d trend (-3.3%)), AVAX-USD(weak 3d trend (-2.7%)), BONK-USD(weak 3d trend (-1.7%)), CRV-USD(weak 3d trend (+0.0%)), DOGE-USD(weak 3d trend (+0.1%)), DOT-USD(weak 3d trend (-4.7%)), FET-USD(weak 3d trend (-7.7%)), FLOKI-USD(weak 3d trend (-1.9%)), GRT-USD(weak 3d trend (-5.1%)), HBAR-USD(weak 3d trend (+0.6%)), ICP-USD(weak 3d trend (-2.5%)), IMX-USD(weak 3d trend (-15.2%)), JUP-USD(weak 3d trend (+0.4%)), LTC-USD(weak 3d trend (+0.4%)), NEAR-USD(weak 3d trend (+0.1%)), OP-USD(weak 3d trend (-3.5%)), PEPE-USD(weak 3d trend (-1.9%)), RNDR-USD(weak 3d trend (+0.2%)), SEI-USD(weak 3d trend (-2.4%)), SHIB-USD(weak 3d trend (-3.5%)), SNX-USD(weak 3d trend (+0.0%)), SUI-USD(weak 3d trend (-3.8%)), TON-USD(weak 3d trend (-5.1%)), TRX-USD(weak 3d trend (+0.3%)), XLM-USD(weak 3d trend (-2.1%)), XRP-USD(weak 3d trend (+0.3%)) | warming=4 | neutral=6 | no_data=2
2026-08-18 11:40:09 | INFO     | trading_bot.broker.ibkr | IBKR scanner [TOP_PERC_GAIN]: 50 results
2026-08-18 11:40:10 | INFO     | trading_bot.broker.ibkr | IBKR scanner [MOST_ACTIVE]: 30 results
2026-08-18 11:40:11 | INFO     | trading_bot.broker.ibkr | IBKR scanner [HOT_BY_VOLUME]: 30 results
2026-08-18 11:40:12 | INFO     | trading_bot.broker.ibkr | IBKR scanner [HIGH_OPEN_GAP]: 30 results
2026-08-18 11:40:13 | INFO     | trading_bot.broker.ibkr | IBKR scanner [TOP_PERC_LOSE]: 20 results
2026-08-18 11:40:13 | INFO     | trading_bot.engine   | IBKR scanner: 116 unique symbols discovered | 50 gainers, 5 gaps, 20 losers
2026-08-18 11:40:13 | INFO     | trading_bot.engine   | Injected 1 runners into all strategies
2026-08-18 11:40:13 | INFO     | trading_bot.engine   | SYMBOL PRUNE: removed 3 stale symbols across strategies
2026-08-18 11:40:13 | INFO     | trading_bot.engine   | UNIVERSE CAP: working set 90 symbols (trimmed 113 low-priority equity names; max 90)
2026-08-18 11:40:13 | INFO     | trading_bot.data.market_data | Pruned 1 stale IBKR streams — now 47/95
2026-08-18 11:40:13 | INFO     | trading_bot.broker.ibkr | Subscribed to 1 live market data streams
2026-08-18 11:40:13 | INFO     | trading_bot.data.market_data | IBKR streaming active for 48 symbols
2026-08-18 11:43:05 | WARNING  | trading_bot.engine   | SLOW CYCLE (176.9s total): update_data=172.0s
2026-08-18 11:43:08 | INFO     | trading_bot.engine   | CRYPTO FAST LANE HEARTBEAT (mean_reversion): universe=42 | WAIT[31]: ADA-USD(weak 3d trend (-1.9%)), ALGO-USD(weak 3d trend (-2.2%)), APT-USD(weak 3d trend (-2.4%)), ARB-USD(weak 3d trend (+0.5%)), ATOM-USD(weak 3d trend (-3.3%)), AVAX-USD(weak 3d trend (-2.7%)), BONK-USD(weak 3d trend (-1.7%)), CRV-USD(weak 3d trend (+0.0%)), DOGE-USD(weak 3d trend (+0.2%)), DOT-USD(weak 3d trend (-4.7%)), FET-USD(weak 3d trend (-7.7%)), FLOKI-USD(weak 3d trend (-1.9%)), GRT-USD(weak 3d trend (-5.1%)), HBAR-USD(weak 3d trend (+0.6%)), ICP-USD(weak 3d trend (-2.5%)), IMX-USD(weak 3d trend (-15.2%)), JUP-USD(weak 3d trend (+0.4%)), LINK-USD(weak 3d trend (+0.4%)), LTC-USD(weak 3d trend (+0.2%)), NEAR-USD(weak 3d trend (+0.1%)), OP-USD(weak 3d trend (-3.5%)), PEPE-USD(weak 3d trend (-1.9%)), RNDR-USD(weak 3d trend (+0.2%)), SEI-USD(weak 3d trend (-2.4%)), SHIB-USD(weak 3d trend (-3.5%)), SNX-USD(weak 3d trend (+0.0%)), SUI-USD(weak 3d trend (-3.8%)), TON-USD(weak 3d trend (-5.1%)), TRX-USD(weak 3d trend (+0.3%)), XLM-USD(weak 3d trend (-2.1%)), XRP-USD(weak 3d trend (+0.2%)) | warming=5 | neutral=4 | no_data=2
2026-08-18 11:43:15 | INFO     | trading_bot.broker.ibkr | IBKR scanner [TOP_PERC_GAIN]: 50 results
2026-08-18 11:43:16 | INFO     | trading_bot.broker.ibkr | IBKR scanner [MOST_ACTIVE]: 30 results
2026-08-18 11:43:16 | INFO     | trading_bot.broker.ibkr | IBKR scanner [HOT_BY_VOLUME]: 30 results
2026-08-18 11:43:17 | INFO     | trading_bot.broker.ibkr | IBKR scanner [HIGH_OPEN_GAP]: 30 results
2026-08-18 11:43:18 | INFO     | trading_bot.broker.ibkr | IBKR scanner [TOP_PERC_LOSE]: 20 results
2026-08-18 11:43:18 | INFO     | trading_bot.engine   | IBKR scanner: 116 unique symbols discovered | 50 gainers, 5 gaps, 20 losers
2026-08-18 11:43:18 | INFO     | trading_bot.engine   | Injected 1 runners into all strategies
2026-08-18 11:43:18 | INFO     | trading_bot.engine   | SYMBOL PRUNE: removed 9 stale symbols across strategies
2026-08-18 11:43:18 | INFO     | trading_bot.engine   | UNIVERSE CAP: working set 90 symbols (trimmed 113 low-priority equity names; max 90)
2026-08-18 11:43:18 | INFO     | trading_bot.data.market_data | Pruned 1 stale IBKR streams — now 47/95
2026-08-18 11:43:18 | INFO     | trading_bot.broker.ibkr | Subscribed to 1 live market data streams
2026-08-18 11:43:18 | INFO     | trading_bot.data.market_data | IBKR streaming active for 48 symbols
2026-08-18 11:46:23 | INFO     | trading_bot.engine   | DATA COVERAGE: 85/90 symbols have bars, 90/90 have prices | IBKR blacklisted: 42
2026-08-18 11:46:23 | INFO     | trading_bot.strategy.momentum | SIGNAL: Momentum BUY: pullback entry, ADX=57, higher lows, Vol=2.9x | SGLY @ $6.40
2026-08-18 11:46:23 | INFO     | trading_bot.engine   | SIGNALS GENERATED: 1 signals from strategies
2026-08-18 11:46:23 | INFO     | trading_bot.engine   |   -> momentum: buy SGLY @ $6.40 conf=0.85
2026-08-18 11:46:23 | INFO     | trading_bot.risk.manager | APPROVED: buy SGLY | Momentum BUY: pullback entry, ADX=57, higher lows, Vol=2.9x
2026-08-18 11:46:23 | INFO     | trading_bot.notifications | [ALERT] Scanner Cycle: 📡 **[SCANNER]** Scanning 590 symbols
Market: 🟡 SIDEWAYS 
Signals found: 1
  ✅ SGLY: score 85/100 — Momentum BUY: pullback entry, ADX=57, higher lows, Vol=2.9x
Approved: 1 trades
2026-08-18 11:46:23 | WARNING  | trading_bot.engine   | SLOW CYCLE (189.3s total): update_data=184.3s
2026-08-18 11:46:26 | INFO     | trading_bot.engine   | SLIPPAGE DAMPENER: momentum avg=0.499% over 20 fills → sizing mult 0.67x
2026-08-18 11:46:26 | INFO     | trading_bot.risk.position_sizer | ADAPTIVE SIZING: base=1.00% → Kelly[momentum] 0.25x × DD 1.00x × Session 1.00x × Conf 1.50x × Regime 1.00x × Vol 1.00x × Slip 0.67x = 0.25% risk
2026-08-18 11:46:26 | INFO     | trading_bot.risk.position_sizer | Position size: 92 shares @ $6.33 = $582.36 | Risk: $48.76 (0.3% of account) [tier: 5-1000 shares]
2026-08-18 11:46:26 | INFO     | trading_bot.engine   | Executing SGLY via IBKR...
2026-08-18 11:46:26 | INFO     | trading_bot.broker.ibkr | ORDER ROUTING: SGLY → IEX (SMART bypass for Error 2152 / PendingSubmit lock)
2026-08-18 11:46:26 | INFO     | trading_bot.broker.ibkr | BRACKET PARENT → MARKET: SGLY (Error 2152 bypass — will fill at live ask, not LIMIT validation)
2026-08-18 11:46:26 | INFO     | trading_bot.broker.ibkr | Order update: SGLY | Status: PreSubmitted | Filled: 0.0/92.0
2026-08-18 11:46:26 | INFO     | trading_bot.broker.ibkr | Order update: SGLY | Status: PreSubmitted | Filled: 0.0/92.0
2026-08-18 11:46:26 | INFO     | trading_bot.broker.ibkr | Order update: SGLY | Status: PreSubmitted | Filled: 0.0/92.0
2026-08-18 11:46:26 | INFO     | trading_bot.broker.ibkr | Order update: SGLY | Status: Filled | Filled: 92.0/92.0 | AvgPrice: $6.41
2026-08-18 11:46:26 | INFO     | trading_bot.broker.ibkr | Order update: SGLY | Status: PreSubmitted | Filled: 0.0/92.0
2026-08-18 11:46:26 | INFO     | trading_bot.broker.ibkr | Order update: SGLY | Status: PreSubmitted | Filled: 0.0/92.0
2026-08-18 11:46:26 | INFO     | trading_bot.broker.ibkr | Order update: SGLY | Status: Submitted | Filled: 0.0/92.0
2026-08-18 11:46:27 | INFO     | trading_bot.broker.ibkr | BRACKET ORDER placed: BUY 92 SGLY @ LIMIT $6.46 | TP: $7.77 | SL: $5.80 | Parent ID: 1520815
2026-08-18 11:46:27 | INFO     | trading_bot.broker.ibkr | BRACKET FILLED: BUY 92/92 SGLY @ $6.4100 | signal $6.4600 | slippage -0.77% | parent=MARKET
2026-08-18 11:46:27 | INFO     | trading_bot.engine   | BRACKET ORDER active: SGLY | SL: $5.80 | TP: $7.77 (managed by IBKR server-side)
2026-08-18 11:46:27 | INFO     | trading_bot.engine   | FILL PRICE ADJUSTED: SGLY expected $6.33 but filled @ $6.41
2026-08-18 11:46:27 | WARNING  | trading_bot.engine   | SLIPPAGE REJECT: SGLY chased +1.3% above market (max 0.8%, RTH) — closing position immediately | Signal $6.40 → Live $6.33 → Fill $6.41
2026-08-18 11:46:27 | INFO     | trading_bot.notifications | [ALERT] Risk Alert: 🚨 **RISK ALERT**
```
Slippage reject: SGLY filled $6.41 (signal $6.40, slippage +1.3%). Closing immediately.
```
2026-08-18 11:46:28 | INFO     | trading_bot.engine   | ORDER BUY SGLY via IBKR | Qty: 92 | Price: $6.41 | Cost: $589.72 | Stop: $5.80 (risk $56.12) | Target: $7.77 (reward $125.58) | R:R 2.2:1 | Strategy: momentum
2026-08-18 11:46:28 | INFO     | trading_bot.notifications | [ALERT] Trade Entry: 🟢 **>>> ENTERING POSITION: SGLY**
```
  Entry: $6.41 x 92 shares = $589.72
  Stop:  $5.80 (-$56.12 | -9.5%)
  Targets: $7.77
  Risk/Reward: 2.2
```
Strategy: **momentum** | Confidence: **85%**
Reason:
2026-08-18 11:46:28 | INFO     | trading_bot.broker.traderspost | TP MIRROR: BUY SGLY qty=92 @ $6.41 → primary webhook (200)
2026-08-18 11:46:28 | INFO     | trading_bot.broker.ibkr | Tick-by-tick active for 1 symbols (every trade print)
2026-08-18 11:46:28 | WARNING  | trading_bot.engine   | SLIPPAGE CLOSE: Closing SGLY — excessive entry slippage
2026-08-18 11:46:28 | INFO     | trading_bot.broker.ibkr | Order update: SGLY | Status: PendingCancel | Filled: 0.0/92.0
2026-08-18 11:46:28 | INFO     | trading_bot.broker.ibkr | Order 1520817 cancelled
2026-08-18 11:46:28 | INFO     | trading_bot.engine   | Cancelled broker stop order for SGLY
2026-08-18 11:46:28 | INFO     | trading_bot.broker.ibkr | Order update: SGLY | Status: PendingCancel | Filled: 0.0/92.0
2026-08-18 11:46:28 | INFO     | trading_bot.broker.ibkr | Order 1520817 cancelled
2026-08-18 11:46:28 | INFO     | trading_bot.broker.ibkr | Order update: SGLY | Status: Cancelled | Filled: 0.0/92.0
2026-08-18 11:46:28 | WARNING  | trading_bot.broker.ibkr | IBKR Error 10148: OrderId 1520817 that needs to be cancelled cannot be cancelled, state: PendingCancel.
2026-08-18 11:46:28 | INFO     | trading_bot.broker.ibkr | Order update: SGLY | Status: PendingCancel | Filled: 0.0/92.0
2026-08-18 11:46:28 | INFO     | trading_bot.broker.ibkr | Order update: SGLY | Status: Cancelled | Filled: 0.0/92.0
2026-08-18 11:46:28 | WARNING  | trading_bot.broker.ibkr | IBKR Error 202: Order Canceled - reason:
2026-08-18 11:46:28 | INFO     | trading_bot.broker.ibkr | Order update: SGLY | Status: Cancelled | Filled: 0.0/92.0
2026-08-18 11:46:28 | WARNING  | trading_bot.broker.ibkr | IBKR Error 202: Order Canceled - reason:
2026-08-18 11:46:28 | INFO     | trading_bot.broker.ibkr | ORDER ROUTING: SGLY → IEX (SMART bypass for Error 2152 / PendingSubmit lock)
2026-08-18 11:46:28 | INFO     | trading_bot.broker.ibkr | Order update: SGLY | Status: PreSubmitted | Filled: 0.0/92.0
2026-08-18 11:46:28 | INFO     | trading_bot.broker.ibkr | Order update: SGLY | Status: Filled | Filled: 92.0/92.0 | AvgPrice: $6.40
2026-08-18 11:46:29 | INFO     | trading_bot.broker.ibkr | Order placed: SELL 92 SGLY @ MARKET MKT | Order ID: 1520821
2026-08-18 11:46:30 | INFO     | trading_bot.broker.ibkr | Order FILLED: SELL 92/92 SGLY @ $6.40 | Order ID: 1520821
2026-08-18 11:46:30 | INFO     | trading_bot.engine   | CLOSED SGLY via IBKR | slippage_reject | P&L: $-0.92 | Excessive slippage on entry — R:R invalid
2026-08-18 11:46:30 | INFO     | trading_bot.broker.traderspost | TP MIRROR: EXIT SGLY qty=92 @ $6.40 → primary webhook (200)
2026-08-18 11:46:30 | INFO     | trading_bot.notifications | [ALERT] Trade Exit: 💸 **<<< CLOSED: SGLY** (slippage_reject)
```
  Entry: $6.41 → Exit: $6.40
  P&L: $-0.92 (-0.16%)
  Shares: 92 | Value: $588.80
  Hold: 0m
```
Strategy: **momentum** | Excessive slippage on entry — R:R
2026-08-18 11:46:30 | INFO     | trading_bot.learning.trade_analyzer | Trade persisted: SGLY -0.92 (500 total in history)
2026-08-18 11:46:33 | INFO     | trading_bot.engine   | POST-TRADE LEARNING [SGLY]: **AVOID:momentum_sgly_micro**

Slippage_reject on a $6.41 stock = illiquid fill. 50% win rate on momentum is breakeven at best. Skip sub-$7 momentum plays until liquidity improves.
2026-08-18 11:46:33 | WARNING  | trading_bot.engine   | LEARNING: Avoiding strategy 'momentum_sgly_micro' (total avoids: 1)
2026-08-18 11:46:33 | WARNING  | trading_bot.broker.ibkr | IBKR Error 2152: Exchanges - Depth: IEX; Top: BYX; AMEX; CHX; IBEOS; PSX; LTSE; DRCTEDGE; Need additional market data permissions - Depth: BATS; NASDAQ; BEX; NYSE; Unknown market data permissions - Depth: ARCA; Top: TXSE; PEARL; NYSENAT; T24X; MEMX; OVERNIGHT; EDGEA; ISE; 
2026-08-18 11:46:34 | WARNING  | trading_bot.broker.ibkr | IBKR Error 2152: Exchanges - Top: BYX; AMEX; PEARL; T24X; MEMX; OVERNIGHT; EDGEA; TXSE; CHX; IBEOS; NYSENAT; PSX; LTSE; ISE; DRCTEDGE; Need additional market data permissions - Depth: ARCA; Unknown market data permissions - Depth: BATS; NASDAQ; BEX; NYSE; IEX; 
2026-08-18 11:46:35 | WARNING  | trading_bot.broker.ibkr | IBKR Error 2152: Exchanges - Top: BYX; AMEX; PEARL; T24X; MEMX; OVERNIGHT; EDGEA; TXSE; CHX; IBEOS; NYSENAT; PSX; LTSE; ISE; DRCTEDGE; Need additional market data permissions - Depth: ARCA; Unknown market data permissions - Depth: BATS; NASDAQ; BEX; NYSE; IEX; 
2026-08-18 11:46:36 | INFO     | trading_bot.engine   | CRYPTO FAST LANE HEARTBEAT (mean_reversion): universe=42 | WAIT[31]: ADA-USD(weak 3d trend (-1.9%)), ALGO-USD(weak 3d trend (-2.1%)), APT-USD(weak 3d trend (-2.4%)), ARB-USD(weak 3d trend (+0.5%)), ATOM-USD(weak 3d trend (-3.3%)), AVAX-USD(weak 3d trend (-2.7%)), BONK-USD(weak 3d trend (-1.7%)), CRV-USD(weak 3d trend (+0.0%)), DOGE-USD(weak 3d trend (+0.2%)), DOT-USD(weak 3d trend (-4.7%)), FET-USD(weak 3d trend (-7.7%)), FLOKI-USD(weak 3d trend (-1.9%)), GRT-USD(weak 3d trend (-5.1%)), HBAR-USD(weak 3d trend (+0.6%)), ICP-USD(weak 3d trend (-2.5%)), IMX-USD(weak 3d trend (-15.2%)), JUP-USD(weak 3d trend (+0.4%)), LINK-USD(weak 3d trend (+0.4%)), LTC-USD(weak 3d trend (+0.2%)), NEAR-USD(weak 3d trend (+0.1%)), OP-USD(weak 3d trend (-3.5%)), PEPE-USD(weak 3d trend (-1.9%)), RNDR-USD(weak 3d trend (+0.2%)), SEI-USD(weak 3d trend (-2.4%)), SHIB-USD(weak 3d trend (-3.5%)), SNX-USD(weak 3d trend (+0.0%)), SUI-USD(weak 3d trend (-3.8%)), TON-USD(weak 3d trend (-5.1%)), TRX-USD(weak 3d trend (+0.3%)), XLM-USD(weak 3d trend (-2.1%)), XRP-USD(weak 3d trend (+0.2%)) | warming=5 | neutral=4 | no_data=2
2026-08-18 11:46:43 | INFO     | trading_bot.broker.ibkr | IBKR scanner [TOP_PERC_GAIN]: 50 results
2026-08-18 11:46:44 | INFO     | trading_bot.broker.ibkr | IBKR scanner [MOST_ACTIVE]: 30 results
2026-08-18 11:46:45 | INFO     | trading_bot.broker.ibkr | IBKR scanner [HOT_BY_VOLUME]: 30 results
2026-08-18 11:46:46 | INFO     | trading_bot.broker.ibkr | IBKR scanner [HIGH_OPEN_GAP]: 30 results
2026-08-18 11:46:47 | INFO     | trading_bot.broker.ibkr | IBKR scanner [TOP_PERC_LOSE]: 20 results
2026-08-18 11:46:47 | INFO     | trading_bot.engine   | IBKR scanner: 116 unique symbols discovered | 50 gainers, 5 gaps, 20 losers
2026-08-18 11:46:47 | INFO     | trading_bot.engine   | Injected 1 runners into all strategies
2026-08-18 11:46:47 | INFO     | trading_bot.engine   | SYMBOL PRUNE: removed 3 stale symbols across strategies
2026-08-18 11:46:47 | INFO     | trading_bot.engine   | UNIVERSE CAP: working set 90 symbols (trimmed 113 low-priority equity names; max 90)
2026-08-18 11:49:59 | WARNING  | trading_bot.engine   | SLOW CYCLE (196.5s total): update_data=191.7s
2026-08-18 11:50:02 | INFO     | trading_bot.engine   | CRYPTO FAST LANE HEARTBEAT (mean_reversion): universe=42 | WAIT[31]: ADA-USD(weak 3d trend (-1.9%)), ALGO-USD(weak 3d trend (-2.0%)), APT-USD(weak 3d trend (-2.4%)), ARB-USD(weak 3d trend (+0.5%)), ATOM-USD(weak 3d trend (-3.3%)), AVAX-USD(weak 3d trend (-3.0%)), BONK-USD(weak 3d trend (-1.7%)), CRV-USD(weak 3d trend (+0.0%)), DOGE-USD(weak 3d trend (+0.2%)), DOT-USD(weak 3d trend (-4.0%)), FET-USD(weak 3d trend (-7.7%)), FLOKI-USD(weak 3d trend (-1.9%)), GRT-USD(weak 3d trend (-5.1%)), HBAR-USD(weak 3d trend (+0.5%)), ICP-USD(weak 3d trend (-2.5%)), IMX-USD(weak 3d trend (-15.2%)), JUP-USD(weak 3d trend (+0.4%)), LINK-USD(weak 3d trend (+0.2%)), LTC-USD(weak 3d trend (-0.0%)), NEAR-USD(weak 3d trend (+0.1%)), OP-USD(weak 3d trend (-3.5%)), PEPE-USD(weak 3d trend (-1.9%)), RNDR-USD(weak 3d trend (+0.2%)), SEI-USD(weak 3d trend (-2.4%)), SHIB-USD(weak 3d trend (-3.5%)), SNX-USD(weak 3d trend (+0.0%)), SUI-USD(weak 3d trend (-3.8%)), TON-USD(weak 3d trend (-5.1%)), TRX-USD(weak 3d trend (+0.3%)), XLM-USD(weak 3d trend (-2.1%)), XRP-USD(weak 3d trend (+0.1%)) | warming=4 | neutral=5 | no_data=2
2026-08-18 11:50:09 | INFO     | trading_bot.broker.ibkr | IBKR scanner [TOP_PERC_GAIN]: 50 results
2026-08-18 11:50:10 | INFO     | trading_bot.broker.ibkr | IBKR scanner [MOST_ACTIVE]: 30 results
2026-08-18 11:50:10 | INFO     | trading_bot.broker.ibkr | IBKR scanner [HOT_BY_VOLUME]: 30 results
2026-08-18 11:50:11 | INFO     | trading_bot.broker.ibkr | IBKR scanner [HIGH_OPEN_GAP]: 30 results
2026-08-18 11:50:12 | INFO     | trading_bot.broker.ibkr | IBKR scanner [TOP_PERC_LOSE]: 20 results
2026-08-18 11:50:12 | INFO     | trading_bot.engine   | IBKR scanner: 117 unique symbols discovered | 50 gainers, 5 gaps, 20 losers
2026-08-18 11:50:13 | INFO     | trading_bot.engine   | Injected 1 runners into all strategies
2026-08-18 11:50:13 | INFO     | trading_bot.engine   | SYMBOL PRUNE: removed 3 stale symbols across strategies
2026-08-18 11:50:13 | INFO     | trading_bot.engine   | UNIVERSE CAP: working set 90 symbols (trimmed 114 low-priority equity names; max 90)
2026-08-18 11:50:45 | INFO     | trading_bot.signals.politician_tracker | Checking for new politician trade disclosures...
2026-08-18 11:53:05 | WARNING  | trading_bot.engine   | SLOW CYCLE (176.7s total): update_data=171.8s
2026-08-18 11:53:08 | INFO     | trading_bot.engine   | CRYPTO FAST LANE HEARTBEAT (mean_reversion): universe=42 | WAIT[33]: ADA-USD(weak 3d trend (-1.9%)), ALGO-USD(weak 3d trend (-2.0%)), APT-USD(weak 3d trend (-2.4%)), ARB-USD(weak 3d trend (+0.5%)), ATOM-USD(weak 3d trend (-3.3%)), AVAX-USD(weak 3d trend (-2.9%)), BONK-USD(weak 3d trend (-1.7%)), CRV-USD(weak 3d trend (+0.0%)), DOGE-USD(weak 3d trend (+0.2%)), DOT-USD(weak 3d trend (-4.0%)), ETC-USD(needs vol>1.3x), FET-USD(weak 3d trend (-7.7%)), FLOKI-USD(weak 3d trend (-1.9%)), GRT-USD(weak 3d trend (-5.1%)), HBAR-USD(weak 3d trend (+0.5%)), ICP-USD(weak 3d trend (-2.5%)), IMX-USD(weak 3d trend (-15.2%)), JUP-USD(weak 3d trend (+0.4%)), LINK-USD(weak 3d trend (+0.1%)), LTC-USD(weak 3d trend (+0.0%)), MATIC-USD(needs vol>=1.1x), NEAR-USD(weak 3d trend (+0.1%)), OP-USD(weak 3d trend (-3.5%)), PEPE-USD(weak 3d trend (-1.5%)), RNDR-USD(weak 3d trend (+0.2%)), SEI-USD(weak 3d trend (-2.4%)), SHIB-USD(weak 3d trend (-3.5%)), SNX-USD(weak 3d trend (+0.0%)), SUI-USD(weak 3d trend (-3.8%)), TON-USD(weak 3d trend (-5.1%)), TRX-USD(weak 3d trend (+0.3%)), XLM-USD(weak 3d trend (-2.1%)), XRP-USD(weak 3d trend (+0.2%)) | warming=4 | neutral=3 | no_data=2
2026-08-18 11:53:15 | INFO     | trading_bot.broker.ibkr | IBKR scanner [TOP_PERC_GAIN]: 50 results
2026-08-18 11:53:15 | INFO     | trading_bot.broker.ibkr | IBKR scanner [MOST_ACTIVE]: 30 results
2026-08-18 11:53:16 | INFO     | trading_bot.broker.ibkr | IBKR scanner [HOT_BY_VOLUME]: 30 results
2026-08-18 11:53:17 | INFO     | trading_bot.broker.ibkr | IBKR scanner [HIGH_OPEN_GAP]: 30 results
2026-08-18 11:53:18 | INFO     | trading_bot.broker.ibkr | IBKR scanner [TOP_PERC_LOSE]: 20 results
2026-08-18 11:53:18 | INFO     | trading_bot.engine   | IBKR scanner: 118 unique symbols discovered | 50 gainers, 5 gaps, 20 losers
2026-08-18 11:53:18 | INFO     | trading_bot.engine   | Injected 1 runners into all strategies
2026-08-18 11:53:18 | INFO     | trading_bot.engine   | UNIVERSE CAP: working set 90 symbols (trimmed 115 low-priority equity names; max 90)
2026-08-18 11:53:18 | INFO     | trading_bot.data.market_data | Pruned 1 stale IBKR streams — now 47/95
2026-08-18 11:53:18 | INFO     | trading_bot.broker.ibkr | Subscribed to 1 live market data streams
2026-08-18 11:53:18 | INFO     | trading_bot.data.market_data | IBKR streaming active for 48 symbols
2026-08-18 11:56:17 | WARNING  | trading_bot.engine   | SLOW CYCLE (182.9s total): update_data=178.3s
2026-08-18 11:56:17 | INFO     | trading_bot.engine   | CYCLE #217: regime=sideways | signals=0->approved=0 | positions=0/15 | bars_warm=197/197 | equity_open=True | pm=False pwr_hr=False
2026-08-18 11:56:20 | INFO     | trading_bot.engine   | CRYPTO FAST LANE HEARTBEAT (mean_reversion): universe=42 | WAIT[32]: ADA-USD(weak 3d trend (-1.9%)), ALGO-USD(weak 3d trend (-2.0%)), APT-USD(weak 3d trend (-2.4%)), ARB-USD(weak 3d trend (+0.5%)), ATOM-USD(weak 3d trend (-3.3%)), AVAX-USD(weak 3d trend (-2.9%)), BONK-USD(weak 3d trend (-1.7%)), CRV-USD(weak 3d trend (+0.0%)), DOGE-USD(weak 3d trend (+0.2%)), DOT-USD(weak 3d trend (-4.0%)), FET-USD(weak 3d trend (-7.7%)), FLOKI-USD(weak 3d trend (-1.9%)), GRT-USD(weak 3d trend (-5.1%)), HBAR-USD(weak 3d trend (+0.5%)), ICP-USD(weak 3d trend (-2.5%)), IMX-USD(weak 3d trend (-15.2%)), JUP-USD(weak 3d trend (+0.4%)), LINK-USD(weak 3d trend (-0.0%)), LTC-USD(weak 3d trend (-0.1%)), MATIC-USD(needs vol>=1.1x), NEAR-USD(weak 3d trend (+0.1%)), OP-USD(weak 3d trend (-3.5%)), PEPE-USD(weak 3d trend (-1.5%)), RNDR-USD(weak 3d trend (+0.2%)), SEI-USD(weak 3d trend (-2.4%)), SHIB-USD(weak 3d trend (-3.5%)), SNX-USD(weak 3d trend (+0.0%)), SUI-USD(weak 3d trend (-3.8%)), TON-USD(weak 3d trend (-5.1%)), TRX-USD(weak 3d trend (+0.3%)), XLM-USD(weak 3d trend (-1.9%)), XRP-USD(weak 3d trend (+0.2%)) | warming=3 | neutral=5 | no_data=2
2026-08-18 11:56:27 | INFO     | trading_bot.broker.ibkr | IBKR scanner [TOP_PERC_GAIN]: 50 results
2026-08-18 11:56:28 | INFO     | trading_bot.broker.ibkr | IBKR scanner [MOST_ACTIVE]: 30 results
2026-08-18 11:56:29 | INFO     | trading_bot.broker.ibkr | IBKR scanner [HOT_BY_VOLUME]: 30 results
2026-08-18 11:56:30 | INFO     | trading_bot.broker.ibkr | IBKR scanner [HIGH_OPEN_GAP]: 30 results
2026-08-18 11:56:31 | INFO     | trading_bot.broker.ibkr | IBKR scanner [TOP_PERC_LOSE]: 20 results
2026-08-18 11:56:31 | INFO     | trading_bot.engine   | IBKR scanner: 115 unique symbols discovered | 50 gainers, 5 gaps, 20 losers
2026-08-18 11:56:31 | INFO     | trading_bot.engine   | Injected 1 runners into all strategies
2026-08-18 11:56:31 | INFO     | trading_bot.engine   | SYMBOL PRUNE: removed 9 stale symbols across strategies
2026-08-18 11:56:31 | INFO     | trading_bot.engine   | UNIVERSE CAP: working set 90 symbols (trimmed 114 low-priority equity names; max 90)
2026-08-18 11:56:31 | INFO     | trading_bot.data.market_data | Pruned 1 stale IBKR streams — now 47/95
2026-08-18 11:56:31 | INFO     | trading_bot.broker.ibkr | Subscribed to 1 live market data streams
2026-08-18 11:56:31 | INFO     | trading_bot.data.market_data | IBKR streaming active for 48 symbols
2026-08-18 11:59:41 | WARNING  | trading_bot.engine   | SLOW CYCLE (194.9s total): update_data=189.1s, discover=5.7s
2026-08-18 11:59:44 | INFO     | trading_bot.engine   | CRYPTO FAST LANE HEARTBEAT (mean_reversion): universe=42 | WAIT[32]: ADA-USD(weak 3d trend (-1.9%)), ALGO-USD(weak 3d trend (-2.0%)), APT-USD(weak 3d trend (-2.4%)), ARB-USD(weak 3d trend (+0.5%)), ATOM-USD(weak 3d trend (-3.3%)), AVAX-USD(weak 3d trend (-2.9%)), BONK-USD(weak 3d trend (-1.7%)), CRV-USD(weak 3d trend (+0.0%)), DOGE-USD(weak 3d trend (+0.2%)), DOT-USD(weak 3d trend (-4.0%)), FET-USD(weak 3d trend (-7.7%)), FLOKI-USD(weak 3d trend (-1.9%)), GRT-USD(weak 3d trend (-5.1%)), HBAR-USD(weak 3d trend (+0.4%)), ICP-USD(weak 3d trend (-3.0%)), IMX-USD(weak 3d trend (-15.2%)), JUP-USD(weak 3d trend (+0.4%)), LINK-USD(weak 3d trend (-0.3%)), LTC-USD(weak 3d trend (-0.1%)), MATIC-USD(needs vol>=1.1x), NEAR-USD(weak 3d trend (+0.1%)), OP-USD(weak 3d trend (-3.5%)), PEPE-USD(weak 3d trend (-1.5%)), RNDR-USD(weak 3d trend (+0.2%)), SEI-USD(weak 3d trend (-2.4%)), SHIB-USD(weak 3d trend (-3.5%)), SNX-USD(weak 3d trend (+0.0%)), SUI-USD(weak 3d trend (-3.8%)), TON-USD(weak 3d trend (-5.1%)), TRX-USD(weak 3d trend (+0.1%)), XLM-USD(weak 3d trend (-1.9%)), XRP-USD(weak 3d trend (+0.1%)) | warming=4 | neutral=4 | no_data=2
2026-08-18 11:59:50 | INFO     | trading_bot.broker.ibkr | IBKR scanner [TOP_PERC_GAIN]: 50 results
2026-08-18 11:59:51 | INFO     | trading_bot.broker.ibkr | IBKR scanner [MOST_ACTIVE]: 30 results
2026-08-18 11:59:52 | INFO     | trading_bot.broker.ibkr | IBKR scanner [HOT_BY_VOLUME]: 30 results
2026-08-18 11:59:53 | INFO     | trading_bot.broker.ibkr | IBKR scanner [HIGH_OPEN_GAP]: 30 results
2026-08-18 11:59:54 | INFO     | trading_bot.broker.ibkr | IBKR scanner [TOP_PERC_LOSE]: 20 results
2026-08-18 11:59:54 | INFO     | trading_bot.engine   | IBKR scanner: 117 unique symbols discovered | 50 gainers, 6 gaps, 20 losers
2026-08-18 11:59:54 | INFO     | trading_bot.engine   | Injected 1 runners into all strategies
2026-08-18 11:59:54 | INFO     | trading_bot.engine   | SYMBOL PRUNE: removed 3 stale symbols across strategies
2026-08-18 11:59:54 | INFO     | trading_bot.engine   | UNIVERSE CAP: working set 90 symbols (trimmed 115 low-priority equity names; max 90)
2026-08-18 12:03:06 | INFO     | trading_bot.engine   | DATA COVERAGE: 84/90 symbols have bars, 90/90 have prices | IBKR blacklisted: 42
2026-08-18 12:03:06 | WARNING  | trading_bot.engine   | SLOW CYCLE (196.8s total): update_data=192.1s
2026-08-18 12:03:09 | INFO     | trading_bot.engine   | CRYPTO FAST LANE HEARTBEAT (mean_reversion): universe=42 | WAIT[31]: ADA-USD(weak 3d trend (-1.9%)), ALGO-USD(weak 3d trend (-2.0%)), APT-USD(weak 3d trend (-2.4%)), ARB-USD(weak 3d trend (+0.5%)), ATOM-USD(weak 3d trend (-3.3%)), AVAX-USD(weak 3d trend (-2.9%)), BONK-USD(weak 3d trend (-1.7%)), CRV-USD(weak 3d trend (+0.0%)), DOGE-USD(weak 3d trend (+0.3%)), DOT-USD(weak 3d trend (-4.0%)), FET-USD(weak 3d trend (-7.7%)), FLOKI-USD(weak 3d trend (-1.9%)), GRT-USD(weak 3d trend (-5.1%)), HBAR-USD(weak 3d trend (+0.4%)), ICP-USD(weak 3d trend (-3.0%)), IMX-USD(weak 3d trend (-15.2%)), JUP-USD(weak 3d trend (+0.4%)), LINK-USD(weak 3d trend (-0.3%)), LTC-USD(weak 3d trend (-0.1%)), NEAR-USD(weak 3d trend (+0.1%)), OP-USD(weak 3d trend (-3.5%)), PEPE-USD(weak 3d trend (-1.5%)), RNDR-USD(weak 3d trend (+0.2%)), SEI-USD(weak 3d trend (-2.4%)), SHIB-USD(weak 3d trend (-3.5%)), SNX-USD(weak 3d trend (+0.0%)), SUI-USD(weak 3d trend (-3.8%)), TON-USD(weak 3d trend (-5.1%)), TRX-USD(weak 3d trend (+0.1%)), XLM-USD(weak 3d trend (-1.9%)), XRP-USD(weak 3d trend (+0.1%)) | warming=4 | neutral=5 | no_data=2
2026-08-18 12:03:16 | INFO     | trading_bot.broker.ibkr | IBKR scanner [TOP_PERC_GAIN]: 50 results
2026-08-18 12:03:17 | INFO     | trading_bot.broker.ibkr | IBKR scanner [MOST_ACTIVE]: 30 results
2026-08-18 12:03:18 | INFO     | trading_bot.broker.ibkr | IBKR scanner [HOT_BY_VOLUME]: 30 results
2026-08-18 12:03:19 | INFO     | trading_bot.broker.ibkr | IBKR scanner [HIGH_OPEN_GAP]: 30 results
2026-08-18 12:03:20 | INFO     | trading_bot.broker.ibkr | IBKR scanner [TOP_PERC_LOSE]: 20 results
2026-08-18 12:03:20 | INFO     | trading_bot.engine   | IBKR scanner: 117 unique symbols discovered | 50 gainers, 6 gaps, 20 losers
2026-08-18 12:03:20 | INFO     | trading_bot.engine   | Injected 1 runners into all strategies
2026-08-18 12:03:20 | INFO     | trading_bot.engine   | SYMBOL PRUNE: removed 12 stale symbols across strategies
2026-08-18 12:03:20 | INFO     | trading_bot.engine   | UNIVERSE CAP: working set 90 symbols (trimmed 111 low-priority equity names; max 90)
2026-08-18 12:03:20 | INFO     | trading_bot.data.market_data | Pruned 2 stale IBKR streams — now 46/95
2026-08-18 12:03:20 | INFO     | trading_bot.broker.ibkr | Subscribed to 2 live market data streams
2026-08-18 12:03:20 | INFO     | trading_bot.data.market_data | IBKR streaming active for 48 symbols
2026-08-18 12:06:12 | WARNING  | trading_bot.engine   | SLOW CYCLE (176.7s total): update_data=172.3s
2026-08-18 12:06:15 | INFO     | trading_bot.engine   | CRYPTO FAST LANE HEARTBEAT (mean_reversion): universe=42 | WAIT[31]: ADA-USD(weak 3d trend (-1.9%)), ALGO-USD(weak 3d trend (-2.0%)), APT-USD(weak 3d trend (-2.4%)), ARB-USD(weak 3d trend (+0.5%)), ATOM-USD(weak 3d trend (-3.3%)), AVAX-USD(weak 3d trend (-2.7%)), BONK-USD(weak 3d trend (-0.8%)), CRV-USD(weak 3d trend (+0.0%)), DOGE-USD(weak 3d trend (+0.4%)), DOT-USD(weak 3d trend (-4.0%)), FET-USD(weak 3d trend (-7.7%)), FLOKI-USD(weak 3d trend (-1.9%)), GRT-USD(weak 3d trend (-5.1%)), HBAR-USD(weak 3d trend (+0.6%)), ICP-USD(weak 3d trend (-3.0%)), IMX-USD(weak 3d trend (-15.2%)), JUP-USD(weak 3d trend (+0.4%)), LINK-USD(weak 3d trend (-0.3%)), LTC-USD(weak 3d trend (-0.1%)), NEAR-USD(weak 3d trend (+0.1%)), OP-USD(weak 3d trend (-3.5%)), PEPE-USD(weak 3d trend (-1.1%)), RNDR-USD(weak 3d trend (+0.2%)), SEI-USD(weak 3d trend (-2.4%)), SHIB-USD(weak 3d trend (-3.5%)), SNX-USD(weak 3d trend (+0.0%)), SUI-USD(weak 3d trend (-3.9%)), TON-USD(weak 3d trend (-5.1%)), TRX-USD(weak 3d trend (+0.1%)), XLM-USD(weak 3d trend (-1.9%)), XRP-USD(weak 3d trend (+0.2%)) | warming=4 | neutral=5 | no_data=2
2026-08-18 12:06:22 | INFO     | trading_bot.broker.ibkr | IBKR scanner [TOP_PERC_GAIN]: 50 results
2026-08-18 12:06:24 | INFO     | trading_bot.broker.ibkr | IBKR scanner [MOST_ACTIVE]: 30 results
2026-08-18 12:06:25 | INFO     | trading_bot.broker.ibkr | IBKR scanner [HOT_BY_VOLUME]: 30 results
2026-08-18 12:06:25 | INFO     | trading_bot.broker.ibkr | IBKR scanner [HIGH_OPEN_GAP]: 30 results
2026-08-18 12:06:26 | INFO     | trading_bot.broker.ibkr | IBKR scanner [TOP_PERC_LOSE]: 20 results
2026-08-18 12:06:26 | INFO     | trading_bot.engine   | IBKR scanner: 117 unique symbols discovered | 50 gainers, 6 gaps, 20 losers
2026-08-18 12:06:27 | INFO     | trading_bot.engine   | Injected 1 runners into all strategies
2026-08-18 12:06:27 | INFO     | trading_bot.engine   | SYMBOL PRUNE: removed 9 stale symbols across strategies
2026-08-18 12:06:27 | INFO     | trading_bot.engine   | UNIVERSE CAP: working set 90 symbols (trimmed 109 low-priority equity names; max 90)
2026-08-18 12:06:27 | INFO     | trading_bot.data.market_data | Pruned 1 stale IBKR streams — now 47/95
2026-08-18 12:06:27 | INFO     | trading_bot.broker.ibkr | Subscribed to 1 live market data streams
2026-08-18 12:06:27 | INFO     | trading_bot.data.market_data | IBKR streaming active for 48 symbols
2026-08-18 12:09:24 | WARNING  | trading_bot.engine   | SLOW CYCLE (183.2s total): update_data=177.7s, discover=5.4s
2026-08-18 12:09:27 | INFO     | trading_bot.engine   | CRYPTO FAST LANE HEARTBEAT (mean_reversion): universe=42 | WAIT[31]: ADA-USD(weak 3d trend (-1.9%)), ALGO-USD(weak 3d trend (-2.0%)), APT-USD(weak 3d trend (-2.4%)), ARB-USD(weak 3d trend (+0.5%)), ATOM-USD(weak 3d trend (-4.5%)), AVAX-USD(weak 3d trend (-2.6%)), BONK-USD(weak 3d trend (-0.8%)), CRV-USD(weak 3d trend (+0.0%)), DOGE-USD(weak 3d trend (+0.4%)), DOT-USD(weak 3d trend (-3.1%)), FET-USD(weak 3d trend (-7.9%)), FLOKI-USD(weak 3d trend (-1.9%)), GRT-USD(weak 3d trend (-5.1%)), HBAR-USD(weak 3d trend (+0.6%)), ICP-USD(weak 3d trend (-3.0%)), IMX-USD(weak 3d trend (-15.2%)), JUP-USD(weak 3d trend (+0.4%)), LINK-USD(weak 3d trend (-0.4%)), LTC-USD(weak 3d trend (+0.0%)), NEAR-USD(weak 3d trend (+0.1%)), OP-USD(weak 3d trend (-3.5%)), PEPE-USD(weak 3d trend (-1.1%)), RNDR-USD(weak 3d trend (-0.2%)), SEI-USD(weak 3d trend (-2.4%)), SHIB-USD(weak 3d trend (-3.5%)), SNX-USD(weak 3d trend (+0.0%)), SUI-USD(weak 3d trend (-3.9%)), TON-USD(weak 3d trend (-5.1%)), TRX-USD(weak 3d trend (+0.1%)), XLM-USD(weak 3d trend (-1.9%)), XRP-USD(weak 3d trend (+0.1%)) | warming=4 | neutral=5 | no_data=2
2026-08-18 12:09:34 | INFO     | trading_bot.broker.ibkr | IBKR scanner [TOP_PERC_GAIN]: 50 results
2026-08-18 12:09:35 | INFO     | trading_bot.broker.ibkr | IBKR scanner [MOST_ACTIVE]: 30 results
2026-08-18 12:09:36 | INFO     | trading_bot.broker.ibkr | IBKR scanner [HOT_BY_VOLUME]: 30 results
2026-08-18 12:09:37 | INFO     | trading_bot.broker.ibkr | IBKR scanner [HIGH_OPEN_GAP]: 30 results
2026-08-18 12:09:38 | INFO     | trading_bot.broker.ibkr | IBKR scanner [TOP_PERC_LOSE]: 20 results
2026-08-18 12:09:38 | INFO     | trading_bot.engine   | IBKR scanner: 118 unique symbols discovered | 50 gainers, 6 gaps, 20 losers
2026-08-18 12:09:38 | INFO     | trading_bot.engine   | Injected 1 runners into all strategies
2026-08-18 12:09:38 | INFO     | trading_bot.engine   | SYMBOL PRUNE: removed 9 stale symbols across strategies
2026-08-18 12:09:38 | INFO     | trading_bot.engine   | UNIVERSE CAP: working set 90 symbols (trimmed 108 low-priority equity names; max 90)
2026-08-18 12:09:38 | INFO     | trading_bot.data.market_data | Pruned 1 stale IBKR streams — now 47/95
2026-08-18 12:09:38 | INFO     | trading_bot.broker.ibkr | Subscribed to 1 live market data streams
2026-08-18 12:09:38 | INFO     | trading_bot.data.market_data | IBKR streaming active for 48 symbols
2026-08-18 12:13:30 | INFO     | trading_bot.strategy.daily_trend_rider | TREND RIDER: 2 candidates from 156 scanned — IPST, WETO
2026-08-18 12:13:30 | WARNING  | trading_bot.engine   | SLOW CYCLE (236.7s total): update_data=189.9s, run_strategies=42.1s
2026-08-18 12:13:33 | INFO     | trading_bot.engine   | CRYPTO FAST LANE HEARTBEAT (mean_reversion): universe=42 | WAIT[31]: ADA-USD(weak 3d trend (-1.9%)), ALGO-USD(weak 3d trend (-2.0%)), APT-USD(weak 3d trend (-2.4%)), ARB-USD(weak 3d trend (+0.5%)), ATOM-USD(weak 3d trend (-4.5%)), AVAX-USD(weak 3d trend (-2.6%)), BONK-USD(weak 3d trend (-0.8%)), CRV-USD(weak 3d trend (+0.0%)), DOGE-USD(weak 3d trend (+0.4%)), DOT-USD(weak 3d trend (-3.1%)), FET-USD(weak 3d trend (-7.9%)), FLOKI-USD(weak 3d trend (-1.9%)), GRT-USD(weak 3d trend (-5.1%)), HBAR-USD(weak 3d trend (+0.6%)), ICP-USD(weak 3d trend (-3.0%)), IMX-USD(weak 3d trend (-15.2%)), JUP-USD(weak 3d trend (+0.4%)), LINK-USD(weak 3d trend (-0.4%)), LTC-USD(weak 3d trend (+0.0%)), NEAR-USD(weak 3d trend (+0.1%)), OP-USD(weak 3d trend (-3.5%)), PEPE-USD(weak 3d trend (-1.1%)), RNDR-USD(weak 3d trend (-0.2%)), SEI-USD(weak 3d trend (-2.4%)), SHIB-USD(weak 3d trend (-3.5%)), SNX-USD(weak 3d trend (+0.0%)), SUI-USD(weak 3d trend (-3.9%)), TON-USD(weak 3d trend (-5.1%)), TRX-USD(weak 3d trend (+0.1%)), XLM-USD(weak 3d trend (-1.9%)), XRP-USD(weak 3d trend (+0.1%)) | warming=4 | neutral=5 | no_data=2
2026-08-18 12:13:40 | INFO     | trading_bot.broker.ibkr | IBKR scanner [TOP_PERC_GAIN]: 50 results
2026-08-18 12:13:41 | INFO     | trading_bot.broker.ibkr | IBKR scanner [MOST_ACTIVE]: 30 results
2026-08-18 12:13:42 | INFO     | trading_bot.broker.ibkr | IBKR scanner [HOT_BY_VOLUME]: 30 results
2026-08-18 12:13:43 | INFO     | trading_bot.broker.ibkr | IBKR scanner [HIGH_OPEN_GAP]: 30 results
2026-08-18 12:13:43 | INFO     | trading_bot.broker.ibkr | IBKR scanner [TOP_PERC_LOSE]: 20 results
2026-08-18 12:13:43 | INFO     | trading_bot.engine   | IBKR scanner: 118 unique symbols discovered | 50 gainers, 6 gaps, 20 losers
2026-08-18 12:13:44 | INFO     | trading_bot.engine   | Injected 1 runners into all strategies
2026-08-18 12:13:44 | INFO     | trading_bot.engine   | SYMBOL PRUNE: removed 12 stale symbols across strategies
2026-08-18 12:13:44 | INFO     | trading_bot.engine   | UNIVERSE CAP: working set 90 symbols (trimmed 106 low-priority equity names; max 90)
2026-08-18 12:13:44 | INFO     | trading_bot.data.market_data | Pruned 1 stale IBKR streams — now 47/95
2026-08-18 12:13:44 | INFO     | trading_bot.broker.ibkr | Subscribed to 1 live market data streams
2026-08-18 12:13:44 | INFO     | trading_bot.data.market_data | IBKR streaming active for 48 symbols
2026-08-18 12:17:06 | WARNING  | trading_bot.engine   | SLOW CYCLE (207.0s total): update_data=202.5s
2026-08-18 12:17:06 | INFO     | trading_bot.engine   | CYCLE #223: regime=sideways | signals=0->approved=0 | positions=0/15 | bars_warm=198/198 | equity_open=True | pm=False pwr_hr=False
2026-08-18 12:17:09 | INFO     | trading_bot.engine   | CRYPTO FAST LANE HEARTBEAT (mean_reversion): universe=42 | WAIT[32]: ADA-USD(weak 3d trend (-2.1%)), ALGO-USD(weak 3d trend (-2.0%)), APT-USD(weak 3d trend (-2.4%)), ARB-USD(weak 3d trend (+0.5%)), ATOM-USD(weak 3d trend (-3.1%)), AVAX-USD(weak 3d trend (-2.1%)), BONK-USD(weak 3d trend (-0.8%)), CRV-USD(weak 3d trend (+0.0%)), DOGE-USD(weak 3d trend (+0.4%)), DOT-USD(weak 3d trend (-3.1%)), ETC-USD(weak 3d trend (-2.9%)), FET-USD(weak 3d trend (-7.9%)), FLOKI-USD(weak 3d trend (-1.9%)), GRT-USD(weak 3d trend (-5.1%)), HBAR-USD(weak 3d trend (+0.6%)), ICP-USD(weak 3d trend (-3.0%)), IMX-USD(weak 3d trend (-15.2%)), JUP-USD(weak 3d trend (+0.4%)), LINK-USD(weak 3d trend (+0.1%)), LTC-USD(weak 3d trend (+0.0%)), NEAR-USD(weak 3d trend (+0.1%)), OP-USD(weak 3d trend (-3.5%)), PEPE-USD(weak 3d trend (-1.1%)), RNDR-USD(weak 3d trend (-0.2%)), SEI-USD(weak 3d trend (-2.4%)), SHIB-USD(weak 3d trend (-3.5%)), SNX-USD(weak 3d trend (+0.0%)), SUI-USD(weak 3d trend (-3.9%)), TON-USD(weak 3d trend (-5.1%)), TRX-USD(weak 3d trend (+0.1%)), XLM-USD(weak 3d trend (-1.9%)), XRP-USD(weak 3d trend (+0.0%)) | warming=5 | neutral=3 | no_data=2
2026-08-18 12:17:16 | INFO     | trading_bot.broker.ibkr | IBKR scanner [TOP_PERC_GAIN]: 50 results
2026-08-18 12:17:17 | INFO     | trading_bot.broker.ibkr | IBKR scanner [MOST_ACTIVE]: 30 results
2026-08-18 12:17:18 | INFO     | trading_bot.broker.ibkr | IBKR scanner [HOT_BY_VOLUME]: 30 results
2026-08-18 12:17:19 | INFO     | trading_bot.broker.ibkr | IBKR scanner [HIGH_OPEN_GAP]: 30 results
2026-08-18 12:17:20 | INFO     | trading_bot.broker.ibkr | IBKR scanner [TOP_PERC_LOSE]: 20 results
2026-08-18 12:17:20 | INFO     | trading_bot.engine   | IBKR scanner: 118 unique symbols discovered | 50 gainers, 6 gaps, 20 losers
2026-08-18 12:17:20 | INFO     | trading_bot.engine   | Injected 1 runners into all strategies
2026-08-18 12:17:20 | INFO     | trading_bot.engine   | SYMBOL PRUNE: removed 3 stale symbols across strategies
2026-08-18 12:17:20 | INFO     | trading_bot.engine   | UNIVERSE CAP: working set 90 symbols (trimmed 107 low-priority equity names; max 90)
2026-08-18 12:17:20 | INFO     | trading_bot.data.market_data | Pruned 1 stale IBKR streams — now 47/95
2026-08-18 12:17:20 | INFO     | trading_bot.broker.ibkr | Subscribed to 1 live market data streams
2026-08-18 12:17:20 | INFO     | trading_bot.data.market_data | IBKR streaming active for 48 symbols
2026-08-18 12:20:06 | INFO     | trading_bot.engine   | DATA COVERAGE: 81/90 symbols have bars, 90/90 have prices | IBKR blacklisted: 42
2026-08-18 12:20:06 | WARNING  | trading_bot.engine   | SLOW CYCLE (171.1s total): update_data=166.5s
2026-08-18 12:20:09 | INFO     | trading_bot.engine   | CRYPTO FAST LANE HEARTBEAT (mean_reversion): universe=42 | WAIT[32]: ADA-USD(weak 3d trend (-2.1%)), ALGO-USD(weak 3d trend (-2.5%)), APT-USD(weak 3d trend (-2.4%)), ARB-USD(weak 3d trend (+0.5%)), ATOM-USD(weak 3d trend (-3.1%)), AVAX-USD(weak 3d trend (-2.1%)), BONK-USD(weak 3d trend (-0.8%)), CRV-USD(weak 3d trend (+0.0%)), DOGE-USD(weak 3d trend (+0.4%)), DOT-USD(weak 3d trend (-3.1%)), ETC-USD(weak 3d trend (-2.9%)), FET-USD(weak 3d trend (-7.9%)), FLOKI-USD(weak 3d trend (-1.9%)), GRT-USD(weak 3d trend (-5.1%)), HBAR-USD(weak 3d trend (+0.8%)), ICP-USD(weak 3d trend (-3.0%)), IMX-USD(weak 3d trend (-15.2%)), JUP-USD(weak 3d trend (+0.4%)), LINK-USD(weak 3d trend (+0.1%)), LTC-USD(weak 3d trend (-0.0%)), NEAR-USD(weak 3d trend (+0.1%)), OP-USD(weak 3d trend (-3.5%)), PEPE-USD(weak 3d trend (-1.1%)), RNDR-USD(weak 3d trend (-0.2%)), SEI-USD(weak 3d trend (-2.4%)), SHIB-USD(weak 3d trend (-3.5%)), SNX-USD(weak 3d trend (+0.0%)), SUI-USD(weak 3d trend (-3.9%)), TON-USD(weak 3d trend (-5.1%)), TRX-USD(weak 3d trend (+0.0%)), XLM-USD(weak 3d trend (-2.2%)), XRP-USD(weak 3d trend (-0.1%)) | warming=4 | neutral=4 | no_data=2
2026-08-18 12:20:15 | INFO     | trading_bot.engine   | CRYPTO INJECT: 42 symbols (AAVE-USD, ADA-USD, ALGO-USD, APT-USD, ARB-USD, ATOM-USD, AVAX-USD, BONK-USD, BTC-USD, COMP-USD, CRV-USD, DOGE-USD, DOT-USD, ETC-USD, ETH-USD, FET-USD, FLOKI-USD, GRT-USD, HBAR-USD, ICP-USD, IMX-USD, JUP-USD, LINK-USD, LTC-USD, MATIC-USD, MKR-USD, NEAR-USD, OP-USD, PEPE-USD, RNDR-USD, SEI-USD, SHIB-USD, SNX-USD, SOL-USD, SUI-USD, TIA-USD, TON-USD, TRX-USD, UNI-USD, WIF-USD, XLM-USD, XRP-USD) → mean_reversion(50 dyn), momentum(50 dyn), crypto_runner(42 dyn)
2026-08-18 12:20:17 | INFO     | trading_bot.broker.ibkr | IBKR scanner [TOP_PERC_GAIN]: 50 results
2026-08-18 12:20:17 | INFO     | trading_bot.broker.ibkr | IBKR scanner [MOST_ACTIVE]: 30 results
2026-08-18 12:20:18 | INFO     | trading_bot.broker.ibkr | IBKR scanner [HOT_BY_VOLUME]: 30 results
2026-08-18 12:20:19 | INFO     | trading_bot.broker.ibkr | IBKR scanner [HIGH_OPEN_GAP]: 30 results
2026-08-18 12:20:20 | INFO     | trading_bot.broker.ibkr | IBKR scanner [TOP_PERC_LOSE]: 20 results
2026-08-18 12:20:20 | INFO     | trading_bot.engine   | IBKR scanner: 118 unique symbols discovered | 50 gainers, 6 gaps, 20 losers
2026-08-18 12:20:20 | INFO     | trading_bot.engine   | Injected 1 runners into all strategies
2026-08-18 12:20:20 | INFO     | trading_bot.engine   | UNIVERSE CAP: working set 90 symbols (trimmed 107 low-priority equity names; max 90)
2026-08-18 12:20:46 | INFO     | trading_bot.signals.politician_tracker | Checking for new politician trade disclosures...
2026-08-18 12:23:12 | WARNING  | trading_bot.engine   | SLOW CYCLE (176.7s total): update_data=171.8s
2026-08-18 12:23:15 | INFO     | trading_bot.engine   | CRYPTO FAST LANE HEARTBEAT (mean_reversion): universe=42 | WAIT[32]: ADA-USD(weak 3d trend (-2.2%)), ALGO-USD(weak 3d trend (-2.5%)), APT-USD(weak 3d trend (-2.4%)), ARB-USD(weak 3d trend (+0.5%)), ATOM-USD(weak 3d trend (-3.1%)), AVAX-USD(weak 3d trend (-2.5%)), BONK-USD(weak 3d trend (-0.8%)), CRV-USD(weak 3d trend (+0.0%)), DOGE-USD(weak 3d trend (+0.4%)), DOT-USD(weak 3d trend (-3.1%)), ETC-USD(weak 3d trend (-2.9%)), FET-USD(weak 3d trend (-7.9%)), FLOKI-USD(weak 3d trend (-1.9%)), GRT-USD(weak 3d trend (-5.1%)), HBAR-USD(weak 3d trend (+0.5%)), ICP-USD(weak 3d trend (-3.0%)), IMX-USD(weak 3d trend (-15.2%)), JUP-USD(weak 3d trend (+0.4%)), LINK-USD(weak 3d trend (-0.7%)), LTC-USD(weak 3d trend (-0.0%)), NEAR-USD(weak 3d trend (+0.1%)), OP-USD(weak 3d trend (-3.5%)), PEPE-USD(weak 3d trend (-1.1%)), RNDR-USD(weak 3d trend (-0.2%)), SEI-USD(weak 3d trend (-2.4%)), SHIB-USD(weak 3d trend (-3.5%)), SNX-USD(weak 3d trend (+0.0%)), SUI-USD(weak 3d trend (-3.9%)), TON-USD(weak 3d trend (-5.1%)), TRX-USD(weak 3d trend (+0.0%)), XLM-USD(weak 3d trend (-2.2%)), XRP-USD(weak 3d trend (-0.1%)) | warming=4 | neutral=4 | no_data=2
2026-08-18 12:23:22 | INFO     | trading_bot.broker.ibkr | IBKR scanner [TOP_PERC_GAIN]: 50 results
2026-08-18 12:23:23 | INFO     | trading_bot.broker.ibkr | IBKR scanner [MOST_ACTIVE]: 30 results
2026-08-18 12:23:24 | INFO     | trading_bot.broker.ibkr | IBKR scanner [HOT_BY_VOLUME]: 30 results
2026-08-18 12:23:25 | INFO     | trading_bot.broker.ibkr | IBKR scanner [HIGH_OPEN_GAP]: 30 results
2026-08-18 12:23:26 | INFO     | trading_bot.broker.ibkr | IBKR scanner [TOP_PERC_LOSE]: 20 results
2026-08-18 12:23:26 | INFO     | trading_bot.engine   | IBKR scanner: 118 unique symbols discovered | 50 gainers, 6 gaps, 20 losers
2026-08-18 12:23:26 | INFO     | trading_bot.engine   | Injected 1 runners into all strategies
2026-08-18 12:23:26 | INFO     | trading_bot.engine   | SYMBOL PRUNE: removed 9 stale symbols across strategies
2026-08-18 12:23:26 | INFO     | trading_bot.engine   | UNIVERSE CAP: working set 90 symbols (trimmed 104 low-priority equity names; max 90)
2026-08-18 12:23:26 | INFO     | trading_bot.data.market_data | Pruned 2 stale IBKR streams — now 46/95
2026-08-18 12:23:26 | INFO     | trading_bot.broker.ibkr | Subscribed to 2 live market data streams
2026-08-18 12:23:26 | INFO     | trading_bot.data.market_data | IBKR streaming active for 48 symbols
2026-08-18 12:26:18 | WARNING  | trading_bot.engine   | SLOW CYCLE (177.0s total): update_data=172.2s
2026-08-18 12:26:21 | INFO     | trading_bot.engine   | CRYPTO FAST LANE HEARTBEAT (mean_reversion): universe=42 | WAIT[33]: ADA-USD(weak 3d trend (-2.2%)), ALGO-USD(weak 3d trend (-2.5%)), APT-USD(weak 3d trend (-2.4%)), ARB-USD(weak 3d trend (+0.5%)), ATOM-USD(weak 3d trend (-3.1%)), AVAX-USD(weak 3d trend (-2.6%)), BONK-USD(weak 3d trend (-0.8%)), CRV-USD(weak 3d trend (+0.0%)), DOGE-USD(weak 3d trend (+0.4%)), DOT-USD(weak 3d trend (-3.1%)), ETC-USD(weak 3d trend (-2.9%)), FET-USD(weak 3d trend (-7.9%)), FLOKI-USD(weak 3d trend (-1.9%)), GRT-USD(weak 3d trend (-5.1%)), HBAR-USD(weak 3d trend (+0.5%)), ICP-USD(weak 3d trend (-3.0%)), IMX-USD(weak 3d trend (-15.2%)), JUP-USD(weak 3d trend (+0.4%)), LINK-USD(weak 3d trend (-0.7%)), LTC-USD(weak 3d trend (-0.0%)), NEAR-USD(weak 3d trend (+0.1%)), OP-USD(weak 3d trend (-3.5%)), PEPE-USD(weak 3d trend (-1.1%)), RNDR-USD(weak 3d trend (-0.2%)), SEI-USD(weak 3d trend (-2.4%)), SHIB-USD(weak 3d trend (-3.5%)), SNX-USD(weak 3d trend (+0.0%)), SUI-USD(weak 3d trend (-3.9%)), TON-USD(weak 3d trend (-5.1%)), TRX-USD(weak 3d trend (+0.0%)), UNI-USD(weak 3d trend (+0.9%)), XLM-USD(weak 3d trend (-2.2%)), XRP-USD(weak 3d trend (-0.1%)) | warming=3 | neutral=4 | no_data=2
2026-08-18 12:26:28 | INFO     | trading_bot.broker.ibkr | IBKR scanner [TOP_PERC_GAIN]: 50 results
2026-08-18 12:26:29 | INFO     | trading_bot.broker.ibkr | IBKR scanner [MOST_ACTIVE]: 30 results
2026-08-18 12:26:30 | INFO     | trading_bot.broker.ibkr | IBKR scanner [HOT_BY_VOLUME]: 30 results
2026-08-18 12:26:31 | INFO     | trading_bot.broker.ibkr | IBKR scanner [HIGH_OPEN_GAP]: 30 results
2026-08-18 12:26:32 | INFO     | trading_bot.broker.ibkr | IBKR scanner [TOP_PERC_LOSE]: 20 results
2026-08-18 12:26:32 | INFO     | trading_bot.engine   | IBKR scanner: 118 unique symbols discovered | 50 gainers, 6 gaps, 20 losers
2026-08-18 12:26:32 | INFO     | trading_bot.engine   | Injected 1 runners into all strategies
2026-08-18 12:26:32 | INFO     | trading_bot.engine   | SYMBOL PRUNE: removed 6 stale symbols across strategies
2026-08-18 12:26:32 | INFO     | trading_bot.engine   | UNIVERSE CAP: working set 90 symbols (trimmed 103 low-priority equity names; max 90)
2026-08-18 12:26:32 | INFO     | trading_bot.data.market_data | Pruned 1 stale IBKR streams — now 47/95
2026-08-18 12:26:32 | INFO     | trading_bot.broker.ibkr | Subscribed to 1 live market data streams
2026-08-18 12:26:32 | INFO     | trading_bot.data.market_data | IBKR streaming active for 48 symbols
2026-08-18 12:29:30 | WARNING  | trading_bot.engine   | SLOW CYCLE (182.9s total): update_data=178.3s
2026-08-18 12:29:33 | INFO     | trading_bot.engine   | CRYPTO FAST LANE HEARTBEAT (mean_reversion): universe=42 | WAIT[33]: ADA-USD(weak 3d trend (-2.2%)), ALGO-USD(weak 3d trend (-2.5%)), APT-USD(weak 3d trend (-2.4%)), ARB-USD(weak 3d trend (+0.5%)), ATOM-USD(weak 3d trend (-3.1%)), AVAX-USD(weak 3d trend (-2.6%)), BONK-USD(weak 3d trend (-0.8%)), CRV-USD(weak 3d trend (+0.0%)), DOGE-USD(weak 3d trend (+0.4%)), DOT-USD(weak 3d trend (-3.1%)), ETC-USD(weak 3d trend (-2.9%)), FET-USD(weak 3d trend (-7.9%)), FLOKI-USD(weak 3d trend (-1.9%)), GRT-USD(weak 3d trend (-5.1%)), HBAR-USD(weak 3d trend (+0.5%)), ICP-USD(weak 3d trend (-3.0%)), IMX-USD(weak 3d trend (-15.2%)), JUP-USD(weak 3d trend (+0.4%)), LINK-USD(weak 3d trend (-0.7%)), LTC-USD(weak 3d trend (-0.0%)), NEAR-USD(weak 3d trend (+0.1%)), OP-USD(weak 3d trend (-3.5%)), PEPE-USD(weak 3d trend (-1.1%)), RNDR-USD(weak 3d trend (-0.2%)), SEI-USD(weak 3d trend (-2.4%)), SHIB-USD(weak 3d trend (-3.5%)), SNX-USD(weak 3d trend (+0.0%)), SUI-USD(weak 3d trend (-3.9%)), TON-USD(weak 3d trend (-5.1%)), TRX-USD(weak 3d trend (+0.0%)), UNI-USD(weak 3d trend (+0.9%)), XLM-USD(weak 3d trend (-2.2%)), XRP-USD(weak 3d trend (-0.0%)) | warming=2 | neutral=5 | no_data=2
2026-08-18 12:29:40 | INFO     | trading_bot.broker.ibkr | IBKR scanner [TOP_PERC_GAIN]: 50 results
2026-08-18 12:29:41 | INFO     | trading_bot.broker.ibkr | IBKR scanner [MOST_ACTIVE]: 30 results
2026-08-18 12:29:43 | INFO     | trading_bot.broker.ibkr | IBKR scanner [HOT_BY_VOLUME]: 30 results
2026-08-18 12:29:43 | INFO     | trading_bot.broker.ibkr | IBKR scanner [HIGH_OPEN_GAP]: 30 results
2026-08-18 12:29:44 | INFO     | trading_bot.broker.ibkr | IBKR scanner [TOP_PERC_LOSE]: 20 results
2026-08-18 12:29:44 | INFO     | trading_bot.engine   | IBKR scanner: 117 unique symbols discovered | 50 gainers, 6 gaps, 20 losers
2026-08-18 12:29:44 | INFO     | trading_bot.engine   | Injected 1 runners into all strategies
2026-08-18 12:29:44 | INFO     | trading_bot.engine   | UNIVERSE CAP: working set 90 symbols (trimmed 105 low-priority equity names; max 90)
2026-08-18 12:29:44 | INFO     | trading_bot.data.market_data | Pruned 1 stale IBKR streams — now 47/95
2026-08-18 12:29:45 | INFO     | trading_bot.broker.ibkr | Subscribed to 1 live market data streams
2026-08-18 12:29:45 | INFO     | trading_bot.data.market_data | IBKR streaming active for 48 symbols
2026-08-18 12:30:00 | INFO     | trading_bot.engine   | === AUTO-TUNE CYCLE ===
2026-08-18 12:30:00 | INFO     | trading_bot.learning.auto_tuner | === AUTO-TUNER: Starting autonomous optimization ===
